frame_num,left_ear,right_ear,ear,mar,phi,theta,label,valid
1,0.5106291780076003,0.43769116019059107,0.4741601690990957,0.008050570115284308,-30.94992499966609,71.98973974530638,1,1
2,0.5153045247125215,0.44774040372423135,0.4815224642183764,0.008886536578370604,-30.636217477851737,71.91832446739033,1,1
3,0.5123842814027977,0.44811813216188,0.48025120678233885,0.007861034253501827,-30.61255367774585,71.90732094435583,1,1
4,0.5147664490249434,0.45044499281358286,0.4826057209192631,0.006870986846772237,-30.630716204693098,71.90541067963777,1,1
5,0.5094653514295702,0.44210791085611906,0.4757866311428446,0.006713897580760342,-30.64300645162477,71.89634726761112,1,1
6,0.5060625253347565,0.44125998416701245,0.4736612547508845,0.006067340933773492,-30.272992123314914,71.79427418514946,1,1
7,0.5062734297888474,0.4440951410835561,0.4751842854362017,0.004659843439374397,-30.49180314289742,71.84549483672936,1,1
8,0.5158686027296852,0.4481947178542854,0.4820316602919853,0.005572552139652529,-29.923458037920557,71.71276613926251,1,1
9,0.5121594394815209,0.4446157365187762,0.4783875880001485,0.005586455673819788,-29.462739182340567,71.56446663471635,1,1
10,0.4964259690492565,0.43936619225115553,0.46789608065020605,0.005110031601224716,-30.13791061293145,71.76684797004825,1,1
11,0.5141783043348409,0.44763828319643023,0.4809082937656356,0.005858461418442382,-30.239226178658964,71.78772098403695,1,1
12,0.5148128714141662,0.4531273408528269,0.48397010613349656,0.004153950627471038,-29.257655905241524,71.5281435483353,1,1
13,0.4986069137414864,0.4366891589092879,0.46764803632538715,0.0072979010478775854,-28.926942081311417,71.411567661922,1,1
14,0.4985741606501258,0.4355927803037389,0.4670834704769323,0.007030651774585428,-29.293493269982832,71.5366860290981,1,1
15,0.521059570728284,0.45987667248173625,0.49046812160501013,0.004849654995317424,-26.07661900012218,71.2144471888424,1,1
16,0.5112082793379223,0.45223510390042,0.48172169161917117,0.005628742615677053,-29.044356505321844,71.46200443479661,1,1
17,0.5055479007334702,0.44513966612040806,0.47534378342693917,0.006105928875724163,-29.993297286713442,71.61037539144245,1,1
18,0.5059608964503833,0.44617889732122895,0.47606989688580614,0.006949328839071713,-29.6805914774469,71.5110964274756,1,1
19,0.5257792968215869,0.4581860415880398,0.49198266920481337,0.007850193923108281,-30.114504376629863,71.75314269769625,1,1
20,0.5209396344908243,0.4517633071841939,0.48635147083750907,0.008955238077132291,-29.263485270850516,71.47066519294279,1,1
21,0.5309305535633245,0.4645875450763548,0.49775904931983966,0.007611714167828742,-29.337100159877288,71.49280586267493,1,1
22,0.5137518153899328,0.4544389913689144,0.4840954033794236,0.00906402379041809,-30.364565254299325,71.75497507974936,1,1
23,0.5116565078746161,0.4534350419326059,0.48254577490361106,0.009647323718136057,-29.966705284422392,71.57185195280216,1,1
24,0.5280180325307509,0.4618980773598283,0.49495805494528955,0.008004467118032104,-28.943751747512554,71.43897260828636,1,1
25,0.5012527151688061,0.4470891252968284,0.47417092023281726,0.008643962982496443,-30.71143070327694,71.86473514274536,1,1
26,0.4977569709072862,0.4399529322412241,0.46885495157425516,0.007430994888618309,-30.71258434648908,71.87255229690201,1,1
27,0.49276378990083686,0.4415099034964434,0.46713684669864014,0.00868385481062039,-30.66688367667575,71.85710915836006,1,1
28,0.48040083257301863,0.41665741887028646,0.44852912572165254,0.008261248093223181,-30.57008829850281,71.83144236250779,1,1
29,0.46456318272515706,0.39774698675448084,0.43115508473981895,0.008312351804514838,-133.67929398736808,34.564427021160434,1,1
30,0.4287818619329249,0.36076986476940803,0.39477586335116643,0.0065339964275168355,-134.25231342267014,34.60436180665519,1,1
31,0.4412441473504911,0.36959604465618645,0.4054200960033388,0.006027599398802387,-135.65211564837887,35.39692608288198,1,1
32,0.47176006151672567,0.39280498543522485,0.4322825234759753,0.006692471191302904,-134.9116249941601,34.91366039890432,1,1
33,0.4785388774181347,0.41371168586895274,0.4461252816435437,0.0065471270127216135,-30.618870011204166,71.80598862179777,1,1
34,0.4917483103043927,0.4222610391836243,0.4570046747440085,0.0072259581940309825,-135.27665374372745,34.89705717352992,1,1
35,0.4842997742606656,0.41955730609517183,0.4519285401779187,0.0077561924232839976,-134.2187953946847,35.276307398955794,1,1
36,0.5131505855507557,0.4385927904171753,0.4758716879839655,0.011268915351374103,-134.6914162411546,35.46289440751612,1,1
37,0.4954036906001768,0.4300800292125742,0.4627418599063755,0.011310780046923598,-135.62723773976307,31.809661407657345,1,1
38,0.49475085855394857,0.43093715153863055,0.46284400504628953,0.011116914444746615,-134.37514296569367,34.08710901923812,1,1
39,0.47903687218217167,0.4243286931677733,0.45168278267497247,0.015467947181673295,-134.71555761117355,33.71726279449955,1,1
40,0.49129576999070657,0.43409941705435273,0.46269759352252965,0.022651290717061057,-134.76291045383547,32.118637575360346,1,1
41,0.4915188026267281,0.43018788424564314,0.4608533434361856,0.019695931019824493,-134.40752656031555,34.06067702101254,1,1
42,0.4805753522781455,0.422568707303285,0.45157202979071526,0.055602915582285695,-135.05429939374233,34.40948790213768,1,1
43,0.5085829177631205,0.44265457022647947,0.4756187439948,0.07119892227960326,-134.1228718226371,34.96121851096349,1,1
44,0.5116797271472354,0.4451806805982773,0.47843020387275637,0.11710402751112743,-134.08094086461858,34.15286242583487,1,1
45,0.5122464464366575,0.4458421595230843,0.4790443029798709,0.12810478629290661,-134.06399179493135,33.641412803304,1,1
46,0.5125160406284707,0.4429941277341044,0.47775508418128754,0.14200246276564135,-134.03214674029815,33.48757771319087,1,1
47,0.5060961563020743,0.4388696121959135,0.4724828842489939,0.17984735554391054,-135.16233473673077,34.312393802573524,1,1
48,0.4939350590830816,0.4293315459221513,0.46163330250261647,0.1722060376809384,-135.4069661356339,33.86655711246346,1,1
49,0.5187794442015763,0.44083452492594943,0.47980698456376286,0.170440065525595,-137.26817381101532,35.25496777032115,1,1
50,0.5101885800120527,0.43510672560116215,0.4726476528066074,0.18468289822804415,-138.26759859948126,33.303659661731025,1,1
51,0.5132800910694616,0.43874496201685204,0.47601252654315684,0.2276742524804643,-136.8238949361432,34.972852457581325,1,1
52,0.5206530534003664,0.4447332768188083,0.4826931651095874,0.23259369261568985,-136.42101996738862,34.17497203824721,1,1
53,0.5128972304607402,0.439184656827621,0.4760409436441806,0.24340502220148977,-137.16852015612997,32.02564467977266,1,1
54,0.5284540867609676,0.46009025996384306,0.49427217336240536,0.2594144424936705,-139.7044286311243,34.31780501305096,1,1
55,0.5362953103699313,0.46603322881760834,0.5011642695937698,0.25019656687289077,-138.80843043376407,33.65374216585212,1,1
56,0.5214777137592862,0.45392008329736994,0.48769889852832804,0.26915272981288807,-139.54625590798085,33.97501696458652,1,1
57,0.5282128626529711,0.45990429905245434,0.4940585808527127,0.2654469430287503,-139.69400074884763,34.346773987521125,1,1
58,0.5263907590923967,0.460777823083367,0.4935842910878819,0.27294684018336846,-139.17037883742688,33.070929171156045,1,1
59,0.535474947746658,0.4607733342569563,0.4981241410018072,0.2694989064209443,-138.8700575686576,32.44032486448387,1,1
60,0.5160799339482555,0.440615689778468,0.4783478118633617,0.26621608754042997,-138.7328414669373,33.59849647746114,1,1
61,0.5136880448749707,0.45021346800124473,0.4819507564381077,0.25385951007681584,-140.8005626266443,38.11011038118889,1,1
62,0.5103973543883454,0.44185167222041605,0.47612451330438077,0.2504533091544819,-139.34619829489478,34.25193816439996,1,1
63,0.49936255653511546,0.44347830915584335,0.4714204328454794,0.2597044640041281,-138.87554568238386,34.391137575650944,1,1
64,0.5162481500831405,0.4479466969553138,0.48209742351922713,0.2596204956819052,-138.79294959967257,34.585045407783674,1,1
65,0.5305250368720605,0.4592259892335449,0.49487551305280275,0.2538049615066356,166.24244732663036,48.81433124261487,1,1
66,0.5312191792129777,0.4584859605266131,0.4948525698697954,0.2608421117138135,-141.08342692480366,35.027814975714094,1,1
67,0.5281145448927141,0.4564532318267666,0.49228388835974035,0.26080861923947324,-144.17165059236942,36.22248278439586,1,1
68,0.5349591710501495,0.46033902388105613,0.4976490974656028,0.2482102866316425,-141.8479898650781,36.066553496626064,1,1
69,0.5343047721533417,0.45923431562442074,0.4967695438888812,0.2620027025080134,-140.05865295707588,34.777256994222874,1,1
70,0.5045497264769278,0.4257038542646872,0.4651267903708075,0.27338929947001817,-143.8387054461212,40.898209713344684,1,1
71,0.5015821124350217,0.4271477398531681,0.4643649261440949,0.276166983265798,-139.5028466629271,35.357134613477584,1,1
72,0.4965732835736985,0.43336284667429087,0.4649680651239947,0.2781865273462542,-139.43551736260255,34.11789751144546,1,1
73,0.4738334837940334,0.4059716629713338,0.43990257338268357,0.30095608457448136,-139.63239165601524,33.246990038195314,1,1
74,0.4845304365421601,0.41642503083162413,0.45047773368689215,0.29153582087050034,-139.40499709517314,33.10481595788167,1,1
75,0.48578357761407504,0.41512477856586616,0.45045417808997057,0.2985547282065469,-142.33986932107305,34.6037140280297,1,1
76,0.47911430361459184,0.41784271256597816,0.448478508090285,0.29602772078930306,-142.24047649462238,34.004753055456746,1,1
77,0.488988648535603,0.417215059033076,0.4531018537843395,0.30603594000164935,-138.0035380553849,33.14386183973136,1,1
78,0.5009448397544956,0.42561547690765006,0.46328015833107283,0.31112568117920536,163.35991051690135,46.25474136873959,1,1
79,0.4993539641887206,0.42356450468812146,0.461459234438421,0.30783966141871993,-150.05423615516423,46.09757171360627,1,1
80,0.4975448746206209,0.417209142636306,0.4573770086284634,0.29661051248395126,174.88212879109906,46.6967498014428,1,1
81,0.5134440033583324,0.4369689781256097,0.4752064907419711,0.30544373944143677,-138.54420535518324,36.19486505916464,1,1
82,0.5131401203940673,0.43376146003713373,0.47345079021560055,0.30487297887002496,-141.84644058377248,34.238952204940986,1,1
83,0.5147768619074106,0.4327058945879206,0.4737413782476656,0.30149796460001427,-137.63306311800906,34.37733351752197,1,1
84,0.5223607134526214,0.4371713743423465,0.4797660438974839,0.33369660932581774,164.08751612378867,51.15920815881381,1,1
85,0.5148116831449524,0.43056470391393403,0.47268819352944325,0.3057220570214176,-136.1196595242072,33.87040868832776,1,1
86,0.5475065737147389,0.45237566495251724,0.49994111933362806,0.33319965538376595,-134.7843352494467,33.16811744871728,1,1
87,0.5505439854451217,0.4582148760563328,0.5043794307507272,0.2901765239840111,-136.87229784531507,31.7116673601524,1,1
88,0.5402984357567842,0.45147884808359656,0.49588864192019033,0.2523304855945386,-135.62086846719822,33.511716994897036,1,1
89,0.536122165678615,0.45657348571341955,0.4963478256960173,0.22914041659718712,-30.79005594530838,71.89520473956671,1,1
90,0.5347100002558285,0.45778092742292337,0.49624546383937596,0.2059934304179119,-26.003296853598368,71.21240899234333,1,1
91,0.5441437180341222,0.45937562277609034,0.5017596704051063,0.1795986195715999,-26.901519022074165,71.12174124917786,1,1
92,0.5483263037419248,0.46426162203356974,0.5062939628877473,0.15393696931717146,-28.842106959352364,71.30398533021926,1,1
93,0.5450751478715108,0.4720141261683025,0.5085446370199067,0.13547400516242877,-30.854639690862697,71.88490536008331,1,1
94,0.5423574388624652,0.4742902265691769,0.508323832715821,0.11514184070979552,-30.951554823918073,71.72572040810772,1,1
95,0.5416901963528395,0.47345927865262427,0.507574737502732,0.15883955117578852,-30.813460880105914,71.86682204796347,1,1
96,0.5521272293187146,0.4839584441039899,0.5180428367113523,0.13518377393994446,-135.47914356542998,35.202863112223234,1,1
97,0.5581261359483566,0.4856832181859239,0.5219046770671403,0.10312179142881578,-30.694626331309617,71.8437706857207,1,1
98,0.55951379547898,0.4869949413502472,0.5232543684146136,0.08344069533147412,-134.03182378189047,33.74083814023125,1,1
99,0.5900103071963952,0.509600915827409,0.5498056115119021,0.08287236309300638,-30.757258194551074,71.85337807295933,1,1
100,0.5846596140530069,0.5119288582472097,0.5482942361501083,0.10656657317229375,-134.59951185426195,33.9206669638658,1,1
101,0.5847725953363144,0.5085007412479093,0.5466366682921119,0.12689945241291514,-135.8867263732212,35.022689424827576,1,1
102,0.614795731759667,0.5190098460749326,0.5669027889172997,0.11085705306663166,-30.88550027009243,71.87514766353856,1,1
103,0.6188331246118062,0.525916755013519,0.5723749398126625,0.12213786545739569,-136.77933774777028,34.86466479291619,1,1
104,0.599970724076287,0.5205188030045788,0.5602447635404328,0.12237172361562132,-136.20814457638534,34.71572900690543,1,1
105,0.5936411867514143,0.5206271135656974,0.5571341501585558,0.15941892078878261,-137.45157276878194,32.357584877160114,1,1
106,0.6074889658905913,0.5284006154495232,0.5679447906700572,0.17764631209880705,-139.49127994134133,33.41204657718656,1,1
107,0.6020459904771973,0.5234812117995976,0.5627636011383974,0.18130678578900233,-138.73983145360185,35.18917206608387,1,1
108,0.6044506195576086,0.5308196084488985,0.5676351140032536,0.21151155373789138,-140.5125867572692,33.3128812141652,1,1
109,0.5905168984180451,0.5112543090509263,0.5508856037344857,0.2350416961324155,-137.41265390080565,35.000301057967235,1,1
110,0.6030550580006393,0.5225756362678665,0.562815347134253,0.26087921922833546,-134.99290328746326,34.2010295195439,1,1
111,0.6007973661215875,0.5211168728774235,0.5609571194995056,0.26688042700870757,-135.08429692646894,34.05306107176057,1,1
112,0.5406661443633571,0.46779618537722756,0.5042311648702924,0.2604244741081186,-138.5073275260849,33.423964992216945,1,1
113,0.5336921125131964,0.46496612285118394,0.4993291176821901,0.24887914171061917,-138.75017765432975,33.53731476037166,1,1
114,0.5475419267422186,0.4715122867386747,0.5095271067404467,0.2551911443323844,-139.8461846563748,34.158120774908184,1,1
115,0.5529849260423941,0.4760753977011674,0.5145301618717808,0.270886408373385,-153.5540524618187,38.05577485983261,1,1
116,0.5484513378266037,0.47041923293736354,0.5094352853819837,0.2837988085131098,-136.87628142879203,33.24379038266994,1,1
117,0.5429733945253065,0.47338012464773155,0.508176759586519,0.23992983297417916,-137.14708995250984,35.268043099003876,1,1
118,0.5333477447589141,0.46563950504705376,0.49949362490298393,0.054672450890967575,-30.69961719214524,71.8791105264968,1,1
119,0.5206884708425452,0.4690761324414112,0.4948823016419782,0.013129036326670828,-30.862594587222443,71.92058170824555,1,1
120,0.5233300057805205,0.46676469217471356,0.49504734897761704,0.0343438981982248,-31.08645446452368,71.96355094811075,1,1
121,0.5268112921479285,0.4734340604435457,0.5001226762957371,0.1833240068638735,-137.36633028328356,34.230984625837266,1,1
122,0.517660298730954,0.45858148560140743,0.4881208921661807,0.2588166042549791,-138.34551629875872,33.0289329108197,1,1
123,0.5354433396703729,0.4773038303191242,0.5063735849947486,0.2843966293210211,-140.41351376856895,34.42626625137163,1,1
124,0.5264272332860815,0.4688482025029733,0.49763771789452743,0.2569238868219707,-141.45220121649942,39.46565564585855,1,1
125,0.5269679843267351,0.46480588786752536,0.4958869360971302,0.26041342253528027,-139.80112517058603,34.909576375587015,1,1
126,0.5370960442657934,0.4667593436314015,0.5019276939485975,0.28119866073203054,-140.1719631126629,35.041188381487416,1,1
127,0.5244257999183257,0.4583958209373692,0.49141081042784746,0.2899432963176961,-139.658551002764,35.23418310344793,1,1
128,0.5388029043127044,0.46331216885911786,0.5010575365859111,0.3069246499102268,-137.9923313651576,34.841571436993966,1,1
129,0.5390639237490045,0.468862725163429,0.5039633244562167,0.2678473265577067,-136.61208311386054,35.032153625744165,1,1
130,0.5629568588988952,0.48286083405650354,0.5229088464776994,0.14064388998870841,-30.846351846417456,71.90110141784,1,1
131,0.5553917708032882,0.47980195451848195,0.5175968626608851,0.020999327935398625,-29.858408319633448,71.83255274877804,1,1
132,0.5446713061808811,0.4774494728978025,0.5110603895393417,0.021539549857458366,-30.96036247722662,71.75441517155602,1,1
133,0.5401200436630615,0.48212592139340404,0.5111229825282328,0.030942164067185418,-30.865931412852905,71.91401127714884,1,1
134,0.5369962831140526,0.4770123077762423,0.5070042954451475,0.07070676522989096,-138.32342836610607,36.15520526673213,1,1
135,0.5244646645288101,0.4703388785894534,0.4974017715591318,0.08685640380605641,-31.02475134200175,71.77970805086431,1,1
136,0.4986269782395286,0.44778873973049244,0.4732078589850105,0.1095340342827086,-137.25833684707214,35.821122360727585,1,1
137,0.5102505259682919,0.45662769688671834,0.4834391114275051,0.1398728970079876,-139.78487918910162,34.27880255224933,1,1
138,0.5332054910708717,0.4701890246714582,0.5016972578711649,0.2076205589835861,-140.2093230528094,33.55107775148239,1,1
139,0.5322657439131158,0.4742432925347126,0.5032545182239142,0.1907878755165757,-144.34148975537647,35.57886175490619,1,1
140,0.5349139127744726,0.4722887941235621,0.5036013534490174,0.219161148773098,-143.97699121080888,40.02671759562273,1,1
141,0.5434634771747542,0.48536672484541893,0.5144151010100866,0.21297342669447364,-141.52950131091612,36.05765854665045,1,1
142,0.5419582814919751,0.4840852437990413,0.5130217626455083,0.2077805076807663,-142.38274091332846,36.56751808305245,1,1
143,0.5406173887311176,0.4778349918090006,0.5092261902700591,0.2170099268489292,153.09150669129482,46.766607600011305,1,1
144,0.5242075422045184,0.4596054106498889,0.49190647642720364,0.2202901942514502,-146.63916046132408,41.04197605145069,1,1
145,0.5168749223752551,0.446875160488878,0.48187504143206655,0.2121990739346687,-143.68796986494777,38.82231831206761,1,1
146,0.5241123743664542,0.4474659749270882,0.4857891746467712,0.21260322850559504,173.16752980079212,49.79886468901515,1,1
147,0.5172813627362907,0.44569752401182094,0.4814894433740558,0.2127076578661369,168.02243240102354,52.07729180861395,1,1
148,0.5182840885959255,0.44832977717220085,0.4833069328840631,0.21399740244549356,164.96553884057872,51.135105329683356,1,1
149,0.5186090041847412,0.4442429372446699,0.48142597071470555,0.21198799945448993,-146.04167064868798,40.84873428265133,1,1
150,0.5195833380810948,0.44543256367591577,0.4825079508785053,0.21979911717375628,-149.43930783888828,37.73106922834794,1,1
151,0.5200917626349122,0.44345957992628243,0.4817756712805973,0.2147427533048143,-140.38187445751458,34.58836352986057,1,1
152,0.5241965919641107,0.44611696805052126,0.485156780007316,0.2202763105745764,-141.40268248551288,37.33852120692119,1,1
153,0.5200504203476936,0.4485739651785583,0.4843121927631259,0.21826219051084325,-143.55441645607885,38.24976045186539,1,1
154,0.5137289793114279,0.44402811186164454,0.4788785455865362,0.21712288961494255,-143.84123539784974,39.11915493489192,1,1
155,0.5222939272784547,0.44793596887339077,0.4851149480759227,0.21911291072973202,-146.21161306710712,35.45401913262144,1,1
156,0.5281947055493381,0.45373124309071877,0.49096297432002844,0.23592852069118722,-142.2361879189352,37.72881970316234,1,1
157,0.510511521668337,0.4348424035812407,0.47267696262478887,0.2253568796386208,-144.2529023755324,38.38706716719828,1,1
158,0.5288242111197302,0.448363538441722,0.48859387478072613,0.23622185187724576,-142.01634715102963,36.27637407470873,1,1
159,0.5302723762171208,0.45548626223694016,0.49287931922703043,0.2430013598477159,-152.15692143792933,45.87744291951041,1,1
160,0.5280774363243522,0.4483625481251202,0.4882199922247362,0.24141592501065595,-141.5560936545766,35.75252406817514,1,1
161,0.5317924843512685,0.4514800062079191,0.4916362452795938,0.24387523631768865,-140.82177650996866,35.99506467457197,1,1
162,0.5333744340729111,0.45227346571121524,0.49282394989206313,0.2589801623504222,-140.8272385001368,35.16390493055472,1,1
163,0.5521772769978208,0.46394951912707494,0.5080633980624478,0.2715144884389138,-141.61674546650295,34.63249690388367,1,1
164,0.5496864765508963,0.4623004289402259,0.5059934527455611,0.2736200182468703,-140.5185973641538,34.923867376524676,1,1
165,0.5516388534685066,0.4570168728168296,0.5043278631426681,0.2694398579162757,-137.66381760085844,34.91271170037816,1,1
166,0.5609299956755706,0.4636596038299929,0.5122947997527817,0.275218813000058,-137.6680258505602,34.51842640745326,1,1
167,0.5611073657654763,0.46492277387382114,0.5130150698196487,0.2743309512722012,174.36900611605088,46.74604733084636,1,1
168,0.5447497711574778,0.46231447338798937,0.5035321222727336,0.26591670000055767,-147.30907254870962,35.52945903131216,1,1
169,0.512795541867899,0.4323189414614617,0.4725572416646804,0.27180856271528425,-136.96941791253408,33.6484090438886,1,1
170,0.5156611488276142,0.43455625980166807,0.47510870431464114,0.27995417452726185,-138.08150747918404,34.011248811420224,1,1
171,0.5267091656237453,0.4400243807924376,0.4833667732080914,0.28504383937211725,-137.15257291114318,33.820466597250956,1,1
172,0.5333448055157536,0.44631585125372303,0.4898303283847383,0.28600329175824823,-136.9955131287833,33.539257167276574,1,1
173,0.5396041196467724,0.4465236046376478,0.4930638621422101,0.2943774368588371,-136.2373877740126,33.71501554111565,1,1
174,0.5480849649712675,0.4541530054204382,0.5011189851958529,0.29522819594333916,-135.99595144392785,33.30913464520406,1,1
175,0.5511467150836354,0.4569833340897887,0.5040650245867121,0.30212959890113905,-142.23747509615026,41.882276543389146,1,1
176,0.5490001199564286,0.4620364610695996,0.5055182905130141,0.28542237910624596,-139.8244436161765,33.06110334388363,1,1
177,0.5333090197198985,0.45681720748556887,0.4950631136027337,0.2796355306032571,-138.88138291770818,34.41352561228556,1,1
178,0.5273214152831249,0.4478774503284218,0.48759943280577334,0.2759334765047222,-137.63434936161656,32.34080192961509,1,1
179,0.5143971126900001,0.4442242990858553,0.4793107058879277,0.2738012687789706,-30.557876447830356,71.8114558712785,1,1
180,0.5256834588380866,0.45409532200661124,0.4898893904223489,0.25986053758206107,-31.731467389544132,71.7296641295593,1,1
181,0.541621611532876,0.4633477169307546,0.5024846642318153,0.2481302709863611,-29.30160858844239,71.46697410217979,1,1
182,0.5401702893118278,0.46657209310682557,0.5033711912093266,0.23886530104534187,-30.65964398784451,71.78978485753063,1,1
183,0.5400385256903617,0.47013480503954597,0.5050866653649538,0.23657160050500095,-30.790508301953597,71.81869363708923,1,1
184,0.5613622666120774,0.48701974156892536,0.5241910040905013,0.181245624253151,-31.039289211903167,71.8801188712924,1,1
185,0.5626174149255189,0.48377446749207154,0.5231959412087952,0.16011120458129746,-31.03503604320844,71.87307593374416,1,1
186,0.5612404235525345,0.48353143734092774,0.5223859304467311,0.15699041197292563,-31.05719988783013,71.86926688138816,1,1
187,0.5407236614922263,0.47594861305142505,0.5083361372718257,0.11931774114565355,-30.78675723792185,71.80800731482543,1,1
188,0.5416154394811976,0.480616393973988,0.5111159167275928,0.08140376351676476,-30.7494686205554,71.79639642146012,1,1
189,0.5412844863737377,0.48636393442741244,0.513824210400575,0.018002591951599648,-131.50783235989192,32.90659464971513,1,1
190,0.5533056163254954,0.4915783024787405,0.5224419594021179,0.015392436518131165,-133.93165229687042,32.13930195585666,1,1
191,0.5346395743803858,0.4814837264083998,0.5080616503943928,0.01666761456880944,-133.6632932303286,32.13384112179933,1,1
192,0.5376885158209608,0.48729577486959014,0.5124921453452754,0.07198306371129348,-31.07206706032546,71.90075136141195,1,1
193,0.5429193044587346,0.4824962552955821,0.5127077798771583,0.18096066264932517,-30.504424742700845,71.76066742795476,1,1
194,0.5603669718398909,0.48969472894028543,0.5250308503900882,0.22092881344740822,-29.2310096102386,71.45036539561242,1,1
195,0.5612152244736597,0.48253766362649325,0.5218764440500765,0.24182644921734947,-29.673685729715626,71.76473103508434,1,1
196,0.5458527308914174,0.47599174332812927,0.5109222371097734,0.23237082220085092,-29.005147416756774,71.37646428199595,1,1
197,0.5462847591577762,0.4814412131374555,0.5138629861476158,0.24309106434514474,-30.96731016382164,71.89907453637703,1,1
198,0.5528009830300996,0.4872482180282996,0.5200246005291996,0.2458000221832707,-28.604275768635784,71.16741071348359,1,1
199,0.5572552649894355,0.4841363284656188,0.5206957967275272,0.2456513671767844,-30.839774330705705,71.8665662335413,1,1
200,0.5366400389403958,0.46322754916051023,0.499933794050453,0.22376608698464448,-30.774612457395232,71.86741865764424,1,1
201,0.5602201186417116,0.4636744415980599,0.5119472801198858,0.27862551050395457,-30.856977784061193,71.88230460976705,1,1
202,0.5673956023892873,0.47426769571351046,0.5208316490513989,0.25928340949641765,-31.11192234948376,71.75772108149667,1,1
203,0.5716890026218574,0.4804163759147661,0.5260526892683117,0.285368850034678,-134.01448876739596,33.28928154721304,1,1
204,0.5603339468208103,0.4639738198472067,0.5121538833340085,0.3234946724902797,-131.8616228119735,32.15196786981645,1,1
205,0.5532480307888519,0.46070992153795165,0.5069789761634018,0.31756838658911646,-30.785657952178955,71.87780982482445,1,1
206,0.5719664141039367,0.4393742201174301,0.5056703171106833,0.3093853064363628,-30.710032902900394,71.85359487405785,1,1
207,0.5931813403349085,0.4565437124468333,0.5248625263908709,0.2990705242723094,-30.751443120023733,71.85267554970943,1,1
208,0.5899270677833094,0.4590643515852232,0.5244957096842663,0.2728473564289833,-30.702988094218526,71.83972981378678,1,1
209,0.5451647857397255,0.4276166143374756,0.4863907000386005,0.2512683563476942,-30.717676315709763,71.83895587419696,1,1
210,0.3062361458246335,0.28205272946341353,0.29414443764402354,0.23936698707028664,-133.51348953001016,33.55497124352971,1,1
211,0.14019655294090494,0.06033350938684907,0.100265031163877,0.25644915351237113,-30.480504284940388,71.78938694067996,0,1
212,0.11418487377769498,0.04175405043013687,0.07796946210391592,0.2616227787194502,-30.42488839945487,71.78147329811681,0,1
213,0.1278931235508651,0.052674575888581515,0.09028384971972331,0.23159995451619236,-30.51803911377375,71.8091720655801,0,1
214,0.11471045959890075,0.04947498193977373,0.08209272076933724,0.2360725546726505,-30.852649150526307,71.89993560841124,0,1
215,0.18745702394193733,0.1056861486420378,0.14657158629198758,0.24676509582349473,-30.76154901041881,71.88804008823338,0,1
216,0.2946613991661042,0.19136685566218886,0.24301412741414652,0.24510734975326023,-136.06167290558895,35.43479844081793,0,1
217,0.31394385533240704,0.20585541707992455,0.2598996362061658,0.24294556163647918,-139.58808919899687,36.72332196316537,1,1
218,0.3635205568352018,0.2575375478655568,0.3105290523503793,0.24284558858658783,-139.96889417015137,35.15648310849056,1,1
219,0.36828645114363134,0.26461754015741923,0.3164519956505253,0.2224689897493954,-139.00362625163254,36.5056081670766,1,1
220,0.3852844146370782,0.3131263519785976,0.3492053833078379,0.1908994149126394,-138.49500801429548,36.35795645902022,1,1
221,0.3811744363101094,0.30096177921148715,0.34106810776079827,0.18455530293621453,-138.38246527918156,35.947424740472385,1,1
222,0.3730876358202739,0.28630705983627663,0.32969734782827526,0.19736072750252492,-138.9127133847736,36.54869460763439,1,1
223,0.354702166426317,0.24499492295858563,0.2998485446924513,0.19797704226725343,-139.11367014080176,37.11161479888962,1,1
224,0.12992876687053606,0.029585137012764186,0.07975695194165013,0.19888773749728828,-143.1204986222427,41.20372702787074,0,1
225,0.08988224388733933,0.015145213315492699,0.05251372860141601,0.20513624440577147,-30.505517484858146,71.83951004774181,0,1
226,0.11808779849109227,0.03160188007299285,0.07484483928204255,0.2088927679925787,-30.5437635990428,71.85858985169646,0,1
227,0.14393311280140983,0.05855531613200034,0.10124421446670509,0.20929622814919574,-30.426999302719132,71.83188223083528,0,1
228,0.2313432638743841,0.10329340658302111,0.1673183352287026,0.22927339825983767,-30.339566780235135,71.66474717648018,0,1
229,0.31073279709418455,0.16490808177983865,0.2378204394370116,0.23103013008094536,-139.8274821030233,37.37242624330296,0,1
230,0.35823750386433634,0.24283179872851865,0.3005346512964275,0.24198977853880427,-137.39121800418442,34.70103890036868,1,1
231,0.39287205386052787,0.2855059192283997,0.3391889865444638,0.2631038967911676,-137.32321008527515,33.62442692778884,1,1
232,0.4090701020450919,0.31699240448249894,0.36303125326379543,0.3044051796467942,-136.5767377566565,34.37408709243604,1,1
233,0.4211848466928618,0.3290700932455244,0.3751274699691931,0.2992498686107029,169.4060097042294,46.452784561898305,1,1
234,0.44311870649188645,0.35307490013700205,0.39809680331444425,0.30863788113569385,-136.33637170800924,32.34619161766236,1,1
235,0.4437617041036614,0.35779403740457266,0.400777870754117,0.24759652332459817,-135.5218107404674,34.34232850107796,1,1
236,0.43498300758691266,0.35804255607361785,0.3965127818302653,0.08312397100620514,-135.43340977785724,35.16581648257851,1,1
237,0.44716782529748056,0.37207679072220695,0.4096223080098438,0.02993850996067233,-30.668660327311763,71.872673492674,1,1
238,0.4513431219002314,0.37714679351849656,0.414244957709364,0.0626669910727989,-30.588217923045832,71.86714783768772,1,1
239,0.4623048739361765,0.38619127658507224,0.42424807526062436,0.06877769307739899,-30.590074759609557,71.86592879066502,1,1
240,0.4622529787787368,0.3900219592353757,0.42613746900705624,0.049071446663812114,-30.488927097282186,71.84223144160407,1,1
241,0.4647419940907754,0.403895105857828,0.4343185499743017,0.0106040191927309,-30.58615984720997,71.8608315487622,1,1
242,0.4703693403716307,0.4054250816845246,0.43789721102807766,0.019056045149296943,-30.436002695880727,71.81941155799542,1,1
243,0.4755823840036098,0.4122200911465357,0.4439012375750727,0.11400344845813142,-30.433997582104094,71.81386497664646,1,1
244,0.4890927270532735,0.4227752087779042,0.4559339679155888,0.20977817286542721,-30.440161678634954,71.81010484342495,1,1
245,0.4924188581972826,0.4257179479381683,0.45906840306772545,0.21790197511732737,-30.96282777989468,71.75149002368292,1,1
246,0.5030068716215977,0.43195762426572815,0.46748224794366294,0.24801109211865088,-135.687015375771,34.568554152233496,1,1
247,0.5033121842595711,0.4316656034261905,0.46748889384288084,0.2382137685113847,-137.31007950792352,32.67715502258537,1,1
248,0.5130053823169672,0.43819210331227504,0.4755987428146211,0.23219862991672066,-136.8999378650871,32.63917102879587,1,1
249,0.5198589399573331,0.43841220113360513,0.4791355705454691,0.24758456867522458,-137.41642607033236,32.816846396089495,1,1
250,0.504469144652353,0.43277617858632156,0.4686226616193373,0.24185459869659542,-135.55443900843656,34.073268489975305,1,1
251,0.5307005811839542,0.4507621358386636,0.4907313585113089,0.21807844238972332,-135.5675164815714,33.68711121918373,1,1
252,0.5205514021002412,0.4445093469511146,0.48253037452567793,0.2170135700376728,-136.86104587417893,35.28269755996259,1,1
253,0.5232446292270985,0.4643692868381755,0.49380695803263697,0.20448256510990906,-135.77108087366574,33.69684217150345,1,1
254,0.526159242746736,0.4587124600549127,0.49243585140082435,0.21219617270605856,-135.15008580267417,34.10372472802342,1,1
255,0.5228294298863624,0.4598362265702624,0.49133282822831237,0.1915930346303651,-135.79596768077764,34.65854380483251,1,1
256,0.5095702866430856,0.444283012496169,0.47692664956962727,0.20442744676514657,-136.0471295337396,34.96106403225925,1,1
257,0.47758885167818027,0.4100137314396631,0.4438012915589217,0.18483955650390552,-134.60756094871545,34.476223373408494,1,1
258,0.3813145703214484,0.2820309754273638,0.3316727728744061,0.1949926675990735,-135.669909364901,34.91682889023946,1,1
259,0.11744719682910149,0.04679146405699651,0.082119330443049,0.17405326801396417,-30.21497126049292,71.700682440165,0,1
260,0.05651718005857894,0.019157188824457803,0.03783718444151837,0.18573787850470144,-140.2843549431358,38.98384563531366,0,1
261,0.0709999274301941,0.03691142145760883,0.053955674443901466,0.19499121196952196,-140.6429458362626,39.78667893886841,0,1
262,0.1008142689573587,0.05043173627971553,0.07562300261853712,0.19577034875201213,-139.19120377523603,38.827336927297274,0,1
263,0.11291633895320277,0.058367057604984264,0.08564169827909351,0.1746119460238079,-30.439880267171905,71.85121261869726,0,1
264,0.32820946923860694,0.2241628431283851,0.276186156183496,0.20101113505699114,-137.79233716680156,33.21610251422292,1,1
265,0.41593091672725435,0.33626617965139577,0.3760985481893251,0.20049611237421852,-137.01923027213797,32.95506963927656,1,1
266,0.45784533519332077,0.3774433281969492,0.417644331695135,0.2047983060624591,-137.67640245581995,32.15756814884544,1,1
267,0.5157873706312253,0.4233588486634048,0.469573109647315,0.19874949015197,-136.92647455488054,34.76267475086387,1,1
268,0.5389692660606307,0.44806495412513303,0.49351711009288185,0.2086315608427986,-136.16683887432305,35.22678476650199,1,1
269,0.5603263994722959,0.4640874487457204,0.5122069241090081,0.20600111166572255,-133.83920063449756,33.82361994703445,1,1
270,0.5617964044585467,0.4665196600939159,0.5141580322762314,0.23018251674644297,-30.64544651437741,71.84804680369761,1,1
271,0.5641976907673331,0.4696802746356019,0.5169389827014674,0.2830336521960129,-29.98001478317697,71.6249491785874,1,1
272,0.5905136951139529,0.49968783142539325,0.545100763269673,0.28240400434885643,-30.936284634559588,71.88798700319825,1,1
273,0.6049178440574721,0.5075340625611736,0.5562259533093228,0.2520636391094601,-131.15693118225775,32.57256402934073,1,1
274,0.62065428476488,0.5188913810178878,0.5697728328913839,0.23895433777978695,-133.1598365286441,32.920597472912526,1,1
275,0.6090288716488155,0.5118750216672648,0.5604519466580402,0.1934963241350035,-132.84800499788818,32.12773028301621,1,1
276,0.5898108905357095,0.5070783395818822,0.5484446150587958,0.1899396935778796,-132.8373686471311,32.67619908407979,1,1
277,0.5898905291121214,0.5142015682916432,0.5520460487018823,0.1993948468140849,-133.46632576535825,32.991876587839606,1,1
278,0.5810910683368041,0.5064911757905537,0.5437911220636789,0.24509246407594626,-134.4459470357805,32.80375556505736,1,1
279,0.5804462045868504,0.5124070100987103,0.5464266073427804,0.17667396854574272,-133.1767350999841,33.99684024352739,1,1
280,0.5911932380614563,0.5233765626966569,0.5572849003790565,0.025504985638661697,-135.32299401633836,33.53127883736385,1,1
281,0.5972210161378119,0.5263854909847651,0.5618032535612885,0.014894377692525287,-135.6998777371533,32.40306455924359,1,1
282,0.6238557529046784,0.5365434120724388,0.5801995824885586,0.019554359276078397,-30.78182417934693,71.8847334919173,1,1
283,0.6225713197709586,0.5365705367580196,0.5795709282644891,0.10520651171799857,-30.774746930082852,71.88347825326977,1,1
284,0.6022384135243014,0.5185995109512381,0.5604189622377698,0.22826057656963508,-29.683287369424576,71.63856241936546,1,1
285,0.5917492243558908,0.5122674714101685,0.5520083478830297,0.2705048642037155,-157.3138224542103,40.66532781008459,1,1
286,0.5850523318383574,0.5164085191749811,0.5507304255066692,0.21719153878734374,-135.7959238680742,31.56269825400588,1,1
287,0.5789192944886263,0.5170004353857781,0.5479598649372022,0.20075344868110648,-29.071069996721807,71.47435520560286,1,1
288,0.5943834394228246,0.5189855885859628,0.5566845140043937,0.055108181776744834,-30.61602279362073,71.89484051436722,1,1
289,0.5982019926642502,0.5276263309281835,0.5629141617962168,0.011848279466177608,-30.75727986404228,71.93387274394229,1,1
290,0.6038073806411871,0.5322554464816566,0.5680314135614218,0.010862369523359816,-136.9490359973464,34.15949890927481,1,1
291,0.5848756767356258,0.5139584482544934,0.5494170624950596,0.008415341333634209,-137.85406877425328,34.379056303592385,1,1
292,0.5903438339855811,0.5170691016426946,0.5537064678141379,0.00889614172332894,-137.99685201379413,34.73807395543069,1,1
293,0.5493951038347185,0.4828502422321003,0.5161226730334094,0.008351857895242617,-30.593341913964654,71.88911634908611,1,1
294,0.5260069863653164,0.4614732087734241,0.49374009756937026,0.006723796152737971,-29.861136793525308,71.70728634176623,1,1
295,0.5195481656604879,0.45724584492129716,0.4883970052908925,0.0049426245201790375,-30.16510434729963,71.76498553040608,1,1
296,0.5280335722528889,0.46077189440810506,0.494402733330497,0.006607231552813747,-30.287203725458767,71.67773006406851,1,1
297,0.5172282430518855,0.45985954734934764,0.4885438952006166,0.007213786074787617,-30.477220031917412,71.8425073121095,1,1
298,0.5161441048813529,0.46179863051174996,0.4889713676965514,0.007974949177026663,-30.50891763929768,71.85603087611717,1,1
299,0.5157423875544206,0.4634791903439466,0.4896107889491836,0.006759225167771919,-30.49936982994687,71.85220171477489,1,1
300,0.5212046072852121,0.44731474071568966,0.4842596740004509,0.0037587703743612887,-28.14605222321181,71.73034687103662,1,1
301,0.47727144637582886,0.4251166090320995,0.4511940277039642,0.004041320477215877,-29.2351606615006,71.55044058699286,1,1
302,0.4962165985539161,0.4369737862566526,0.46659519240528435,0.0049332726373871975,-29.184025533692644,71.5714057703647,1,1
303,0.4902278144466233,0.4356587051688916,0.4629432598077574,0.005212244703756164,-29.411253284730325,71.60973377900787,1,1
304,0.502672837938601,0.4417724133208775,0.47222262562973927,0.0038950535341534093,-28.83255905877591,71.35226723225861,1,1
305,0.49836747393405273,0.44437564255368234,0.47137155824386756,0.004532299115689076,-29.187083772663918,71.5402105199588,1,1
306,0.5060728881645423,0.44556936297552563,0.475821125570034,0.003510572748467251,-29.14563219268722,71.52924636120376,1,1
307,0.5086839027457359,0.45156115622808246,0.4801225294869092,0.0036801633979559696,-28.36341194535828,71.62459009824705,1,1
308,0.5189944093634248,0.45766256693182017,0.4883284881476225,0.00507441322995947,-29.908583679734857,71.73784547454267,1,1
309,0.5061960814567941,0.45011827432625134,0.4781571778915227,0.004977483165473161,-29.845445214421712,71.7280511875392,1,1
310,0.5361299049998178,0.46574033392703124,0.5009351194634245,0.0068825307229268,-139.76749975034298,39.08728706678367,1,1
311,0.5309459735368846,0.4592478747296279,0.49509692413325623,0.009491430570884779,-29.06650994239412,71.50040832290588,1,1
312,0.5622077608251804,0.47846718614013933,0.5203374734826599,0.13226658066592656,-26.697795873951865,71.30183268193406,1,1
313,0.581934083403638,0.49603099301193077,0.5389825382077844,0.1818346355425793,-28.921029952304423,71.44756927509306,1,1
314,0.5857256667663643,0.49174269985376895,0.5387341833100666,0.19599964050142515,-135.37590841011692,33.305829985972615,1,1
315,0.5913067534332933,0.49676114679556754,0.5440339501144305,0.17331378801510988,-135.90037416443488,32.84949499089264,1,1
316,0.587615118515714,0.4939065841636007,0.5407608513396573,0.17512252542226214,-135.8330612482121,33.18648637009081,1,1
317,0.5759661048316705,0.49321852536880917,0.5345923151002399,0.20559210676608042,-137.10996213478222,33.72884522726709,1,1
318,0.5762803005403683,0.49219437138446975,0.5342373359624191,0.26840627661842414,-139.52442177135637,35.16636122892147,1,1
319,0.5492281005314852,0.47511345903513286,0.512170779783309,0.3343000022770743,-145.05174686426628,41.89260215736397,1,1
320,0.5333520281814719,0.4725806901536745,0.5029663591675732,0.3628808373364712,-148.81037595140077,44.61876951163519,1,1
321,0.5282092188470434,0.46769226619995047,0.4979507425234969,0.3524250894449283,-140.33028802807607,36.16499154286186,1,1
322,0.5299171000838299,0.4690282338433049,0.4994726669635674,0.33988765465502524,-140.20240289173455,33.92396249017858,1,1
323,0.5192861572526395,0.46136848515467105,0.4903273212036553,0.3235516025089577,-141.42278192306082,36.82233576674556,1,1
324,0.4994004106086732,0.4495532327748888,0.47447682169178096,0.3568663278366866,-139.9524493792612,33.35011435221181,1,1
325,0.48298637743131256,0.4388417090790761,0.46091404325519436,0.34299334410916565,-140.63093578853707,35.056760133194246,1,1
326,0.48820502008801736,0.44701751380440313,0.46761126694621025,0.33699461049294266,-140.39284680264575,34.761461001804875,1,1
327,0.4807618928567499,0.4371500568586701,0.45895597485771,0.2961796305406639,-141.36972940474107,37.40876318674891,1,1
328,0.48827879712794015,0.44347429839931685,0.4658765477636285,0.3305013275637816,-139.84178946298707,33.35458993394339,1,1
329,0.5150223767170866,0.4621077176977317,0.4885650472074091,0.3405060830040165,-149.3315580577619,44.3951336541988,1,1
330,0.5273451742014186,0.466830585713214,0.4970878799573163,0.32895127072139624,-138.42769752090993,34.06725961014408,1,1
331,0.5354228616938692,0.4639703862292433,0.49969662396155623,0.32404812410742945,-138.45563600041842,33.53539069269755,1,1
332,0.5422678341575952,0.46533206313379744,0.5037999486456963,0.2998182961460987,-137.97590811614418,32.02754476273082,1,1
333,0.5335080679434968,0.45564827135529545,0.49457816964939616,0.30474013313996406,-137.02173751759028,31.814323107273175,1,1
334,0.5247286280662785,0.4472950462406331,0.4860118371534558,0.2799226941939618,-135.8856671664493,32.48833863478135,1,1
335,0.5297548735865474,0.45186701062952633,0.4908109421080369,0.18322052746790365,-31.235576560409324,72.15749012274301,1,1
336,0.5286013419469964,0.4530839573493233,0.4908426496481598,0.12787184350770678,-139.6243883303696,34.257869904550304,1,1
337,0.5204722332461184,0.4447390979106927,0.48260566557840556,0.18137972541821418,-31.12124610111651,72.14233536846274,1,1
338,0.5144848808030601,0.4365099743987212,0.47549742760089064,0.2213404973367621,-139.8676624457765,38.65145384505915,1,1
339,0.5378501871730558,0.45272349962278685,0.4952868433979213,0.2450046089100411,-136.53076369711204,32.684227332169534,1,1
340,0.5292018570169976,0.4424014122927204,0.48580163465485904,0.25512312996963193,-31.371252644109177,72.16322445254691,1,1
341,0.5205604650849118,0.4335202705638875,0.4770403678243996,0.26260295318189014,-31.373240544157643,72.15638681457402,1,1
342,0.5078454431383559,0.4215233296685408,0.46468438640344834,0.30924196203231286,-31.411680785500025,72.14638562428813,1,1
343,0.509151142598198,0.41876436172459774,0.4639577521613979,0.3395310768597589,-31.315010058470737,72.09948786920329,1,1
344,0.5066726523295637,0.42103254430412473,0.4638525983168442,0.33077953299728713,-31.322800268600623,72.07971198877908,1,1
345,0.5219938996946679,0.4316211142988985,0.4768075069967832,0.3706911916738388,-28.996147133741125,71.40931316846493,1,1
346,0.5237886100079071,0.4253283006055472,0.47455845530672713,0.3395483890988081,-30.428108516916243,71.8695942957723,1,1
347,0.5094556083875637,0.41720431411450165,0.46332996125103265,0.35543087704774023,-30.051950211473468,71.71026371896852,1,1
348,0.5052166028811055,0.4178387768387883,0.46152768985994685,0.27445951779640854,-29.731936960900768,71.68356041317978,1,1
349,0.4993748415334064,0.42436166275298637,0.4618682521431964,0.07773058692538798,-31.142850300076567,71.99796709433518,1,1
350,0.4901433747376432,0.42310483444653774,0.45662410459209046,0.02362909171651084,-31.142212635267903,71.99693715809083,1,1
351,0.48948504713429014,0.42238762608395,0.45593633660912003,0.01601964479018634,-31.334136872846,72.03260923700718,1,1
352,0.49971863561449253,0.42429191877284855,0.46200527719367057,0.013625175751832412,-31.112054061997213,71.98279261423153,1,1
353,0.4995052986300042,0.43425410898999844,0.4668797038100013,0.0415132549554214,-31.080543644274343,71.9448458760729,1,1
354,0.4736797362450313,0.40024289574271055,0.4369613159938709,0.05256094446130666,-31.069354171593716,71.9018383147872,1,1
355,0.5085085934639003,0.41869862169507416,0.46360360757948726,0.08068184996517311,-31.18009619848721,71.87606634635988,1,1
356,0.5104030093960636,0.42561952934779446,0.46801126937192905,0.11517589475837801,-31.086605983739194,71.80924954444099,1,1
357,0.5325992894116752,0.41837037794721765,0.47548483367944644,0.16378077529978036,-133.9207615222035,29.980122290088225,1,1
358,0.547694665230026,0.4014945653104247,0.47459461527022534,0.19153252815063088,-135.55243669421603,30.640806346296017,1,1
359,0.5695123681363984,0.39116415863722287,0.4803382633868106,0.20595473651352295,-135.31937387377283,30.493043620780615,1,1
360,0.5692557744743041,0.36676150560868404,0.46800864004149406,0.23049405729744696,-146.80036190450167,34.90748710343877,1,1
361,0.5703541365729087,0.3382082978010811,0.4542812171869949,0.2525512140498471,167.67430501953172,48.99531676673396,1,1
362,0.6021745157940973,0.33974777153069363,0.4709611436623955,0.267660521027058,-133.06437505008432,30.812615232160034,1,1
363,0.5880117028389085,0.3463094233393283,0.46716056308911835,0.28437521933008053,-139.31117971375454,39.116977069410446,1,1
364,0.5796200322428484,0.3121234217329107,0.4458717269878796,0.28025029667572765,-167.73783200317067,44.44466342025217,1,1
365,0.5712235244175343,0.3274602294801919,0.4493418769488631,0.28748521998695914,129.72643269123049,38.790631362817,1,1
366,0.43195878189174597,0.21969739352093373,0.32582808770633986,0.3097744007562209,-137.21991495493734,32.3860604359688,1,1
367,0.2315344878505165,0.07303299395491078,0.15228374090271363,0.33267361040608495,167.01782808355068,49.98271487058787,0,1
368,0.18449067110716624,0.04586505738914545,0.11517786424815585,0.3250202717940212,165.56893592112033,49.68485737782129,0,1
369,0.13784792866375448,0.029931074051141357,0.08388950135744791,0.28540866110108537,157.28496156042652,47.66267958922779,0,1
370,0.13795553659002435,0.03515848390622859,0.08655701024812647,0.2793339330129366,-166.2705227177744,45.13051255637062,0,1
371,0.13415021072467562,0.036806463113273916,0.08547833691897477,0.27785721328549856,169.56045966763241,50.34294831523907,0,1
372,0.16860568032467216,0.04935685677641168,0.10898126855054192,0.27159385672784325,-138.42225546590157,36.78538076796235,0,1
373,0.2857166002244609,0.17833699940022232,0.2320267998123416,0.1959495304554144,-140.63506073776483,38.018525338103515,0,1
374,0.42395102105417304,0.30189537804941163,0.3629231995517923,0.16181768229274263,-139.32046966313922,34.69659254058289,1,1
375,0.476017441987484,0.34111556344079846,0.40856650271414124,0.028862315183203167,-137.7521781843192,36.24222730877476,1,1
376,0.5052811249271906,0.36478362111113627,0.4350323730191634,0.012402868378802508,-137.7112325668372,36.480806730367405,1,1
377,0.47955747723760783,0.3589615479739041,0.419259512605756,0.021489370773093146,-137.32668897871594,37.620214518015466,1,1
378,0.4818053504131896,0.3578308199263604,0.41981808516977503,0.008410946962758356,-30.460304798929677,71.47590294365176,1,1
379,0.4682324998339399,0.363180817175601,0.41570665850477045,0.005111521347398694,-29.237430435629445,71.1927544224504,1,1
380,0.45048186978274146,0.3611863241419991,0.40583409696237027,0.007361809848839958,-29.169830697561828,71.20788096447018,1,1
381,0.4521977291719924,0.36450266944047466,0.4083501993062335,0.007745261643134061,-30.186094311163657,71.52880415389704,1,1
382,0.4510838174839115,0.37405690086571186,0.41257035917481166,0.007225704229763506,-30.036274794971096,71.52023659931916,1,1
383,0.44417039141302594,0.37372856701727325,0.40894947921514957,0.0074008025041917775,-134.6784168498948,38.070706556075535,1,1
384,0.4432459275439992,0.3830014420325094,0.41312368478825434,0.0036530863592047417,-135.0557187910277,37.901946412917226,1,1
385,0.4630882046628336,0.39515254611855566,0.42912037539069464,0.006169898350128721,-133.75915023254873,37.200052559918944,1,1
386,0.4277461285431031,0.36557810180941286,0.396662115176258,0.009970658260425503,-134.84898470765177,38.01457531246244,1,1
387,0.058769997166789954,0.020948175937497374,0.039859086552143666,0.04714149805019751,-29.501218529412675,71.33115943073935,0,1
388,0.026400978319092452,0.013341952045439313,0.01987146518226588,0.08147680968540902,-140.48798713116645,41.95695421239294,0,1
389,0.013555346819365743,0.009108122805535001,0.011331734812450372,0.1197753532111757,-141.31111475898035,39.69396505813767,0,1
390,0.009605964450646463,0.020479266736414228,0.015042615593530345,0.19327382963526668,-141.53167078277437,39.582186672567055,0,1
391,0.017883668444823225,0.021245603298785228,0.019564635871804226,0.2325103033236022,-140.2867345013382,38.52966332057553,0,1
392,0.10061597413426303,0.06503007568359562,0.08282302490892932,0.2469971622348334,-138.9072599606529,37.40880610717458,0,1
393,0.273757794544343,0.2005671312620545,0.23716246290319876,0.24174795252786443,-137.81405834452883,37.00921559055228,1,1
394,0.37036150809329177,0.31165570742612014,0.341008607759706,0.26868366221036427,-136.43069244212208,36.34174170446875,1,1
395,0.43908391822626347,0.35128072954084166,0.39518232388355257,0.27561334321943376,-137.64330440424848,37.094407818106816,1,1
396,0.4505891656080257,0.36813171721134696,0.4093604414096863,0.3033644738844074,-137.7229306540855,36.15009239405415,1,1
397,0.4303613749465284,0.3674200317683782,0.39889070335745325,0.297434900048592,-139.79934308217162,37.586846793292274,1,1
398,0.42745297509023433,0.357210405055478,0.3923316900728562,0.2823384550774358,-138.58359851096176,36.39173290064745,1,1
399,0.4163802925962784,0.35453366498818994,0.3854569787922342,0.2866987636541483,-138.43326492014498,36.168419574636076,1,1
400,0.44443041175666015,0.3730789146691787,0.4087546632129194,0.27420315267403683,-139.7708391085893,37.00460964729503,1,1
401,0.43984299625629936,0.3688344078070236,0.40433870203166145,0.2770237212857044,-139.43282782588133,36.56237121160683,1,1
402,0.45082485709519104,0.3727129916765105,0.4117689243858508,0.2892708864156764,-141.39111646208957,35.76266689642776,1,1
403,0.464004972327099,0.389580259298472,0.4267926158127855,0.29729704221159386,-140.01824407143857,37.817538068308465,1,1
404,0.4713212001157466,0.38848362409011633,0.42990241210293145,0.2897229697205036,-145.2828165164119,42.50370835261747,1,1
405,0.45963071760979984,0.3828232712425727,0.4212269944261863,0.2771469681406162,-153.5411700766106,43.40258216384256,1,1
406,0.47331107175851717,0.3882974082731161,0.43080424001581663,0.2612248048155134,-142.18235635498183,37.21266062417592,1,1
407,0.49366989636596104,0.4119346758224102,0.4528022860941856,0.261590735157115,-138.08308938000667,37.34458657379813,1,1
408,0.48803070222972633,0.4124390102392482,0.4502348562344873,0.2539125200959057,-140.78194257381733,35.97618156312921,1,1
409,0.49510829613564844,0.4108006685005785,0.45295448231811347,0.22835785404683542,-138.9175564257416,37.64962251022341,1,1
410,0.4975029868237482,0.4140552298903613,0.45577910835705476,0.20177030684728045,-137.32461398673533,37.17234059318924,1,1
411,0.4943348321253447,0.41782965574406306,0.45608224393470387,0.16241294689298366,-135.6465046507092,37.87081166757347,1,1
412,0.48613662039702843,0.42952027803729387,0.45782844921716115,0.12641517644739178,-135.86976778527625,36.16028037880244,1,1
413,0.498467875280037,0.4312976928137038,0.4648827840468704,0.13474410500223624,-135.25528305257598,35.854553385611716,1,1
414,0.5029792910162797,0.43092108727997935,0.4669501891481295,0.12930301562351745,-134.71732155203915,35.60421402737262,1,1
415,0.5100234812659844,0.4420323675044515,0.47602792438521796,0.10176823784998736,-135.12865332754893,36.46996692601073,1,1
416,0.5066189971290934,0.4406532679295163,0.47363613252930487,0.03718194182010303,-134.74173508764974,35.875880862175656,1,1
417,0.49579534060986696,0.43156094582604976,0.46367814321795836,0.010191267192432116,-135.21623613175836,36.28221948805271,1,1
418,0.49584723401703673,0.4308687503557786,0.46335799218640766,0.005275656732813736,-135.4751222096502,36.710847009647,1,1
419,0.5023024050675957,0.44285610059978514,0.4725792528336904,0.00476660425304325,-135.70220259049813,36.69379897480356,1,1
420,0.5130304314564195,0.4550952751273131,0.48406285329186627,0.004525102608097293,-135.96931819173972,36.6743212167308,1,1
421,0.4906849932885153,0.4225746456574157,0.4566298194729655,0.0046735866345571815,-135.38789695459292,36.28272391777732,1,1
422,0.4950897031757194,0.4278281532326182,0.4614589282041688,0.010681466348251008,-134.9354275471738,36.00246208149608,1,1
423,0.5127356027780156,0.4419680081213233,0.47735180544966943,0.15743049284478863,-134.4658584125574,35.63131835204314,1,1
424,0.49880509367988135,0.433037955803675,0.46592152474177817,0.2550670704061169,-135.08044241894854,35.82465506866818,1,1
425,0.4892183473125861,0.41578880796717577,0.4525035776398809,0.24443237634095955,-134.73571499194333,35.1921004493439,1,1
426,0.4983262109555272,0.4159005702171449,0.45711339058633604,0.26162018590150005,-134.75095318910076,35.08306233844366,1,1
427,0.5175049920924265,0.4348774416017742,0.47619121684710036,0.26700133846484747,-135.30754204845002,37.17761730349825,1,1
428,0.5016202949827006,0.42782528248330426,0.46472278873300243,0.2453441920332768,-137.19637781368263,35.17543345915557,1,1
429,0.5019752308490452,0.422630656961663,0.4623029439053541,0.21344219687378557,-135.04524068389873,36.95643871283392,1,1
430,0.5044043012584772,0.4255711611243632,0.46498773119142023,0.20332724564474006,-135.80898082542546,38.1396554413482,1,1
431,0.4979338367171284,0.42223713739070007,0.4600854870539142,0.1987986937988747,-135.18044626197187,36.8955841974296,1,1
432,0.4932911686809446,0.4145635804060202,0.4539273745434824,0.20451113146520056,-139.23370082902733,35.31071660657571,1,1
433,0.5011750613468576,0.42676757213956856,0.4639713167432131,0.1854381503125372,-31.7548355610019,71.91148815455958,1,1
434,0.4980869484473469,0.42464508255892747,0.46136601550313716,0.14799070231869751,-30.840244011021717,71.77960361613344,1,1
435,0.4994136708475167,0.42408479506823243,0.46174923295787457,0.15681735368553099,-30.57279338274716,71.74989846296195,1,1
436,0.49173310471021664,0.4257550474724368,0.4587440760913267,0.14005183449448882,-32.21013672304748,71.89636353648741,1,1
437,0.49376366936168553,0.4269916116149931,0.4603776404883393,0.13312062814183018,-134.51960301897785,36.220892200801494,1,1
438,0.5054550798699333,0.43356707904091096,0.46951107945542214,0.13118981682716307,-134.6162439464829,35.00501439666607,1,1
439,0.49939623148040463,0.43485622342499053,0.4671262274526976,0.13837569442422118,-135.92920657003083,33.68564862263815,1,1
440,0.5112954188696883,0.4412237925492437,0.476259605709466,0.15928551677219163,-134.13652137274096,35.21880705671098,1,1
441,0.5139214168585238,0.44196351186454,0.47794246436153187,0.17132906346816681,-135.05297477989382,34.577534652667254,1,1
442,0.5192015600484275,0.44464078956643593,0.48192117480743174,0.16368090030505023,-134.31457435187826,34.62792351209147,1,1
443,0.5195797569246636,0.44090811050775985,0.48024393371621177,0.20231315145814524,-134.2919600839067,34.43512752849507,1,1
444,0.5161206994840842,0.44398242696950413,0.4800515632267942,0.19637053841945334,-135.17037147922633,33.53154664622648,1,1
445,0.5412797914637251,0.4580042306942853,0.4996420110790052,0.16923305550803025,-135.83007924988945,35.152220976596666,1,1
446,0.5509169978085685,0.4619575667945777,0.5064372823015731,0.18573130247574998,-136.29999473762834,34.90828980331345,1,1
447,0.545922513408337,0.46114310648957024,0.5035328099489536,0.1956317946012351,-136.8086511605164,35.31101620434091,1,1
448,0.5592667144325005,0.47078761201550745,0.515027163224004,0.21984025648253142,-136.39108287926405,34.90600802060251,1,1
449,0.5520302392155241,0.46718293439069586,0.50960658680311,0.2138256810621232,-135.68541712398613,34.51271801392123,1,1
450,0.5330856544212488,0.45923044964003373,0.49615805203064123,0.2243489739411896,-31.2102750631216,71.87894566399007,1,1
451,0.5349632771886108,0.4679923769782584,0.5014778270834346,0.221088802563013,-134.20129538053118,35.85887086200203,1,1
452,0.5559321750046562,0.49073657511697466,0.5233343750608155,0.10785958431566685,-135.75698855415095,35.389621734174675,1,1
453,0.5396173084927958,0.47357181934584425,0.50659456391932,0.012406036163044273,-136.50607497413654,35.94167113895229,1,1
454,0.5175833757672831,0.4578413285600733,0.4877123521636782,0.009729268522419628,-135.57125358510189,35.95573972591964,1,1
455,0.5242546280232758,0.4593372233309008,0.4917959256770883,0.011778959208993274,-133.87207863783192,34.70972974433956,1,1
456,0.514659465397728,0.455504644063664,0.485082054730696,0.014790783327275217,-133.60404701645575,34.87476316668017,1,1
457,0.4875531208040946,0.44305998926795903,0.4653065550360268,0.01318905087649449,-133.51938590781606,34.98733555450745,1,1
458,0.5058420796244659,0.4450570925073029,0.4754495860658844,0.015143367041237686,-133.42138490188754,34.60766843167802,1,1
459,0.5062770330788541,0.44096561589763816,0.4736213244882461,0.016020482926837762,-133.7393634010593,34.68177260973228,1,1
460,0.503585482325168,0.4354028157547381,0.469494149039953,0.10208031909547195,-135.24127894355857,36.052522499733456,1,1
461,0.5301412789895328,0.4497453727283728,0.4899433258589528,0.18881774947906912,-133.89129559433803,34.614427522812164,1,1
462,0.5318001582909248,0.44689943121613945,0.48934979475353213,0.24520981298746733,-133.93388046860113,34.240796385430414,1,1
463,0.5149432299778433,0.4449939338788226,0.4799685819283329,0.2611598478256009,-133.34744631094782,33.90681789700471,1,1
464,0.5242357769073223,0.4479529094019269,0.4860943431546246,0.17746475994177827,-134.12213139830345,34.76342119638062,1,1
465,0.5300106292462944,0.4548735755827463,0.49244210241452036,0.020001399602779163,-134.3131320006401,34.63092054144326,1,1
466,0.5254313748750685,0.45084322483398664,0.4881372998545276,0.011361373396248724,-133.78635463001527,34.05537740294245,1,1
467,0.5334964596695174,0.45590531369876536,0.49470088668414136,0.015514882691570869,-133.60648715204172,34.09199839931817,1,1
468,0.5293787530339702,0.4458052044680262,0.4875919787509982,0.08010360203983503,-133.53271172382557,33.69319524181793,1,1
469,0.5039959437821191,0.43802735544680604,0.47101164961446257,0.18126431486514186,-132.39308297442474,35.08360982108451,1,1
470,0.5140869646023055,0.44375879305486704,0.4789228788285863,0.23099945687136203,-31.872105871855307,71.89701130125009,1,1
471,0.5091712094382406,0.4384313650590493,0.4738012872486449,0.24941418987671085,-31.308924863178287,71.83882655837188,1,1
472,0.5164586919533527,0.4388535402653479,0.4776561161093503,0.25844738557543007,-30.821651574326175,71.76321514990764,1,1
473,0.5020275949875711,0.4284507098818408,0.4652391524347059,0.24519469857414808,-31.207293707547436,71.83460441739557,1,1
474,0.5117245140896655,0.43209640601137994,0.47191046005052273,0.25285188559840555,-30.843855217455246,71.77288471547703,1,1
475,0.511141956202628,0.43200798189197365,0.47157496904730084,0.24101156241766605,-30.351462870960116,71.70879238975033,1,1
476,0.5103693772285621,0.4306963292643159,0.470532853246439,0.24335251350057274,-31.293385324776114,71.86965206072779,1,1
477,0.5154480672338064,0.4349806576757378,0.4752143624547721,0.24131770082805504,-31.297563193403818,71.8548727728007,1,1
478,0.5281722969929888,0.44360725099360704,0.4858897739932979,0.24938892396175266,-134.29205726242353,35.84620915178053,1,1
479,0.518778004567984,0.4416410734885203,0.48020953902825214,0.2476226656070553,-134.72713288953065,35.548900381778544,1,1
480,0.506796098934865,0.43313878377507403,0.4699674413549695,0.246607263592884,-31.340098374499732,71.88758613833377,1,1
481,0.5018363469574086,0.4254337884081202,0.4636350676827644,0.24146668527758058,-134.78581593811487,34.09589512132237,1,1
482,0.49327212838745205,0.41066271764270923,0.45196742301508064,0.22547340844165326,-135.04366271886795,34.255827706513756,1,1
483,0.48871602780869916,0.41398240789546903,0.4513492178520841,0.2220589684954149,-134.54314746228505,34.56971089952276,1,1
484,0.4930078010701653,0.42654473330327286,0.45977626718671905,0.2031252854867908,-31.371540820938424,71.93593555652069,1,1
485,0.49985158404693186,0.4325809316240244,0.46621625783547815,0.1537919552360848,-134.70308952553495,36.42795309046354,1,1
486,0.5100441686277262,0.4384317977910839,0.474237983209405,0.02620848628604689,-135.37922427924073,34.933170720215834,1,1
487,0.5129919848278629,0.44566382891128814,0.4793279068695755,0.01082190587671362,-135.28996392014008,34.398221550317096,1,1
488,0.4994358711501944,0.43562652612206554,0.46753119863612996,0.010022721891847813,-134.46956438239798,33.98533796607633,1,1
489,0.5010289768953924,0.4384249909553543,0.4697269839253734,0.010011346996204174,-133.62515991738164,33.6173362940527,1,1
490,0.513877219496177,0.4461843799213102,0.4800307997087436,0.013426824872292603,-132.84370029851456,33.370419319422425,1,1
491,0.5194126624625381,0.4488625994637877,0.4841376309631629,0.08782308589448869,-132.94839127958318,33.68435329073404,1,1
492,0.5249004585278029,0.44723384981132264,0.48606715416956275,0.18824491208958918,-133.85594296930788,33.806555823128605,1,1
493,0.5099372836709057,0.4315954120283952,0.47076634784965044,0.2060134325956256,-133.208353685214,32.773573678424526,1,1
494,0.5050457677775052,0.43787839674733,0.4714620822624176,0.19088870455135118,-133.28660447688452,32.65033118273665,1,1
495,0.5027420165006531,0.43212537705109855,0.4674336967758758,0.2074418447169449,-134.49420681361516,33.481612972514036,1,1
496,0.5159283686627076,0.43559974444843763,0.47576405655557263,0.1959979009700105,-134.3750739749787,33.41657585768046,1,1
497,0.5056978987212556,0.4313787562629284,0.468538327492092,0.21706126014074195,-134.57426858064034,34.00353110579832,1,1
498,0.5116134042908136,0.43435105565465804,0.4729822299727358,0.21726496364242812,-134.80226965361945,34.095485822476164,1,1
499,0.503866890802038,0.4267728961888421,0.46531989349544,0.23065511963010255,-134.59739201217323,33.748035384948736,1,1
500,0.5057975235253399,0.42784808116482353,0.4668228023450817,0.2722771743459609,-134.88231488228772,33.86358079015406,1,1
501,0.5064785781323365,0.4246067987795619,0.46554268845594926,0.2953143186112141,-134.67222368840902,33.96447310270491,1,1
502,0.5051375577250564,0.4252782988039645,0.46520792826451046,0.27516926490609156,-134.48572150352396,33.59748887301352,1,1
503,0.49201759300496406,0.42566046903381666,0.4588390310193904,0.2312601020183167,-134.49218039717087,33.73184083191065,1,1
504,0.49535029290719274,0.42674148402778556,0.4610458884674892,0.19117589003301683,-134.92424472630233,33.5168741893426,1,1
505,0.46265147999345674,0.4085523386552443,0.4356019093243505,0.1435581990145552,-134.20325195160106,34.80651458711666,1,1
506,0.47053728208009193,0.4099465278784466,0.4402419049792693,0.18329382069610853,-134.52837673128914,34.80811082509436,1,1
507,0.4703003276740044,0.40708676573873265,0.4386935467063685,0.2511937958542095,-133.97922656830224,35.25279578439188,1,1
508,0.4780309924421504,0.40944613329360957,0.44373856286788,0.30255206281392255,-134.8351390436597,36.093470550980506,1,1
509,0.4834927894701379,0.4102539461147183,0.44687336779242814,0.30188348700590645,-135.3155605912027,35.145205305329725,1,1
510,0.4930361723773306,0.41740439587815226,0.4552202841277414,0.2715232078906051,-135.4996861088543,35.82121877432284,1,1
511,0.4941484294236475,0.4195648289984179,0.4568566292110327,0.2566508820748876,-135.01836432336927,36.21890286442102,1,1
512,0.4930976860743569,0.4128174185233959,0.45295755229887635,0.2524893751354085,-134.06786431469075,36.83963457131575,1,1
513,0.48384268385978035,0.41220743229489476,0.44802505807733756,0.26276328313355174,-133.8672471220189,35.60440033900569,1,1
514,0.4823246959485642,0.4098424286914766,0.4460835623200204,0.2887832567909455,-134.4749856400606,33.76228163920665,1,1
515,0.5030368042358878,0.4279424943616889,0.46548964929878833,0.32928237634870094,-133.72353235630706,33.532165562042024,1,1
516,0.49706643394224526,0.42894626309968525,0.4630063485209652,0.3789220551840308,-132.97012279934245,32.75582058174405,1,1
517,0.5080424086193276,0.4283099165910166,0.4681761626051721,0.3687712462444631,-133.3424701611784,32.82030529674856,1,1
518,0.4961894615057457,0.4172454013183049,0.4567174314120253,0.39102263784163066,-133.50658499642506,33.12753332240588,1,1
519,0.500449816688466,0.42328720741227677,0.4618685120503714,0.40335866276913673,-133.66634594170478,33.27446205650651,1,1
520,0.5054828285461773,0.4277412611378822,0.4666120448420298,0.3738102812134324,-134.0002432152201,33.397522355724114,1,1
521,0.5038875619144232,0.42257680230381484,0.463232182109119,0.3559546961879869,-134.79289985561942,33.95970643704507,1,1
522,0.49529508830493657,0.41800155658822324,0.45664832244657994,0.30368163464171466,-135.96065734981943,34.713210871905986,1,1
523,0.4989597763829887,0.41823778021610547,0.4585987782995471,0.27143310970641177,-135.3238264500401,33.7248941460886,1,1
524,0.5015250617102956,0.42535698297507646,0.463441022342686,0.22268377936827327,-134.34877962998232,34.49577209797712,1,1
525,0.49613731443369985,0.4230266303247015,0.4595819723792007,0.19876980379333667,-134.73414303462684,33.63214546285626,1,1
526,0.5055714389189597,0.42722392486594774,0.46639768189245373,0.18856526742477123,-134.8874670307326,33.9323634515363,1,1
527,0.5084134526860771,0.425237544796254,0.4668254987411655,0.19777737223772549,-135.1899277807416,33.816783613245676,1,1
528,0.5239514737762709,0.43043134430025776,0.47719140903826435,0.2038619023375346,-134.68967249182168,33.7441704955611,1,1
529,0.5032337923089591,0.42039240180280263,0.4618130970558809,0.24317648979389056,-134.02914752236515,32.9635298936271,1,1
530,0.5217537029692895,0.43189754073176995,0.4768256218505297,0.2622916256579942,-134.2920051203462,32.89790111505309,1,1
531,0.5027999221020323,0.41935811802470796,0.4610790200633701,0.24028591341403938,-134.34604638812033,32.984490023390855,1,1
532,0.5194561484589456,0.4284780780769907,0.47396711326796814,0.25784918876262397,-134.2984898403175,33.20156515584041,1,1
533,0.5062567116477391,0.42280815761211216,0.46453243462992566,0.28581128966569236,-134.8043691143562,32.99611457861017,1,1
534,0.5235459089975255,0.4308237143266811,0.4771848116621033,0.3173443178292197,-134.94788962270593,33.064690015876955,1,1
535,0.5189792546328711,0.430761370278218,0.47487031245554456,0.33971679972377405,-133.7407235603535,32.75018782568183,1,1
536,0.517631932334376,0.42948862699506996,0.47356027966472297,0.3429028565423776,-133.2960527211101,32.41055511816003,1,1
537,0.517457452177028,0.43083527997088994,0.474146366073959,0.35971468967242004,-133.83602314527465,32.773908314696456,1,1
538,0.5185132325928454,0.4313179248792454,0.4749155787360454,0.33742141198635683,-134.09659564947523,32.776277420254104,1,1
539,0.505347699095996,0.4187529054113173,0.4620503022536566,0.328847144361358,-134.54342051068335,32.686226556440644,1,1
540,0.5213432518616111,0.43449251169637537,0.47791788177899325,0.2994867260971326,-134.81876274471892,32.7816229095159,1,1
541,0.5223159226103586,0.4245712940726791,0.4734436083415189,0.16963417656651894,-135.45397275898452,33.56621838574072,1,1
542,0.5172920864318146,0.4213742316791201,0.46933315905546735,0.018616158662819512,-134.29914550847252,33.442980714911556,1,1
543,0.5238249744372023,0.42995930967576673,0.47689214205648456,0.009064776887923958,-134.36735889623174,33.403359001482116,1,1
544,0.5158790282970235,0.42372843363845203,0.46980373096773775,0.010740572188316469,-134.07026599825824,33.357371564822145,1,1
545,0.5229692097705663,0.4287377168304233,0.4758534633004948,0.024594341648904117,-133.37782686329973,32.6270032658217,1,1
546,0.5281808414598785,0.4313795882679154,0.479780214863897,0.12471501566471664,-133.4991445777879,33.00501431719217,1,1
547,0.5339643766891308,0.4358884090280213,0.484926392858576,0.2184546064607049,-133.64097561975223,32.904605008023275,1,1
548,0.5274013045186757,0.4368137373526455,0.4821075209356606,0.2573483849549072,-134.5607403751442,33.10344686216574,1,1
549,0.5244544374325486,0.4329738010206389,0.4787141192265938,0.26392350826649874,-134.66520792290925,32.91702343816652,1,1
550,0.5252534662475047,0.42758224948602114,0.47641785786676294,0.2927938060470635,-134.69340257561697,33.400778457406375,1,1
551,0.5226966923526721,0.4298583362014962,0.4762775142770842,0.2974620074687573,-134.29745795863636,33.139315913869716,1,1
552,0.5286271920466797,0.4285224280818545,0.4785748100642671,0.29193376524226045,-134.21133963887547,32.68725833025232,1,1
553,0.4994050511894064,0.42157399056515615,0.4604895208772813,0.2727366759107834,-132.07896800348027,33.840410994904964,1,1
554,0.4959534671331526,0.41881200847787214,0.45738273780551236,0.28912453185976866,-30.983928088106367,71.8571285598082,1,1
555,0.500574030635132,0.4317819831265384,0.4661780068808352,0.2979223496536932,-132.58083779987803,34.28222604261735,1,1
556,0.5062783953625378,0.43204950278884324,0.46916394907569053,0.3152140251882034,-144.2002597693216,33.71321106578923,1,1
557,0.5192724450253697,0.43929257390003473,0.47928250946270223,0.29735405363207457,-133.70138044219485,32.30523303607272,1,1
558,0.5226689364545262,0.4398056658223682,0.4812373011384472,0.27837393294172524,-134.06452133213244,32.75502327624526,1,1
559,0.5175772563559395,0.44058582811702884,0.4790815422364842,0.294231384845022,-133.9230413051551,33.217318231485194,1,1
560,0.5192584692494066,0.4422060664727144,0.4807322678610605,0.2864487957652072,-134.02295965476057,33.43165562351671,1,1
561,0.5214177033737212,0.4431921327126339,0.48230491804317754,0.3013092830885803,-134.71279052112615,33.57454676366151,1,1
562,0.5068037110677782,0.4392467458815094,0.4730252284746438,0.34666650957601663,-134.07542702688121,32.96046858769751,1,1
563,0.5099584273976105,0.43072756504387383,0.47034299622074216,0.334803354356054,-134.08244331080434,32.96635208840081,1,1
564,0.5032135612394034,0.42552268529421294,0.4643681232668082,0.31878629963795396,-133.7404816984847,32.836506315615686,1,1
565,0.5135632580230284,0.43599792745511323,0.4747805927390708,0.024627778103402217,-131.60931436748035,32.0395819783042,1,1
566,0.5353794386383427,0.45241098312304256,0.49389521088069266,0.009003622904929278,-133.00254790274673,33.134154706909705,1,1
567,0.5292115217067777,0.43794977654386086,0.4835806491253193,0.012292555885884127,-133.05962557840715,33.13289628245738,1,1
568,0.5362891950153235,0.4443161919340456,0.4903026934746845,0.015016984206360471,-133.03121252662675,33.17368116522654,1,1
569,0.5310360588869891,0.44061025893933975,0.4858231589131644,0.012255792753466329,-133.1081810949704,33.457187643902955,1,1
570,0.5371845642246678,0.44543992531199805,0.4913122447683329,0.010844604064517515,-133.21506147364025,33.764420136919185,1,1
571,0.5356196953350992,0.4366566157374635,0.48613815553628137,0.0162612411678763,-134.13339823972427,34.23105719279915,1,1
572,0.5270761736851102,0.4409489613108948,0.4840125674980025,0.05926229057964036,-133.2209632443675,33.46757562826099,1,1
573,0.5284574556354807,0.4416689756078996,0.4850632156216902,0.17695216806094066,-132.79625194721768,33.264913452530116,1,1
574,0.5241199951956846,0.44274514722459696,0.4834325712101408,0.158157067686005,-133.09395369789826,33.504912339061505,1,1
575,0.5278808674432203,0.44590894853214136,0.4868949079876808,0.08213811231215319,-133.51219589174093,33.97391843304885,1,1
576,0.5181504995257921,0.4487905461221776,0.48347052282398484,0.01053602941065295,-133.67715379427014,34.14780719369094,1,1
577,0.5253579232710274,0.4454846832200237,0.48542130324552557,0.010167431879615215,-133.23612413421083,34.284814504334186,1,1
578,0.5240738302786798,0.44266291749124353,0.4833683738849617,0.010430816020902373,-133.58485127818204,34.359592355866965,1,1
579,0.5348201587179802,0.45123852831198064,0.4930293435149804,0.08678316028410606,-133.9571273992656,34.468312691555695,1,1
580,0.5102462225632347,0.43492229152734313,0.47258425704528895,0.15134069388110058,-134.0426037224409,34.0425429812189,1,1
581,0.5211700074210662,0.4466127933766848,0.4838914003988755,0.1755963016332501,-134.0921985936563,34.102522712164095,1,1
582,0.49668909409353457,0.4335651948438583,0.4651271444686964,0.009282177337976821,-134.0071382873746,34.68640503539028,1,1
583,0.511918774947418,0.4367450494478093,0.4743319121976136,0.009122817725396902,-133.77428995994345,34.674627244540574,1,1
584,0.5224224474646837,0.4576577921206006,0.49004011979264217,0.00975092209387277,-132.9775719341133,34.48425232888482,1,1
585,0.5358966714094059,0.46427358480242464,0.5000851281059153,0.011660520697683283,-132.97338639109162,34.702124765782095,1,1
586,0.5376296257003538,0.46045070386562725,0.4990401647829905,0.010708728948493836,-133.06213982366862,34.57021950776375,1,1
587,0.5406104708164807,0.4629748224315379,0.5017926466240094,0.08221958613664533,-133.1172044194471,33.91010774811617,1,1
588,0.5518965695715381,0.47500853216673994,0.513452550869139,0.25558635025189963,-133.17638663638454,32.917622916998475,1,1
589,0.5399589721724645,0.4784302151641822,0.5091945936683233,0.30720113567681007,-133.91525669522298,33.61267426404153,1,1
590,0.5484300852850406,0.48314076882850027,0.5157854270567704,0.3365259265873209,-133.60550045716911,32.751723829490466,1,1
591,0.5159843771788121,0.45593347720906335,0.48595892719393774,0.3566090676360315,-134.22166637589282,32.71698397674791,1,1
592,0.5275803844282075,0.46091415503337074,0.49424726973078914,0.2805041006642644,-134.89347738554076,33.175431947504734,1,1
593,0.5131571637807489,0.45153832848748093,0.4823477461341149,0.18370177824827016,-136.8388176393826,34.2555670712085,1,1
594,0.49940352872950033,0.43334417869896075,0.46637385371423057,0.19040692434798318,-136.49468264181243,33.87958757049751,1,1
595,0.5023738009094204,0.43841977918511854,0.4703967900472695,0.1852446499366796,-135.46034500702712,34.63609625449607,1,1
596,0.49716056785595775,0.4348948160273074,0.46602769194163257,0.2031016797251321,-136.59649605004168,34.01294293936215,1,1
597,0.49763071204212017,0.4404745700305125,0.46905264103631633,0.21744472903944428,-136.22132945120555,33.8781736382618,1,1
598,0.49883255737585513,0.44136278995352246,0.4700976736646888,0.20887228416339684,-136.37769260041583,33.87503867234558,1,1
599,0.497613416421734,0.43674312986434133,0.46717827314303767,0.22693172306969098,-135.30763607702698,34.50169028168999,1,1
600,0.5074398987883352,0.4396572704834464,0.4735485846358908,0.28081654559611063,-135.2824539078933,34.43460542033025,1,1
601,0.5006642090464258,0.4399853439267839,0.47032477648660487,0.35130069531290276,-135.69229391917295,33.53006028282027,1,1
602,0.5007015435046054,0.4401945058167055,0.47044802466065544,0.33506761744430846,-135.659546890686,33.973276388462985,1,1
603,0.5048986191238483,0.4429383036393327,0.47391846138159044,0.3594870438070565,-134.95006486538261,34.11135823857319,1,1
604,0.5182442762365596,0.44891188975854707,0.48357808299755334,0.39316233675682927,-134.3510553048847,33.87686115696119,1,1
605,0.525281168832064,0.4604185093191398,0.49284983907560187,0.39164979208438255,-133.08185752539532,33.474231816792106,1,1
606,0.514376572724389,0.4512010294566233,0.48278880109050615,0.263488963219575,-133.93717844788682,34.08519502292284,1,1
607,0.5150407736300244,0.4590967351223823,0.48706875437620334,0.19444066777321073,-135.0218339747019,34.95938054590312,1,1
608,0.5209188554429228,0.4596945038258987,0.49030667963441077,0.18286852283886423,-135.00615180170774,34.903160725925225,1,1
609,0.5140952219687184,0.45545828616461015,0.48477675406666426,0.18896742579018075,-135.27545678325558,35.40299180521951,1,1
610,0.5020824926481483,0.4515473354447297,0.476814914046439,0.19987210228074892,-135.34898656854352,35.68946535297038,1,1
611,0.49138669294031323,0.44035091243089747,0.4658688026856054,0.23480628841453757,-134.726175081638,35.11438379166648,1,1
612,0.5046439492448472,0.4440020922292039,0.4743230207370256,0.281420857996449,-135.15758097186506,34.98425079170795,1,1
613,0.4969812551860554,0.4387242315078747,0.467852743346965,0.30238948699497503,-135.17253615351456,34.78346976348512,1,1
614,0.4977554842086925,0.436560567936649,0.46715802607267076,0.2998760538705618,-135.3477602674576,34.58828869026789,1,1
615,0.4995273053678066,0.4428715583590728,0.4711994318634397,0.31048077013116826,-135.50574978620642,34.55933586938649,1,1
616,0.508875449091063,0.44440229076170673,0.4766388699263848,0.29626314234227175,-134.97008299712417,34.286251436209106,1,1
617,0.5314893747580796,0.4609570364571389,0.49622320560760924,0.28001035048504874,-135.52703700455615,34.843673584572464,1,1
618,0.5143513234311788,0.44948115002889877,0.4819162367300388,0.2112950164242944,-134.15415065143992,34.273727946411576,1,1
619,0.517806940174462,0.4558473662284957,0.48682715320147885,0.011387455398602591,-134.0051942088462,34.43586069850794,1,1
620,0.5062725904698736,0.4568562810500703,0.481564435759972,0.011599771473028922,-133.7598887163242,34.41496961153962,1,1
621,0.48295011315394737,0.4365760898107127,0.45976310148233,0.010641374488988727,-133.7522815231185,34.77149286661066,1,1
622,0.48374704347114783,0.43544623663065196,0.4595966400508999,0.012493385327528776,-133.87733285440666,34.74299744478925,1,1
623,0.5019603042944517,0.4458296775272564,0.4738949909108541,0.020057037153801176,-133.90116987836183,34.67741256494107,1,1
624,0.5069169830721817,0.44630549502426275,0.4766112390482222,0.09075256810178141,-133.57672111128286,34.47701890181179,1,1
625,0.4905261432953947,0.4341852862219379,0.4623557147586663,0.15577245689995745,-133.3170885238631,34.079409325039926,1,1
626,0.49979634380595966,0.43905683184380984,0.4694265878248848,0.22876493886869198,-134.06686999717851,34.27289028194035,1,1
627,0.4196018624167789,0.3708111053864479,0.3952064839016134,0.2751238978562556,-132.35424736157327,32.279295255079994,1,1
628,0.10132219195576095,0.06368854756683621,0.08250536976129857,0.30828864598136035,-135.44383744130405,36.24436591892252,0,1
629,0.08164798475683871,0.05141749567217695,0.06653274021450784,0.315646293382209,-135.19853602638804,35.6845681436409,0,1
630,0.19011009144453686,0.1534002706623345,0.17175518105343568,0.3167785579353043,-133.97849634400478,34.219776406141975,0,1
631,0.3362531807612905,0.29891969779775124,0.3175864392795209,0.3240725902779517,-132.3496118322515,32.29571160436664,1,1
632,0.3595534098997318,0.3253757068031757,0.34246455835145373,0.31364386028323316,-131.80566847443268,31.8828685929069,1,1
633,0.38549031672167094,0.3502885297871184,0.36788942325439467,0.3296196851924581,-131.93452882315395,32.270827493266005,1,1
634,0.3983893002723611,0.3633989454267001,0.3808941228495306,0.31697859676464646,-132.2420164196663,32.17909173029338,1,1
635,0.44624877426998744,0.39956879641021026,0.42290878534009885,0.3108691169009172,-132.49209120419434,32.50191650525063,1,1
636,0.45418548059542213,0.3992156799339612,0.42670058026469165,0.31061214861133585,-133.23797298000486,32.60246602584704,1,1
637,0.44732245427432304,0.39176929106757036,0.4195458726709467,0.30555307344651456,-132.92778598650634,32.63426749770844,1,1
638,0.46625238381870937,0.3988422765538504,0.4325473301862799,0.2983302198072622,-133.28391951974908,33.21553042813411,1,1
639,0.4939785174856487,0.41594475726245783,0.45496163737405326,0.2908230555958132,-134.71261282397717,34.00647195586738,1,1
640,0.49601273697351594,0.41983477869832503,0.4579237578359205,0.2881888908885743,-135.5215225136964,34.57639233799868,1,1
641,0.483984511918492,0.4110104646521207,0.44749748828530633,0.27904627587097575,-135.94711263198678,34.919745192796285,1,1
642,0.4772717095784668,0.40965125925449486,0.4434614844164808,0.2895670116131584,-135.86369925451777,34.748483841565985,1,1
643,0.4794291796169408,0.407836625424675,0.4436329025208079,0.2673105262158608,-136.2347862023,35.00274736872892,1,1
644,0.49249496853879443,0.4119583172858469,0.4522266429123207,0.22969172595462684,-135.64736203488292,34.60190381910999,1,1
645,0.48723430410122276,0.40557427195855233,0.4464042880298875,0.21842643087104502,-136.00248836725396,34.61164090492768,1,1
646,0.491244809881096,0.40493926593896423,0.4480920379100301,0.1955694081130802,-135.97149168001246,35.25880487995016,1,1
647,0.49104235132382534,0.4042052556491429,0.4476238034864841,0.20063624889453904,-136.3803004455867,34.85502664618489,1,1
648,0.49218664889127933,0.40547399337481693,0.4488303211330481,0.1807718707776373,-31.899576857986816,72.09063220532893,1,1
649,0.4620913797557964,0.39802937568306157,0.43006037771942895,0.16163115518744392,-135.44448849832705,33.70387886254153,1,1
650,0.465319486179621,0.3967715547248335,0.4310455204522272,0.16440682228955583,-136.5026506668016,34.69521682649272,1,1
651,0.45102545646226444,0.3912361556652462,0.4211308060637553,0.16290494398483185,-136.21678185829802,34.73506645244526,1,1
652,0.4511797586818746,0.3905563521568599,0.4208680554193672,0.17584645995542372,-136.07906829818802,34.649721018196765,1,1
653,0.4665312917001813,0.40217686739251607,0.4343540795463487,0.16158420078469246,-136.54127623892217,34.88797171699651,1,1
654,0.4858787963211393,0.4139874312977231,0.4499331138094312,0.18291113832522488,-138.57401760755974,33.05113404740063,1,1
655,0.4717292268806402,0.4033876861930494,0.4375584565368448,0.16789299124938692,-138.31060081530865,33.15232645258642,1,1
656,0.47016320922734345,0.3870808398030819,0.4286220245152127,0.15663658274945835,-136.82475009646822,35.00223515432235,1,1
657,0.47037753239795177,0.3957892919384127,0.43308341216818225,0.09696239324042841,-137.37491526555894,35.46508932223828,1,1
658,0.4613718394294695,0.3964783687895066,0.42892510410948803,0.028247903545706412,-137.30638320733922,37.840139821702685,1,1
659,0.45301036012251567,0.39636127454486925,0.4246858173336925,0.00964880701576089,-136.72534026058702,36.991139291161396,1,1
660,0.4553118522395422,0.40623129316152745,0.4307715727005348,0.0108353766359414,-136.41830981996335,37.82111386448558,1,1
661,0.4438284517561203,0.369160607686344,0.4064945297212321,0.008081650150041208,-136.81817371965658,37.27225376714287,1,1
662,0.425327813945873,0.3467709130223963,0.38604936348413466,0.017503448813450163,-139.86664573162176,37.072677543955166,1,1
663,0.4193855934832588,0.3797724191095746,0.39957900629641674,0.17361771800690698,-139.52473826284785,36.28512719972613,1,1
664,0.45995630417748157,0.41655068431413655,0.43825349424580906,0.27034552101842313,-138.89284490552265,35.25832392561789,1,1
665,0.4182865344059466,0.3926311485432251,0.4054588414745859,0.31778009082888686,-138.25943173349245,34.11956480811815,1,1
666,0.3971468496414688,0.407012007921817,0.40207942878164293,0.299356823852266,-138.4470886275935,32.024538959570066,1,1
667,0.2974821828968065,0.34864375562479105,0.3230629692607988,0.3415772948566061,-137.4553714845133,30.128109402857714,1,1
668,0.3244227892143497,0.4554966693615342,0.389959729287942,0.3300378604587872,-137.34835511805625,28.323197510188635,1,1
669,0.3470368248189757,0.5063764905107144,0.42670665766484506,0.34480098463698095,-135.2988875324007,25.38532734358734,1,1
670,0.3372950746749044,0.5391952029213652,0.4382451387981348,0.3428373727031716,-134.160361246943,23.558563631128905,1,1
671,0.28541394644896223,0.47997094272699603,0.38269244458797913,0.3336984090385018,-132.62944236836094,23.511114818487926,1,1
672,0.06530904244673447,0.16991664390222605,0.11761284317448026,0.2657376957364359,-135.59031523861356,26.223846477807477,0,1
673,0.028108842523105422,0.10048013352216655,0.06429448802263599,0.17502654131199738,-136.43354002726397,28.403244288481574,0,1
674,0.04752154376522584,0.1036382473821133,0.07557989557366956,0.034381117534844054,-136.82905889462498,29.50507555594666,0,1
675,0.05962785769890965,0.067131328721573,0.06337959321024132,0.0692692480073225,-138.53043933514593,29.51341134967742,0,1
676,0.10723275799109938,0.12496038179059235,0.11609656989084587,0.22946504418319857,-137.02689961216873,28.881022089044667,0,1
677,0.27876187407104114,0.3275360232773831,0.30314894867421216,0.2749620099116765,-135.61767393044795,27.121525275003926,1,1
678,0.2910312874604284,0.31356573711401636,0.3022985122872224,0.25264467593582113,-136.5376606427845,28.557342584271204,1,1
679,0.3438611627016879,0.3427782595315096,0.34331971111659876,0.2774262691143403,-136.9309352854443,29.427392316808678,1,1
680,0.3396773607833683,0.347595577268652,0.34363646902601014,0.2907847883608095,-137.65448927366512,31.066610043995766,1,1
681,0.35019328330785954,0.34551216389509404,0.3478527236014768,0.2759665716880482,-138.05941745560634,32.45439931860542,1,1
682,0.3869595146742464,0.38169668827990355,0.38432810147707497,0.2821133554787125,-139.2642410975436,33.944668867777146,1,1
683,0.38997612928622094,0.39113709229364146,0.3905566107899312,0.27761134372687163,-138.08776355235142,33.88321303764491,1,1
684,0.39906643552724963,0.3855238605053746,0.39229514801631216,0.2625765666046363,-139.25718166909067,35.723672413526195,1,1
685,0.43553189342589216,0.4002059331542838,0.417868913290088,0.0655266730371889,-139.51538233383303,37.08262073013713,1,1
686,0.46841218110605354,0.4422529467293688,0.45533256391771115,0.013291574610580902,-138.84035986485546,37.33588766041649,1,1
687,0.4785670340467864,0.4228967418989119,0.45073188797284913,0.013053880731204039,-138.00961495808954,36.71139546378394,1,1
688,0.48413098182279046,0.4158279721982021,0.4499794770104963,0.03006441935007272,-138.95888456941987,37.357713250132356,1,1
689,0.5006236687837766,0.42978856320108433,0.46520611599243045,0.0821258423498845,-137.22377678653544,36.79115377756392,1,1
690,0.497061509359687,0.43455094017161877,0.4658062247656529,0.05298975413580499,-136.43894849245987,36.02186470419627,1,1
691,0.5255319643261372,0.43742784462453976,0.4814799044753385,0.023801368773451886,-135.53553533947223,34.52167840036324,1,1
692,0.509062857155459,0.42541100850310537,0.46723693282928214,0.008954652661041555,-133.9613139734631,33.612445758097046,1,1
693,0.5186701961851315,0.43826515638803437,0.47846767628658293,0.011330453640776464,-133.102851282022,33.463909546329184,1,1
694,0.5366347592825621,0.43868837259369264,0.4876615659381274,0.061900147633349153,-30.82357101739955,71.6952846902496,1,1
695,0.5447710513300742,0.4333735219510447,0.48907228664055946,0.17349798256355162,-29.504591866819595,71.34356237073003,1,1
696,0.5184024029615483,0.40487913508153284,0.46164076902154055,0.23791291677736826,-29.61336093404847,71.35143239204999,1,1
697,0.5434152696878902,0.40330855805251487,0.47336191387020254,0.2896049011154056,-30.841468864355175,71.60570041389744,1,1
698,0.5515213996398322,0.4064205881809821,0.4789709939104071,0.27598869256088226,-30.69874269557504,71.42008824931878,1,1
699,0.5576459105257322,0.4216171554712511,0.48963153299849166,0.2077747229325016,-30.42695528459792,71.3811554563935,1,1
700,0.5736646864112345,0.43046741610243733,0.5020660512568359,0.11560311282048158,-29.913062236320535,71.27855738363343,1,1
701,0.5915636481543192,0.4448513039927996,0.5182074760735593,0.08857728876690943,-30.90127556285279,71.4688313300755,1,1
702,0.5888805850211797,0.42957193172715546,0.5092262583741676,0.20462443267448466,-30.9616059859155,71.46028703884211,1,1
703,0.5731313233118738,0.40345370650328094,0.48829251490757736,0.23703820609317777,-29.858685010234048,71.07902365568346,1,1
704,0.6162137340182691,0.4381248790548597,0.5271693065365644,0.2570737329017009,-30.761971332330482,71.40492144342035,1,1
705,0.6129835035303862,0.4470926705616368,0.5300380870460115,0.15748425319143847,-30.29492764943285,71.25995397706096,1,1
706,0.6159834169070992,0.4405344059852278,0.5282589114461635,0.052857981116461165,-31.01866211469777,71.26257440867384,1,1
707,0.6442742897336996,0.4749847737273287,0.5596295317305142,0.057849527852602584,-31.18517559198596,71.40549843963841,1,1
708,0.6733118603422044,0.4966789066166299,0.5849953834794172,0.11097099338205929,-31.874026888285506,71.36027986502044,1,1
709,0.6167976393181033,0.4187521821547185,0.5177749107364109,0.21606256611333638,-30.00153378873044,71.15853244216686,1,1
710,0.6277873414901946,0.4059679963905984,0.5168776689403964,0.29477776081040197,-31.107489894414527,71.38067766427616,1,1
711,0.6026180962760603,0.40040587742698336,0.5015119868515219,0.2768902752505923,-31.02192187800339,71.40274683625123,1,1
712,0.5856937780352526,0.40089442108311857,0.4932940995591856,0.21118678654431802,-31.489758844594302,71.32182135369517,1,1
713,0.5912838540679851,0.4160875976764699,0.5036857258722275,0.10357791220321952,-130.6879259746306,30.826663205880436,1,1
714,0.6257503691858234,0.43922398657800815,0.5324871778819158,0.045938813357773375,-129.15185460728557,29.37791823158201,1,1
715,0.6542752808081455,0.45756825869715256,0.5559217697526491,0.03892988169923707,-132.61404913460444,26.671650172970523,1,1
716,0.6411557306290112,0.4498964617144388,0.545526096171725,0.03490366330891651,-132.48519983811047,27.779715410816543,1,1
717,0.6207324861561268,0.44756211217266706,0.534147299164397,0.03637881156491553,-132.19152934405363,28.141160386078884,1,1
718,0.6203578038972108,0.44158966872274596,0.5309737363099785,0.043625452936218306,-132.98804378554053,28.695501760913242,1,1
719,0.6285379372846,0.4483792511770596,0.5384585942308298,0.04568631267542333,-133.00640279962843,29.386324797254314,1,1
720,0.6218293217517296,0.4388150268547605,0.530322174303245,0.05123887884751891,-133.43436818138588,28.994470637581212,1,1
721,0.6027033615139816,0.4192087390923512,0.5109560503031664,0.06257322223171766,-136.53994153513207,30.790960497224194,1,1
722,0.5872867754269886,0.40840202774406614,0.49784440158552734,0.05250699719627767,-133.0287918364026,30.132287995998446,1,1
723,0.616537124431534,0.42052770318376237,0.5185324138076481,0.03233463445583084,-135.18423793078895,31.093807445018754,1,1
724,0.6053004836020001,0.4338861913697977,0.5195933374858989,0.040234894780394076,-135.10708749733175,31.386205195594915,1,1
725,0.5999188002790385,0.4367968834268993,0.518357841852969,0.030714832247818215,-136.12490235168153,30.653205469675676,1,1
726,0.5894965309109949,0.4303184859164282,0.5099075084137115,0.03691404647832687,-134.71474920047783,31.225120964220203,1,1
727,0.5808845021707489,0.4329127153204364,0.5068986087455927,0.0466625060679369,-135.77205656195514,32.11290405963521,1,1
728,0.587429034456852,0.4381240423377916,0.5127765383973218,0.019901966891095066,149.32497043869688,47.12226477036774,1,1
729,0.5886475479747671,0.43948542285238623,0.5140664854135767,0.019221807521780543,-138.3868087234527,30.18745163824235,1,1
730,0.5836253200178554,0.45445690160929664,0.519041110813576,0.018029848700694157,-141.38311268640325,33.66069425686286,1,1
731,0.582828885380008,0.4530343749317103,0.5179316301558592,0.018698480329553874,-138.2096113236138,32.84780551992308,1,1
732,0.5826597058889679,0.4590344489767245,0.5208470774328462,0.015904700826317886,-136.5761296345116,34.00016345097582,1,1
733,0.5644880282443574,0.441377276595541,0.5029326524199492,0.06647527389737524,-140.69410163861764,34.14911738186745,1,1
734,0.5618263470830273,0.44985031114946245,0.5058383291162448,0.04837090912131898,-138.30032418971987,33.22329816845495,1,1
735,0.5701860459054245,0.44923234118287064,0.5097091935441476,0.04078608754524137,-139.02102480460866,35.36018697098406,1,1
736,0.5843941920972734,0.463057418620799,0.5237258053590362,0.028159111089262757,-139.99384323906503,36.64793475959828,1,1
737,0.5830070712026666,0.4653777709341079,0.5241924210683873,0.025440271141923126,-139.77794274787453,36.44083081930637,1,1
738,0.5440580960502147,0.44135934463008614,0.49270872034015045,0.031234884125603126,-139.03744669338582,36.21598009369422,1,1
739,0.5052432192343244,0.42939274446678105,0.46731798185055273,0.025400944656770022,-137.50780380904206,35.501076653169484,1,1
740,0.501926124903163,0.42715179400807624,0.4645389594556196,0.02154297015231112,-139.98435462848747,34.14502199581586,1,1
741,0.49100322998764206,0.4155859183749409,0.4532945741812915,0.025368779974110918,-137.42181534323436,35.6251294294257,1,1
742,0.49123412285654644,0.41899115170667584,0.4551126372816111,0.02768423579705637,-139.9928003802086,34.95851805162685,1,1
743,0.48488576714317105,0.41816412950088877,0.45152494832202994,0.030024782478092826,-139.28722755301408,34.245482553545315,1,1
744,0.4971176116780592,0.4244516481454685,0.46078462991176383,0.02411267717605319,-140.54776947110165,37.26642082696252,1,1
745,0.490190552017637,0.41568978248460814,0.45294016725112257,0.011765188906013257,-143.0619339976205,36.675568097439104,1,1
746,0.49419850353243644,0.41149401781900224,0.4528462606757193,0.014680606208699369,-143.1542462796062,36.62569151410026,1,1
747,0.5107097754993635,0.42328042913136893,0.46699510231536623,0.019715425901872904,-140.3001553982753,37.58933749401251,1,1
748,0.5118379383080217,0.4176906224097808,0.46476428035890127,0.02653905735240621,-145.58297696938467,39.186692511265775,1,1
749,0.4930583707305206,0.4163197655433068,0.4546890681369137,0.0336446293126055,151.15441205361455,46.01790463679421,1,1
750,0.4818388112362991,0.4059510860810384,0.44389494865866874,0.011049238215825338,163.25181022272267,46.53513389197652,1,1
751,0.4839598705250411,0.4053378708856381,0.4446488707053396,0.013600924955012465,163.2834684796134,46.898711069074146,1,1
752,0.4752347636910477,0.40708576854311024,0.441160266117079,0.010913144257207215,175.6698163530064,53.83561846353312,1,1
753,0.5034811318413307,0.4208135196945265,0.4621473257679286,0.020069914068952064,-141.59531488512246,37.803272236770006,1,1
754,0.49620843479316135,0.4225552806941455,0.4593818577436534,0.011534257564530236,-139.23598551889899,36.67471906163204,1,1
755,0.5026487938343035,0.4241342958639261,0.4633915448491148,0.023709004606428823,-178.2305688800708,51.43874853912432,1,1
756,0.5222610532028282,0.38343609573091,0.4528485744668691,0.014774094534903364,-135.39583724073825,32.46317402728117,1,1
757,0.5150470903216777,0.34059825727158893,0.4278226737966333,0.034794849334552964,-134.53889102568615,34.62418847535587,1,1
758,0.5588185063181107,0.36611066782539853,0.46246458707175464,0.021105992937373905,173.61784797556177,48.21401702172206,1,1
759,0.5710335876477239,0.3519900429323465,0.4615118152900352,0.05998519151352436,-135.55221213483284,35.92919283223418,1,1
760,0.5997987977688208,0.3473349789881644,0.4735668883784926,0.031183875448681578,-130.7415579647178,29.088246354197448,1,1
761,0.6815918409187058,0.4113497574547401,0.546470799186723,0.07253185499127253,-128.6175531101186,24.43423940726961,1,1
762,0.706203716877087,0.4142635650503372,0.5602336409637121,0.13592290456001865,-124.8194894801693,21.587009266852125,1,1
763,0.8593334971738392,0.3983229293754935,0.6288282132746663,0.3066871812671807,-118.55396590187792,20.977591888689812,1,1
764,0.8514587723075216,0.38432230636682496,0.6178905393371733,0.35461174806726203,-117.97349599235264,20.67530641850945,1,1
765,0.8630792073542763,0.3810745562447879,0.6220768817995321,0.3015473055370292,118.14768941445526,31.386636606795413,1,1
766,0.8637038454921772,0.36769774852191367,0.6157007970070454,0.36618407945773207,-118.71196226897823,20.791693507048752,1,1
767,0.9415468422298442,0.3926301282449751,0.6670884852374097,0.3623092811688046,-119.51819435976216,16.440009186895107,1,1
768,0.9216622298195896,0.36352750453942784,0.6425948671795088,0.3608709108377977,-118.78246356837376,21.48227751694181,1,1
769,0.9554058600163934,0.37843700427770693,0.6669214321470501,0.2997116463610667,-121.83991285483332,17.296089721899865,1,1
770,0.9647214201598057,0.39603011926364157,0.6803757697117236,0.31090998022942046,-119.75175907473664,21.233361589264348,1,1
771,0.924530807179296,0.39263635589210727,0.6585835815357016,0.2843212114075981,115.67408485051152,28.96906517024152,1,1
772,0.915939874860619,0.38188391918217984,0.6489118970213994,0.31721789019041086,-118.34379145019948,16.517143445164166,1,1
773,0.8186544217763023,0.40833457221851327,0.6134944969974078,0.2724701055004929,117.78723751368769,30.129322052749576,1,1
774,0.7954138147238178,0.39229816331866674,0.5938559890212423,0.318813721518807,-126.46929220064905,28.78565969898745,1,1
775,0.763414391514594,0.3990817160447131,0.5812480537796536,0.2814639015128978,-127.15848951503713,24.66782557713148,1,1
776,0.7163235994829545,0.4039733524873306,0.5601484759851425,0.2622980654040383,-132.15933148050044,32.8658070815501,1,1
777,0.6868799877176988,0.391346380639796,0.5391131841787473,0.27844191924787964,-133.58011702878215,29.68586506729749,1,1
778,0.6405875512835338,0.3788769185311094,0.5097322349073217,0.29871681776312725,133.23370820911146,38.895445929734194,1,1
779,0.6731823635457268,0.4152475430351562,0.5442149532904414,0.2772289331405581,-138.00034387118365,33.703513923891464,1,1
780,0.6012221969244478,0.3743670784191567,0.4877946376718022,0.2877494443678429,-137.2161046668514,32.99178664656806,1,1
781,0.6055703216386001,0.3734740120022265,0.48952216682041333,0.2821793388282473,-138.1839017100908,34.53708070241718,1,1
782,0.5808609625551971,0.3822694961898333,0.4815652293725152,0.3030995611231456,132.7292739470673,40.716208294321454,1,1
783,0.5820636825232957,0.4228632709120119,0.5024634767176538,0.2927671042150772,-137.5536681275083,38.115333586644475,1,1
784,0.6195841206892423,0.4436174750491088,0.5316007978691756,0.2863157805328928,133.62993979075108,40.92847440220057,1,1
785,0.6050976324148656,0.4461297355325082,0.5256136839736869,0.2691428763388413,137.85052709604534,43.75069939419562,1,1
786,0.5885915025347117,0.43342551801297596,0.5110085102738439,0.24670039455517334,-147.15482922099585,41.23737765519614,1,1
787,0.5513094846803981,0.4179638339255099,0.48463665930295396,0.26768430599643206,-176.41455725551725,48.07232467824701,1,1
788,0.5748078686654554,0.441004719459875,0.5079062940626652,0.237691402135852,-138.30419689956798,36.537583730496145,1,1
789,0.5704006456099983,0.4337047409249892,0.5020526932674937,0.23222984795180646,-150.8784929285594,39.9750193878693,1,1
790,0.5671768382032699,0.43748076153876925,0.5023287998710195,0.2182990921938092,-140.9049828675397,35.30882186697668,1,1
791,0.5897645489714998,0.44836612938017206,0.519065339175836,0.22492266633263527,163.54627047088272,48.32924350289325,1,1
792,0.5992781121835796,0.4601956018334941,0.5297368570085369,0.21846324148372412,-137.94736213222592,34.87723850431603,1,1
793,0.5767228389622855,0.42870997057647237,0.502716404769379,0.20918871057485622,-146.5887936345913,41.45879393420307,1,1
794,0.5860584569123974,0.44615425742858217,0.5161063571704898,0.19968559024189994,-134.8590959075778,34.68606511414235,1,1
795,0.5907531929812707,0.4546173714308974,0.5226852822060841,0.19532775993270926,172.06815627264473,46.904191832764,1,1
796,0.5785081109637845,0.4544932323603884,0.5165006716620865,0.19415947221241134,-171.42231174423358,43.292187097560245,1,1
797,0.5696392973773549,0.45023303222753275,0.5099361648024439,0.1938816509273954,-136.16864239694286,36.76148750437864,1,1
798,0.574226039043528,0.45622665333915496,0.5152263461913414,0.1973976020096453,-140.83498899117689,35.042981231165726,1,1
799,0.58094658647694,0.46156558869449305,0.5212560875857165,0.20611493064250033,-154.90730802871974,44.94265927711871,1,1
800,0.578749002772854,0.45539397429167205,0.517071488532263,0.1913887240742593,-169.4414460542222,52.0115133654062,1,1
801,0.5765654595951393,0.45465600852420035,0.5156107340596698,0.19110704439223214,-135.5809921036339,35.046706078489954,1,1
802,0.5837821224599463,0.4591545558942011,0.5214683391770737,0.2019955027030865,-135.77149440982978,35.83003540645545,1,1
803,0.564133495521822,0.4496208142661662,0.5068771548939941,0.1949826360837255,-135.47372927852155,34.96611224495652,1,1
804,0.5654706471428651,0.4517462577567311,0.5086084524497981,0.20104725065138887,-137.71621422100864,34.17611090230155,1,1
805,0.559054800338869,0.446405723700101,0.502730262019485,0.16466398682789996,-137.37397046895478,34.88200764290411,1,1
806,0.5608236606335822,0.44161118148597467,0.5012174210597784,0.18622692760874882,-164.2551078581946,41.62717548748426,1,1
807,0.5463174458990502,0.4396421836473572,0.4929798147732037,0.18257283145833844,-143.50872333603286,43.272514552705886,1,1
808,0.5461255916293982,0.43921968128224914,0.4926726364558237,0.17719829400840384,-136.78161928279354,35.835780026797785,1,1
809,0.5568319133018965,0.4475924144292081,0.5022121638655523,0.17635600834534568,-162.83565292338034,51.48362954076342,1,1
810,0.5347141276182751,0.4399018488640064,0.48730798824114074,0.19426859011492864,-137.75607813684186,38.147706280981126,1,1
811,0.5399627345883339,0.4424300208238372,0.49119637770608554,0.17366651280645332,-136.75993726411917,36.22602073077992,1,1
812,0.5465784795667974,0.44680007936724553,0.49668927946702146,0.18375877762028758,-136.145914830757,35.31014289704329,1,1
813,0.5410422096930865,0.4425880560382144,0.49181513286565043,0.18408059918186448,-136.30498053464748,35.88957323734678,1,1
814,0.531374132588824,0.43781261860218007,0.4845933755955021,0.19458283826342962,-137.66040200452142,34.12888343376682,1,1
815,0.531357343430471,0.4317511239975619,0.48155423371401646,0.2033528406927421,-137.33450943900874,36.81764242059933,1,1
816,0.5456500029334266,0.4408481711633064,0.49324908704836645,0.1903977159318908,-138.16767823989906,36.90000225963141,1,1
817,0.49804944397381173,0.4046286036682908,0.4513390238210513,0.20172587750207185,-137.22668794032032,38.03667103815902,1,1
818,0.5067141599679853,0.4097752051995902,0.45824468258378775,0.17016185649489352,-137.33163619372723,37.806188910687446,1,1
819,0.5075655663124177,0.4048938112866943,0.456229688799556,0.17857008230642277,-175.9527401078316,45.59882156453249,1,1
820,0.4947378690285485,0.40779321334986673,0.4512655411892076,0.17414800737874458,-141.75228597095284,42.85253110728587,1,1
821,0.5088829907727715,0.41545596124718465,0.4621694760099781,0.18195942307812468,-136.67276511451448,36.23972466815694,1,1
822,0.5009252610926438,0.41412635253279806,0.4575258068127209,0.17880913104544818,-136.71901981121653,36.54488871331297,1,1
823,0.49275748634977484,0.41857193190278014,0.4556647091262775,0.1803140280603883,-139.30019705111638,34.46135710550457,1,1
824,0.48397439737091685,0.40932741018612506,0.44665090377852096,0.20443435734769613,-136.31751946368334,34.27643169607129,1,1
825,0.46929131455793127,0.40399235774876247,0.43664183615334684,0.1953675577354627,-137.24997681706478,34.310630471614246,1,1
826,0.46983038550000167,0.4037694642759641,0.4367999248879829,0.20337210153494542,-137.75591401648944,34.67839505444303,1,1
827,0.47477079687948803,0.4057855560828355,0.44027817648116174,0.20269946390354876,-146.12549121449246,43.58385126072143,1,1
828,0.45654043951547896,0.4014826173519709,0.4290115284337249,0.19975136584934122,-138.057866300833,35.68925756855352,1,1
829,0.46524299849629547,0.40266346496667693,0.4339532317314862,0.19884359130159338,-137.43445012176133,33.78170686713402,1,1
830,0.4606450408858444,0.39470968839410436,0.4276773646399744,0.20849651342925316,-137.80712476619644,32.75812930401761,1,1
831,0.4733297149721864,0.4117710265652576,0.442550370768722,0.21743617237680068,-135.6041286623405,34.60807764266359,1,1
832,0.48239294411002764,0.4111551026327291,0.4467740233713784,0.21881392627608307,-135.51115621025156,35.47203723298972,1,1
833,0.4816726995614796,0.4050054588864622,0.4433390792239709,0.21531755990028517,-30.776689991977495,71.86318726928498,1,1
834,0.4763953788753775,0.4088648608914963,0.4426301198834369,0.19625446628735235,-135.983721532455,36.35592657718607,1,1
835,0.47297941406447636,0.40171259187426706,0.4373460029693717,0.18811336632986556,-136.38513712200327,37.3200230385553,1,1
836,0.48099063802570163,0.4126440068089543,0.44681732241732797,0.1725853057063013,-136.20161380886447,34.627306677303736,1,1
837,0.4710427276923027,0.40844074716413287,0.43974173742821776,0.15692961625650353,-135.69575776000337,34.62483847851532,1,1
838,0.46975724751462333,0.4052009078764954,0.4374790776955594,0.1448302623257543,-135.3954982797042,34.38851035076661,1,1
839,0.4898503978634977,0.4119629905204227,0.45090669419196017,0.14918603350829293,-135.04459160827886,33.854548333932705,1,1
840,0.4833198587589317,0.42169752277318096,0.4525086907660563,0.12957699060259728,-135.58843834105136,34.27936144330808,1,1
841,0.4680779009432534,0.398003501702267,0.4330407013227602,0.1180626618831246,-133.4055769344848,34.33753020680555,1,1
842,0.48080835313432,0.406499931727317,0.4436541424308185,0.12611529759470952,-26.460901056162072,71.13838433343574,1,1
843,0.48051699332725817,0.40834230797434207,0.4444296506508001,0.11391809339067235,-134.77298883743512,36.770280185968296,1,1
844,0.4614162291095074,0.3967722442520235,0.42909423668076546,0.10237732843921048,-29.039075553548926,71.56931780822401,1,1
845,0.48703806566437213,0.42320413778582283,0.45512110172509745,0.12544742608973547,-137.37865445250844,37.063446747256634,1,1
846,0.5139577388741807,0.4407166973664307,0.4773372181203057,0.15595326406958218,-31.122672760975497,72.12101099782068,1,1
847,0.518864236986165,0.44935507332778607,0.48410965515697557,0.1796760239443219,-136.72026365777407,36.58570835128953,1,1
848,0.5305803160286491,0.45607627613907237,0.49332829608386075,0.16894173795281575,-139.03466366891152,36.35184364779557,1,1
849,0.5153072294740152,0.44310212808074095,0.47920467877737805,0.1767060543716907,-31.196795182262353,72.1694899235018,1,1
850,0.5208338557299493,0.4502316378823536,0.48553274680615144,0.18170339931518587,-31.01618024500201,72.15143537557273,1,1
851,0.5194356719479434,0.45128980027809784,0.4853627361130206,0.24511889771840784,-30.20783317540491,72.1146905431048,1,1
852,0.5268453603703366,0.4507580496257204,0.4888017049980285,0.21609984763109139,-30.379226403270874,72.16233431282913,1,1
853,0.5452016774109627,0.47278720840486316,0.508994442907913,0.21064046615883839,-138.04652878169543,33.82271751440098,1,1
854,0.5303436369123817,0.45999042538076645,0.4951670311465741,0.21889435758177084,-137.950725147919,33.75123376720851,1,1
855,0.5145033605898295,0.45285676457532353,0.4836800625825765,0.2364368205043842,-137.61658493896053,35.52171755174933,1,1
856,0.5184342645916076,0.4543436256526364,0.486388945122122,0.25828375206861875,-137.89606626349538,33.724910800105484,1,1
857,0.5104413638259296,0.45152019169752583,0.48098077776172776,0.22879140508678786,-138.15119125825302,33.61111501683949,1,1
858,0.5164178527390739,0.4526369401627762,0.4845273964509251,0.22429750654802255,-138.86088886208148,34.210625095804815,1,1
859,0.5148443004693876,0.44441502862464605,0.47962966454701683,0.23150326359683093,-138.80270952947023,34.285559307506986,1,1
860,0.5144450141088198,0.44367345376901585,0.4790592339389178,0.22439212224219693,-139.2061429928345,34.623234773431925,1,1
861,0.516776982574292,0.4469106892669178,0.4818438359206049,0.23596622360096353,-139.58318349769155,34.274246124601866,1,1
862,0.5208840164456173,0.4532296958013046,0.48705685612346095,0.2401841767163403,-139.30180207321393,34.67470208469387,1,1
863,0.5140627236302253,0.44704861356117165,0.4805556685956985,0.23411538000857415,-139.36825703729775,33.68768122380488,1,1
864,0.5166096674007526,0.45311032350582525,0.48485999545328895,0.2326667322996115,-139.18309845534915,34.441878889640385,1,1
865,0.5283752404079849,0.472558134083389,0.5004666872456869,0.2474154690266604,-140.94672450605475,37.08830929626517,1,1
866,0.5367046203165343,0.4788690134670984,0.5077868168918164,0.24805635672877613,-140.59270294799126,32.64155557251452,1,1
867,0.5204844770935676,0.46495930189847506,0.49272188949602136,0.24365460036033637,-137.44924154357747,34.42608987974958,1,1
868,0.522083327157236,0.4719698578284961,0.49702659249286607,0.25036909848892885,-138.46427796954663,32.837366614261015,1,1
869,0.5254815663963708,0.4768807107605631,0.5011811385784669,0.24901011588658922,-137.75655513724442,32.545234187881285,1,1
870,0.5315553968442847,0.48188485003165465,0.5067201234379697,0.2514283229440536,-138.23039231993226,33.95518823243775,1,1
871,0.5275361553245428,0.475776643429911,0.501656399377227,0.2573587358652815,-138.29633753382754,33.63680307471281,1,1
872,0.5256572659435235,0.4743797723775285,0.500018519160526,0.2550339237464002,-138.30835036639314,33.782653925466384,1,1
873,0.5194557777446155,0.4756869744144654,0.49757137607954044,0.24789285378819706,-138.57911078840547,34.28271813854127,1,1
874,0.5172269921014138,0.47402700938757014,0.49562700074449195,0.24432236440018065,-138.74429253222686,34.41926494919674,1,1
875,0.5203753235399923,0.469481416924908,0.4949283702324502,0.24739761858203213,-138.20210083330272,33.725505340201394,1,1
876,0.5133250292960974,0.46796013441904133,0.49064258185756937,0.23923347642134646,-138.26830864598824,33.79547304274296,1,1
877,0.5036408015928284,0.46026548025666125,0.48195314092474484,0.24606441597454573,-138.65649968910282,33.384087073441805,1,1
878,0.5021350224711731,0.45271115102189424,0.47742308674653366,0.24841218311164226,-139.29350064575917,34.523441155219295,1,1
879,0.5077908119390944,0.4586213946675738,0.4832061033033341,0.2628906920587476,-139.391902237008,33.17244413010743,1,1
880,0.5140112032070172,0.4657102818113639,0.48986074250919054,0.2550442231400615,-138.41777964133925,33.8782426390618,1,1
881,0.5068727649617255,0.4605116795141852,0.4836922222379554,0.2633900987851126,-139.2052799117614,32.88853036337587,1,1
882,0.5140359256815843,0.45730206147302516,0.48566899357730475,0.2739852745128276,-139.57591844679354,33.12611818780691,1,1
883,0.5098151062158987,0.4517398152514862,0.48077746073369243,0.27432441387186074,-138.94805354690425,32.706826347567386,1,1
884,0.5103679887393907,0.45908013456603364,0.4847240616527122,0.2800586347352943,-137.47323707593557,33.727954503101294,1,1
885,0.511263774336086,0.45844444719118116,0.4848541107636336,0.2874985487772517,-139.06134253965118,32.63122329410919,1,1
886,0.5223399052422516,0.46281422190469607,0.49257706357347386,0.2897869455839753,-139.01417119664166,32.76528909036681,1,1
887,0.5179769412268292,0.4630958222358581,0.4905363817313437,0.2916777665122229,-139.40779697183885,32.86569006189561,1,1
888,0.5292622010038273,0.46824477513340274,0.49875348806861497,0.2783215841833739,-139.32982870778503,32.808952245514746,1,1
889,0.5381348308487727,0.48629981605589495,0.5122173234523338,0.28522380195348496,-139.16878375836296,33.2950432769133,1,1
890,0.5415692120473024,0.4875635319525219,0.5145663719999121,0.2856154537911804,-139.3310674842806,33.28935098788125,1,1
891,0.5485223832158838,0.4854500499890768,0.5169862166024803,0.29870076634115184,-139.0010220561619,33.595095102536305,1,1
892,0.5124562530555598,0.46006022243694317,0.48625823774625143,0.29649804998458273,-138.46413864896226,33.38278785655804,1,1
893,0.46865758690477594,0.4197208405815445,0.4441892137431602,0.3137081125516599,-139.6370618957214,33.50424904993399,1,1
