frame_num,left_ear,right_ear,ear,mar,phi,theta,label,valid
1,0.3564940237642081,0.33435580097390766,0.34542491236905787,0.005695137595385381,-132.58698802716825,35.9215598118917,1,1
2,0.37913832450529855,0.34947213094928437,0.36430522772729146,0.004308797414298399,-133.20960487298746,34.28661803151977,1,1
3,0.36843888265910685,0.34267912345360785,0.35555900305635735,0.005788094621851042,-133.05264754430448,34.232463768641786,1,1
4,0.3669954234797284,0.34953294103497706,0.35826418225735274,0.004658353549985665,-133.47128497453068,34.20969527143189,1,1
5,0.3709163923167927,0.3494228883069658,0.36016964031187926,0.004930699829843716,-133.1658487633557,34.13589790461034,1,1
6,0.3749247019375709,0.34829447780172296,0.3616095898696469,0.005575120624740736,-133.14573551454734,34.63672880101667,1,1
7,0.37448353460256273,0.3523860196728884,0.36343477713772554,0.005686586547816033,-132.92772342992902,35.55316526073355,1,1
8,0.35762482026563225,0.3284457233089643,0.3430352717872983,0.005647413405462662,-132.45825468660516,33.96488068386249,1,1
9,0.17703429813346375,0.16767607898570613,0.17235518855958493,0.007130629506195563,-133.1266533427973,35.11010068867243,0,1
10,0.1005007369530677,0.10104217022232695,0.10077145358769732,0.00678118865817533,-136.93258115887062,37.55242718876934,0,1
11,0.11915534699018136,0.11157053228847064,0.115362939639326,0.00567074166638145,-134.788114399556,36.06779300190469,0,1
12,0.27536809018070046,0.2552387855011422,0.26530343784092136,0.006896108142275548,-132.91550514356928,35.06958547360761,1,1
13,0.34280633594518395,0.31102205266578753,0.32691419430548574,0.0053936278920038525,-132.3056756578036,34.961468358128045,1,1
14,0.3459374837481267,0.32670179521259807,0.33631963948036236,0.007367149114161575,-132.94488661584015,35.32828602362174,1,1
15,0.35492601945110763,0.3423447821440951,0.34863540079760136,0.007570224932615234,-133.1673594472296,35.372214755024494,1,1
16,0.3567982669652858,0.35016208955012734,0.3534801782577066,0.0069837172444505696,-133.4367797363742,35.2951145616552,1,1
17,0.35812042853343373,0.3516892886396398,0.35490485858653675,0.007395833559592777,-133.6066422997524,35.162225748900084,1,1
18,0.3504757083712961,0.3553908433008519,0.35293327583607403,0.007557541762990368,-133.84432614989316,34.80999445914059,1,1
19,0.3454162272803532,0.34857498840544504,0.3469956078428991,0.00802567881538106,-136.0070908491042,35.342355541670216,1,1
20,0.31331837485262404,0.2982072466814474,0.3057628107670357,0.008946951231876513,-135.20617347352643,35.89611715891377,1,1
21,0.2707813622523209,0.2594216921882688,0.2651015272202949,0.007235414791478969,-133.86095307417258,34.791858435025354,1,1
22,0.25657713723333475,0.2457264331517621,0.25115178519254844,0.008915502340631301,-134.4552809666292,34.82936670179132,1,1
23,0.3067335787872571,0.27655561986906074,0.2916445993281589,0.008722278849998485,-133.64850538985533,35.14136048656642,1,1
24,0.3116017709222795,0.2861607989850707,0.29888128495367505,0.00812302610034678,-134.05721391021288,35.19336098793348,1,1
25,0.33324268454339456,0.29957029886444003,0.3164064917039173,0.008847106916232462,-133.79135418796332,35.55248034946001,1,1
26,0.34408412764103163,0.3071016210188095,0.32559287432992057,0.008177101967565574,-134.09709517327175,36.29888994624328,1,1
27,0.3270134857332955,0.291702183269475,0.3093578345013852,0.008800916151009973,-134.02596221651615,35.3613817908812,1,1
28,0.35476537752322435,0.3146877300084907,0.3347265537658575,0.00800909491659968,-135.95786715153093,34.95868091192626,1,1
29,0.34932963303358433,0.3125651640741639,0.3309473985538741,0.00889960484867981,-136.5025723337737,34.53094953358276,1,1
30,0.3598835069652032,0.31901984049325444,0.3394516737292288,0.009069669764472512,-136.38728537307108,34.92834845596721,1,1
31,0.3408353541710657,0.29748415145637147,0.31915975281371856,0.008666211372955266,-136.1009337663065,34.0506255229044,1,1
32,0.3375067387677446,0.30481838538247846,0.3211625620751115,0.007742944236422016,-133.82496088717775,35.31735377304963,1,1
33,0.3363755788873669,0.3013314599627348,0.31885351942505086,0.0067306758233056044,-133.9924428181766,35.48264986876502,1,1
34,0.3420347078841424,0.3007173055281056,0.321376006706124,0.0068367286835994585,-133.50650181039356,35.51875249523952,1,1
35,0.33862497242657463,0.3082293003082061,0.3234271363673904,0.007967508766351137,-133.40292939018792,35.06645529790776,1,1
36,0.324046905724044,0.30178149999349524,0.3129142028587696,0.005172194606998512,-133.45235455562036,33.245892486258,1,1
37,0.3307530425722432,0.2944799582953975,0.3126165004338204,0.009695726118361546,-134.0472491546431,33.92402622299944,1,1
38,0.3450787300946678,0.31108120461397365,0.3280799673543207,0.007370718191819572,-135.01190174419906,35.01095663568334,1,1
39,0.34524370803348153,0.30509392563754445,0.325168816835513,0.006754736625696459,-134.86813640773457,34.05637977671015,1,1
40,0.35816443516338897,0.3116568533545073,0.3349106442589481,0.004851860209506143,-133.9935624329967,33.637422852800576,1,1
41,0.35678356810115397,0.31664816660140205,0.336715867351278,0.005531310780792151,-133.83262039557727,33.336481739138186,1,1
42,0.3348453531617742,0.3082509043126358,0.321548128737205,0.005385931830651518,-133.98440373176763,33.57720006815606,1,1
43,0.33731238692164917,0.32530661004658484,0.331309498484117,0.011145225768501573,-134.3250868446846,33.83595497314123,1,1
44,0.33695073223687483,0.32951476380978184,0.33323274802332836,0.005488640366708554,-135.69589010816478,34.37318540637775,1,1
45,0.3395810711117115,0.31616774486855026,0.3278744079901309,0.004970269107739057,-134.5938280861048,34.401453910965344,1,1
46,0.3283722074756311,0.3104178990612984,0.31939505326846473,0.0037501000314636855,-133.1324072580789,32.43196509229807,1,1
47,0.34878164422537183,0.3171023230577846,0.33294198364157823,0.00555538630021163,-132.8687865643522,32.55046369190073,1,1
48,0.3470722623332882,0.3167788176522815,0.33192553999278485,0.0077969799039909705,-133.56096793394863,33.01933634629037,1,1
49,0.34190586353723545,0.31707173442262115,0.32948879897992833,0.009071550418787067,-133.61345657352106,32.99833261497112,1,1
50,0.34720864634035126,0.3184078012760795,0.3328082238082154,0.011791195079040211,-134.57689450782337,34.12550923303294,1,1
51,0.3382066640391507,0.31118135748394077,0.3246940107615457,0.008901038412829326,-134.28706859095485,33.16582686767016,1,1
52,0.3129338768241612,0.2932486202314753,0.3030912485278182,0.01179612316021809,-133.02167892440832,32.50687930158425,1,1
53,0.3466821163786725,0.31289700903011236,0.3297895627043924,0.013243107168871686,-134.1439588538879,32.629813550155646,1,1
54,0.3299998270868921,0.2994016180541711,0.3147007225705316,0.006173889633282561,-134.0601656918139,32.83320800846688,1,1
55,0.3171603784030666,0.2926100941487471,0.30488523627590686,0.007315868655728695,-134.0564746037598,33.08790694267756,1,1
56,0.31627043647627073,0.30698331728023237,0.3116268768782515,0.004250092282695412,-134.00388023321912,33.80879016927685,1,1
57,0.32027840467472724,0.303131476434733,0.3117049405547301,0.011356537680623831,-135.41114578065103,34.19612255260088,1,1
58,0.3115241731382268,0.2839940194907671,0.29775909631449693,0.013212532609938692,-135.06485925812694,33.80705655602461,1,1
59,0.3078125296784465,0.2825439836590456,0.2951782566687461,0.010910658219897111,-135.3786937985685,33.8454862306739,1,1
60,0.30179110028523237,0.2888718306715797,0.29533146547840605,0.007632243559558904,-134.77441938494235,33.15549929225336,1,1
61,0.3264969825576824,0.2989577389802449,0.3127273607689637,0.0067150536694313605,-135.59244288920345,33.926226098458045,1,1
62,0.31752553690501173,0.2901534040652508,0.30383947048513127,0.006892260211870774,-135.51237571157813,33.86026208376892,1,1
63,0.31347085415033504,0.2871842532850647,0.30032755371769987,0.011061969634539537,-135.74279344184978,34.33244413435548,1,1
64,0.3125186954559894,0.2938163112469222,0.3031675033514558,0.012772997280864172,-136.09455957837596,34.2723288165296,1,1
65,0.2789453274398668,0.28168305181334924,0.28031418962660803,0.13119813737231054,-135.5925216057819,35.27132372048466,1,1
66,0.28425413696982715,0.2783726383862325,0.2813133876780298,0.2250060001588247,-136.06966320078092,35.876765671133185,1,1
67,0.295308840625376,0.27411419460321823,0.28471151761429714,0.23408700670590138,-136.28182657949768,33.52156550996377,1,1
68,0.2048543074893725,0.21268039108559325,0.20876734928748286,0.2343780051506011,-130.54016117891288,32.378815821247095,1,1
69,0.1496932844519795,0.09250449087166525,0.12109888766182236,0.24799751191456754,-139.5871774771529,37.04091588867246,0,1
70,0.10468737520590705,0.07251992171575702,0.08860364846083205,0.23889920709682835,-144.64818264337902,41.6597885169416,0,1
71,0.054581128507988554,0.05061683221348904,0.052598980360738797,0.2513366066542097,-146.9622995900073,41.76356814874937,0,1
72,0.03443909440138438,0.03352687426249963,0.03398298433194201,0.24163284993008874,-142.55133113637467,38.437656362749316,0,1
73,0.07777513608159664,0.05487252904523661,0.06632383256341662,0.22910919220671055,-141.14128175261146,33.10751889895132,0,1
74,0.07951798343591202,0.09024999444694781,0.08488398894142991,0.24025588721331084,-154.56132571022184,47.567953663444186,0,1
75,0.1429426293457771,0.10043273984702032,0.1216876845963987,0.25205489420766874,-140.83890005129905,40.01997717054304,0,1
76,0.17511074179581745,0.12569450522485393,0.15040262351033568,0.24351286125736613,-167.56770934246606,51.196464114480236,0,1
77,0.19131737081428873,0.16748541197170574,0.17940139139299724,0.2492664239804319,-159.90399926407198,41.1266879707386,0,1
78,0.2666102369873987,0.19884996583181744,0.2327301014096081,0.23288308991000564,-170.0039388596696,44.59377492647333,0,1
79,0.2781235829277749,0.21886383954509456,0.2484937112364347,0.2382114455348636,-141.1734478316723,35.67307369417254,1,1
80,0.2625727887474233,0.21107816451365968,0.2368254766305415,0.24030720277815668,-140.74122833265622,35.663129550824685,1,1
81,0.2938617382011661,0.25261597423842036,0.27323885621979327,0.24430665256736686,-146.35503830193926,37.10303071013919,1,1
82,0.2834544220787126,0.2545589773076878,0.2690066996932002,0.25140852131583596,-143.45628919873047,41.70017334442828,1,1
83,0.2765392840856012,0.26869981406475346,0.2726195490751773,0.245985292464519,-140.14334387087027,37.696770959040315,1,1
84,0.30617257887074195,0.27630732391891,0.29123995139482595,0.26382669734478464,-142.67163594518533,39.82713076640489,1,1
85,0.3089181398302492,0.2824387782671257,0.29567845904868745,0.26025773870566626,-132.8823049972676,29.215941254688573,1,1
86,0.31786855679709525,0.28526465348867963,0.30156660514288747,0.25649639281417663,-145.1284668051146,41.034884747891354,1,1
87,0.3183158359551146,0.285209644535826,0.3017627402454703,0.2555637624350203,-142.07194437182446,38.61956910710452,1,1
88,0.32382780261172517,0.2856499461045566,0.30473887435814084,0.24912209378077185,-149.0412726256459,37.255582540802585,1,1
89,0.32276075810203597,0.2855187748031903,0.30413976645261315,0.2522692298764777,-139.2655934046816,32.567905493682666,1,1
90,0.3283892901376383,0.30091722706073065,0.31465325859918447,0.28004635184784216,-149.56875192497552,42.824684953143006,1,1
91,0.32542294835382796,0.298974997721676,0.312198973037752,0.27438602851131483,-153.58557997778902,45.98259965181452,1,1
92,0.32680190413775023,0.3038795606914426,0.3153407324145964,0.28392974223556683,-149.17649759530923,43.75608942047817,1,1
93,0.32062682327470526,0.3126398533799396,0.31663333832732243,0.29227889916837513,-135.34527401020597,36.55937240915291,1,1
94,0.32149371584516456,0.31324550417904,0.3173696100121023,0.2842445943774516,-137.3326492498869,35.46499528148349,1,1
95,0.3217001865406874,0.3084704988715517,0.31508534270611954,0.2696627264636969,-140.53953390961905,38.96063827464496,1,1
96,0.31588860198733476,0.31027110247559847,0.3130798522314666,0.26069061958420925,-138.4954094288886,37.90395365184687,1,1
97,0.32969279344337515,0.3147363338720403,0.32221456365770773,0.2165126779546135,-136.54387575967962,37.02314845296075,1,1
98,0.33713872437918957,0.3154985040071185,0.326318614193154,0.2128098319259379,-137.6866295354846,37.11556059030555,1,1
99,0.33801933324559236,0.3162063044343668,0.32711281883997956,0.20416587383583218,-139.988179537976,38.30488829447692,1,1
100,0.32404210195021554,0.3042903582742914,0.3141662301122535,0.2046655691964787,-138.64302040262314,38.04230662462396,1,1
101,0.3270146539832917,0.3014475236733247,0.3142310888283082,0.20420537887708395,-138.08329229077827,37.95178517678832,1,1
102,0.3251200369800466,0.30173434149416983,0.3134271892371082,0.21049301091355194,-139.08020163865726,36.787118870272245,1,1
103,0.3227492571749337,0.3015765569247856,0.3121629070498596,0.21703174145201648,-137.76322210878143,37.479613039943864,1,1
104,0.3285534968422891,0.30432315521614184,0.31643832602921546,0.21129378634557486,-138.10286374725072,36.71850956845618,1,1
105,0.33644873493451277,0.3164647141764598,0.3264567245554863,0.20378243181917663,-137.08772501648255,36.11242509664178,1,1
106,0.33169554633906234,0.3150838166003402,0.32338968146970126,0.20434997750918882,-137.82529418749573,36.710232181542565,1,1
107,0.3276440034152195,0.31967068628880824,0.32365734485201386,0.22568312267429774,-137.43498907132224,36.462464149900896,1,1
108,0.3278428695402443,0.313575019394806,0.3207089444675251,0.2148900649156089,-136.82545658744715,36.252485147484215,1,1
109,0.31900393909570335,0.3105648779698306,0.314784408532767,0.21076180436147052,-136.81890368707636,35.955461969669024,1,1
110,0.3208154804513699,0.31511111569288164,0.31796329807212576,0.2144190810760235,-136.1656619657775,35.79339876432404,1,1
111,0.326809708762217,0.3281914141188831,0.32750056144055006,0.22317153076591595,-135.95895224859012,35.491428846992534,1,1
112,0.32925976194185463,0.3313679347153473,0.330313848328601,0.2372552170197175,-133.0980461028785,34.1836298566475,1,1
113,0.34368984599576047,0.33397876674534477,0.3388343063705526,0.23992219252924749,-134.12724777856238,33.264680501700894,1,1
114,0.37951811014969805,0.37085035251513454,0.3751842313324163,0.23728025376208356,-133.45262846683082,33.182303783375424,1,1
115,0.3780431752647586,0.3776197869982678,0.3778314811315132,0.2752095585496477,-131.84013133299757,32.619170380991385,1,1
116,0.3788991066622982,0.3663572396985275,0.37262817318041286,0.2572246580468567,-129.9798249764881,31.72846932641487,1,1
117,0.3732899921659687,0.37067811522927097,0.37198405369761983,0.16752963902764503,-129.71346855581854,32.59367859000862,1,1
118,0.3680293935611367,0.3466780822597038,0.35735373791042024,0.05074018413514429,-128.59826476667928,33.201441171024115,1,1
119,0.4096045191013336,0.38622970293556014,0.39791711101844685,0.03616808477698771,-129.74310862743823,34.838779963806154,1,1
120,0.3723959809932468,0.3574150866266213,0.36490553380993407,0.16065943320149453,-130.22293839253555,34.7963391149079,1,1
121,0.3687915333640414,0.3469238532931442,0.3578576933285928,0.1926609334107524,-128.9131595983866,33.88848064832729,1,1
122,0.384942447990438,0.3572325910892661,0.37108751953985203,0.22935227721500306,-129.39535786575337,33.74793864543596,1,1
123,0.3773002652235367,0.35725034013535617,0.3672753026794464,0.24618327297515535,-129.46922833612192,33.325341856230324,1,1
124,0.4019504387988758,0.38424312681402595,0.3930967828064509,0.27997044469179616,-129.3793826770005,33.28019610281781,1,1
125,0.42291095541302814,0.39940146641860785,0.411156210915818,0.3094508550817293,-130.09417134375042,32.88647652736873,1,1
126,0.3967066336725521,0.3869124031113748,0.39180951839196343,0.316153528108663,-129.72253379782325,33.156405182009124,1,1
127,0.380796318323828,0.36808740223797654,0.37444186028090226,0.3237581795873487,-130.25870483423924,33.30169204664797,1,1
128,0.3876390532982711,0.3783876780121737,0.38301336565522237,0.31840414703391445,-131.27806308566275,34.27701341550858,1,1
129,0.38002541396959316,0.37905780220807184,0.3795416080888325,0.3482363131070114,-130.43509172853123,33.36776637063261,1,1
130,0.3803730166190114,0.3858984935221291,0.3831357550705703,0.3643629786456185,-130.5580281509051,33.808870389572625,1,1
131,0.38276376488158015,0.3725147714560167,0.37763926816879845,0.3375951515796144,-130.69219009800497,33.33606640548008,1,1
132,0.3852079708590473,0.3725279565656171,0.3788679637123322,0.2972220449683381,-130.36478914520578,32.66518728135736,1,1
133,0.36691918616689295,0.36379878281167694,0.36535898448928494,0.18145295987856636,-130.26797718736398,32.78031836210404,1,1
134,0.3755134934020483,0.37174142979859276,0.37362746160032057,0.08441267188906568,-130.88674094810503,34.37683830884668,1,1
135,0.3791748566469483,0.3698282917853317,0.37450157421614,0.0672279227620837,-131.4569462066505,34.44740780493415,1,1
136,0.3595668926849211,0.35744382612310543,0.3585053594040133,0.14807313389586624,-131.6609508536677,34.58790461941105,1,1
137,0.35538317981806644,0.35132114358720984,0.35335216170263817,0.17759004296789482,-130.29165498929672,33.03735310324773,1,1
138,0.38367800999857504,0.37821700775538086,0.3809475088769779,0.20565765082078302,-130.66885836380948,34.194062258834215,1,1
139,0.3683041745013445,0.3667348785618175,0.36751952653158104,0.2335440056376215,-130.42183898149136,32.62575590471488,1,1
140,0.3723749254476309,0.37692893346513157,0.37465192945638126,0.2306396182975397,-129.72712402322117,32.534034697724785,1,1
141,0.3545777774728704,0.35655462061376275,0.35556619904331654,0.19202393304753865,-129.00193207929635,32.24186635981265,1,1
142,0.28281084301383774,0.3215660047432813,0.3021884238785595,0.1907560192002131,-128.5116363370617,31.570547981007177,1,1
143,0.08409481585822907,0.1291960158799137,0.10664541586907139,0.18897168728067798,-130.48290036161325,32.140650025310194,0,1
144,0.07433108322871307,0.1021605218974375,0.08824580256307529,0.16704215136724987,-129.62882172660701,34.11890050295769,0,1
145,0.03345451646804488,0.07509110624520784,0.05427281135662636,0.18561219430183298,-129.96359332486594,34.12414569112432,0,1
146,0.15363232574858388,0.23113121434870876,0.19238177004864632,0.15017833723572385,-127.2691522561215,31.167812951176366,0,1
147,0.2561758003283606,0.2736861218451278,0.2649309610867442,0.15853807990756363,-126.52363342868921,28.548039670526517,1,1
148,0.2963663668937024,0.39068237060579525,0.3435243687497488,0.2060773529347289,-124.13558806392703,26.019108247023915,1,1
149,0.34714286208715095,0.4157334775531165,0.38143816982013373,0.19144604238716467,-123.56011567956826,25.048303655745134,1,1
150,0.36997341049265764,0.4228833943022706,0.39642840239746413,0.1722534771460123,-122.876367353795,24.98876785890274,1,1
151,0.37532780884021605,0.4297477716864558,0.4025377902633359,0.18417945477003608,-122.16938119197029,23.740823771150165,1,1
152,0.3854866231422633,0.4483367402417976,0.4169116816920304,0.17369046950450795,-122.23798038662135,23.561800923548883,1,1
153,0.3958005122163797,0.4621174897988077,0.42895900100759365,0.15158218088129902,-122.57167899905525,24.020296522996475,1,1
154,0.39176826831685346,0.4482206257907271,0.4199944470537903,0.09070508067925934,-123.20278659776845,24.799506437476136,1,1
155,0.3974383117744857,0.45424776499349445,0.42584303838399007,0.06322911047920743,-124.07181672410006,24.128102384119362,1,1
156,0.4033515925837625,0.46613574394435664,0.4347436682640596,0.025496880753856338,-125.04839152363571,26.51503547120125,1,1
157,0.38340877504289766,0.45064733913878874,0.41702805709084323,0.04689705292564323,-125.71869632119328,27.524745172049222,1,1
158,0.389744579290093,0.4348828198472225,0.4123136995686577,0.021218469937531903,-125.12048481758544,27.062507699384742,1,1
159,0.3660911449160128,0.41945350047517765,0.39277232269559526,0.021849423142342075,-126.33211994836282,28.470173003302648,1,1
160,0.31454217189605077,0.3788138116914173,0.34667799179373404,0.028910056621936613,-126.94161767705404,29.051540010174385,1,1
161,0.10924501514330029,0.1072068183017632,0.10822591672253173,0.015395803302264177,-127.94484595329106,31.366577114498764,0,1
162,0.06617426190100997,0.06072209752661148,0.06344817971381073,0.012613832496806077,-128.65618592083297,33.51474068454196,0,1
163,0.057325224653519975,0.09665602132814938,0.07699062299083467,0.011924793190686076,-128.94022621096025,33.25001341193568,0,1
164,0.09427078593330168,0.1172525303797732,0.10576165815653744,0.012128553010802266,-129.61920047043012,32.93091396891419,0,1
165,0.1235702256072233,0.17902457405582198,0.15129739983152263,0.014024287584129269,-130.28019726363513,31.8913353797944,0,1
166,0.19830251571480512,0.25295177607315755,0.22562714589398133,0.011401881803489953,-130.66824375871482,32.08959501112182,0,1
167,0.3065817810457834,0.2959722492475377,0.3012770151466605,0.010872758754649964,-132.64651893983998,33.19832881747202,1,1
168,0.31750434089644725,0.3039673356820951,0.3107358382892712,0.011432549756020427,-134.75194893639906,33.69463917099564,1,1
169,0.30359489198369527,0.2939329862912829,0.2987639391374891,0.02337644455601158,-135.70956357185267,33.9904736558844,1,1
170,0.2935782201196256,0.2875029776282222,0.2905405988739239,0.029862267277979443,-136.60045893478988,34.33225116633598,1,1
171,0.32719597390324745,0.29872458066691554,0.31296027728508147,0.01265275543007919,-137.67086460422877,35.435315365376525,1,1
172,0.32329435994911276,0.2947121594908143,0.30900325971996356,0.01970493215785446,-138.2854666289415,35.86475919506856,1,1
173,0.3594359974122441,0.3160017677685895,0.3377188825904168,0.015782624914532653,-138.2199918327564,35.39596742981963,1,1
174,0.32948450337443197,0.3034084345188527,0.3164464689466423,0.012514450028577742,-137.1935067161314,35.005235830968644,1,1
175,0.35242999763459837,0.3209178410576285,0.33667391934611346,0.017683284879843168,-135.38521759519205,34.141632284011635,1,1
176,0.36013012565996283,0.326000416933566,0.34306527129676445,0.024464396398746136,-135.35261127200928,34.09714812900014,1,1
177,0.3488332469360103,0.33786259747259423,0.34334792220430227,0.015469447071409315,-135.37656944816038,35.70164265392708,1,1
178,0.34436730802962623,0.3238356581389386,0.33410148308428245,0.023725508966830813,-133.5655457671822,34.53840371469741,1,1
179,0.35551341861240593,0.31235897222394077,0.3339361954181733,0.00815330523775777,-132.58814505086102,34.116964016866476,1,1
180,0.34636214310907826,0.3099724542971828,0.32816729870313055,0.007219348483774411,-132.93802014589699,35.06986165224685,1,1
181,0.36614633745131586,0.32054227626217185,0.3433443068567439,0.004166479730925644,-133.39404647241633,35.897395398489735,1,1
182,0.37446909706477416,0.33318783732771007,0.3538284671962421,0.0053567614802083425,-134.4544203926092,36.517408489482605,1,1
183,0.34227838360090934,0.31800312267936065,0.330140753140135,0.04584402799055263,-134.71399562812852,36.68546219068899,1,1
184,0.36020390059800855,0.32922166278449355,0.3447127816912511,0.09354030263329645,-134.19553434908,36.44455583461645,1,1
185,0.37574539390397377,0.33829966883452295,0.35702253136924833,0.2309980185673561,-133.7485507064945,35.611181585257235,1,1
186,0.3632206703931793,0.335398606972921,0.34930963868305015,0.32765254966697954,-132.19666982426656,33.94048684460652,1,1
187,0.2420125534326815,0.2636844351633696,0.25284849429802553,0.2652794434901927,-131.40820260768345,34.19161391388978,1,1
188,0.11146380624370254,0.08467841949191449,0.09807111286780851,0.284010684773695,-133.35373795528983,37.44632286657926,0,1
189,0.05737872285939733,0.05041466547403983,0.05389669416671858,0.2763547939235787,-133.23774084234475,38.566535638247295,0,1
190,0.12490851861233308,0.11546961080849392,0.1201890647104135,0.2347102617110357,-133.53269190607625,37.20119624292138,0,1
191,0.11930024230223772,0.13357990717205315,0.12644007473714544,0.28401887203657067,-132.8487983321379,35.10637396880796,0,1
192,0.24527181354432392,0.26546127711611905,0.2553665453302215,0.2944797289676141,-131.54650057051614,33.08700862792059,1,1
193,0.3279994050259877,0.3167171426741772,0.3223582738500824,0.3073050128544227,-134.02292879996233,34.40001179132991,1,1
194,0.3285233003523859,0.31513883872419135,0.32183106953828866,0.30479777227976784,-133.92360378630406,33.47550648014007,1,1
195,0.3206179775265108,0.30647552565537867,0.3135467515909447,0.28667474218916467,-133.22403020978598,33.69325489940735,1,1
196,0.3142036314589606,0.3104171423859943,0.3123103869224775,0.269529226740989,-135.32414712782767,34.20821028140134,1,1
197,0.334488766042635,0.32077379967330427,0.3276312828579696,0.27964308811446104,-136.26739013933866,34.75852202347082,1,1
198,0.33893067226287077,0.3247619319813361,0.3318463021221034,0.2410372049849465,-136.51921077993,34.443679330380384,1,1
199,0.3303690839412636,0.32363487323635026,0.3270019785888069,0.24714642588238908,-135.39216248616475,33.983090182929985,1,1
200,0.3350930968143405,0.30744515233270825,0.3212691245735244,0.220057852174568,-136.03595978519738,34.08920890521572,1,1
201,0.3295461444612735,0.31429938154078896,0.32192276300103123,0.21309022574177416,-136.58238709373822,34.93648123586524,1,1
202,0.3300929552297097,0.307714824469559,0.31890388984963436,0.23210580757889102,-135.67647614107904,34.765001711095806,1,1
203,0.3086856764937063,0.29653612425634407,0.3026109003750252,0.2685050151664672,-135.25248484325257,34.14354552281246,1,1
204,0.32317987722578173,0.30245335426509773,0.31281661574543973,0.3063076816257106,-133.57012004208224,32.64532854143067,1,1
205,0.2867940448423746,0.27857795645594596,0.2826860006491603,0.2819740780585845,-131.7681107250037,33.43102965271646,1,1
206,0.26943041368178033,0.27854041573159044,0.27398541470668536,0.2745326478985392,-131.6785485512298,33.62274871893457,1,1
207,0.25140935286088995,0.27020086297636037,0.26080510791862516,0.2256626951975227,-131.20412181557023,33.103160829517705,1,1
208,0.27843065772179193,0.27745357711923996,0.27794211742051594,0.21251294348996977,-130.56717956163783,32.94386898173662,1,1
209,0.2969371917657035,0.2830328676338292,0.28998502969976636,0.1820308336622683,-130.00910092196247,32.30580207722032,1,1
210,0.301336921850176,0.29585413485220013,0.2985955283511881,0.17401277871747658,-131.64567280153565,33.561812866330534,1,1
211,0.2893661361915141,0.2896620544872174,0.28951409533936573,0.12057214793093612,-130.54288505932732,32.42080751597039,1,1
212,0.31563811245880524,0.3094776713539879,0.3125578919063966,0.08430247672800822,-130.77641858020982,32.85339340344711,1,1
213,0.31724347537665687,0.3054175941696721,0.3113305347731645,0.11733938317190827,-129.54307841674643,31.15091433677946,1,1
214,0.309419340657255,0.31260843064304406,0.31101388565014954,0.08663916166921169,-131.59147790526364,32.26880851895612,1,1
215,0.3067728809663524,0.3018296151988832,0.3043012480826178,0.011416139505883917,-131.38650059210914,32.689701414613204,1,1
216,0.2865306344242891,0.2739940096676585,0.2802623220459738,0.009515869649965938,-130.3234029047548,32.064595284474535,1,1
217,0.27861313733475346,0.2680751390573288,0.27334413819604114,0.16706389691019238,-131.0184678884091,32.988393613492086,1,1
218,0.2913436721299662,0.28538853729392955,0.2883661047119479,0.251039104479245,-132.33136865942993,33.597395843889856,1,1
219,0.298322323807213,0.30766951006030097,0.302995916933757,0.28907754113119566,-134.79213124533905,33.99708094399945,1,1
220,0.22415842599292032,0.2798980192089067,0.2520282226009135,0.2916697187655674,-133.64327534847735,33.382628945761745,1,1
221,0.2749301207723443,0.2637579094244283,0.2693440150983863,0.26672071417958615,-133.7322005942987,34.04196302152976,1,1
222,0.2828617883639746,0.2786024273431353,0.28073210785355496,0.2742786588958899,-135.34269602397572,33.91331727622894,1,1
223,0.2633176397121986,0.2860959726900882,0.2747068062011434,0.2922794789617713,-134.99185280929973,34.25530239265035,1,1
224,0.2587304548479637,0.2725506679661017,0.26564056140703274,0.29531117524993794,-139.3077857629613,36.11961402977568,1,1
225,0.27982625169007996,0.28701740680067855,0.2834218292453793,0.32088527278514306,-142.65896673598436,38.26292973324085,1,1
226,0.2740088401202517,0.28668998155227293,0.2803494108362623,0.31848153246841854,-142.92938604867953,37.45081435220187,1,1
227,0.2908089575642527,0.3043050542048528,0.29755700588455275,0.3129054573813452,-143.81594911534623,40.64454880614531,1,1
228,0.29294474761970285,0.30690408083488735,0.2999244142272951,0.26826825175695074,-150.3687970141153,41.222020052600556,1,1
229,0.29234506241569114,0.3246884372346546,0.30851674982517285,0.2665548328421548,-150.69076942699132,41.4715273718645,1,1
230,0.2851524231656873,0.3202888349295109,0.3027206290475991,0.2539629614537281,-148.6297955402831,40.75242998726812,1,1
231,0.29438646385686784,0.332238842589193,0.3133126532230304,0.2671784069870473,-151.4038638861642,42.45833295125609,1,1
232,0.29952398923304596,0.31891851673480504,0.3092212529839255,0.25427321905640915,-150.3936255981904,42.33574042963966,1,1
233,0.3147847070186741,0.3398564613911522,0.32732058420491317,0.23813273159159118,-153.92569101838276,42.48148105219336,1,1
234,0.3151651186706131,0.3362248767813885,0.3256949977260008,0.22755150621848372,-160.48774284907557,43.46529139222715,1,1
235,0.3156009913851424,0.3395111411485387,0.32755606626684053,0.2148441033864434,-160.71989606983513,43.92917681124296,1,1
236,0.32491915908200325,0.34374314334377554,0.33433115121288937,0.20959736839692888,-160.4588429564642,44.706027328103474,1,1
237,0.31528227225668365,0.3299053074220249,0.3225937898393543,0.20893568848472405,-154.7525308659562,43.15048523422307,1,1
238,0.32201682553749666,0.32107972262784135,0.321548274082669,0.2037529623550123,-146.79253930167087,40.87494978214683,1,1
239,0.32684057439602404,0.3236541701930811,0.3252473722945526,0.20278794389904767,-144.8142686141742,40.819496051893466,1,1
240,0.3165255995600834,0.3186215200673893,0.31757355981373636,0.19140303993932628,-139.61015445351586,38.48134822033528,1,1
241,0.326007168098092,0.3218652207756535,0.3239361944368727,0.19716971837227276,-145.12565149537718,42.31796801628442,1,1
242,0.31933563899243944,0.3151075521941745,0.317221595593307,0.19145824545576762,-145.04297702600033,40.35035875382598,1,1
243,0.30641033636906106,0.3104617701894896,0.30843605327927537,0.20343421341070095,-145.50584377549535,39.809047319551965,1,1
244,0.31483279265207476,0.30882477490104004,0.3118287837765574,0.1944004680900281,-147.11121690416928,40.32057009536298,1,1
245,0.31723379629157833,0.2989064947792337,0.308070145535406,0.19670472666414537,-151.8907009163318,41.80287666397546,1,1
246,0.31286751736682694,0.30702635995895505,0.309946938662891,0.21302184467695018,-148.0396370865286,45.61653022812877,1,1
247,0.3194541348522067,0.30488721200311575,0.31217067342766125,0.2049749201101309,-156.0269084021049,46.927262608300126,1,1
248,0.3154715265455038,0.3117387536095777,0.31360514007754076,0.20175060514638068,-162.1687553307958,52.07971730084429,1,1
249,0.3220433655182147,0.3131817147978581,0.3176125401580364,0.21014996439834552,-161.21888377851363,50.68882728017429,1,1
250,0.3133350973555467,0.3089891791917625,0.3111621382736546,0.2242117528862773,-143.45517684191273,40.383733628691125,1,1
251,0.30708352322371646,0.30262569588749405,0.3048546095556053,0.22179329208811516,-145.42965957126145,41.68181495698554,1,1
252,0.31748811903580687,0.3086073133053049,0.3130477161705559,0.23071457029868808,-141.86972161737265,39.53145931879739,1,1
253,0.33308499424380167,0.3007714924524784,0.31692824334814007,0.233508864113855,-140.94590064600027,40.82558439898477,1,1
254,0.309355319358234,0.293646471813223,0.3015008955857285,0.24330418786459454,-139.7470269494108,36.14576293985043,1,1
255,0.3023646893703793,0.2867524641900947,0.294558576780237,0.2454849243518599,-137.0500700957119,35.44309058519414,1,1
256,0.1733594771578788,0.10885330619455655,0.1411063916762177,0.2289166258094232,-144.54700277405522,39.9885648926384,0,1
257,0.178506515260252,0.1448959855620247,0.16170125041113836,0.2345945687327493,-156.5425598959849,40.56236071782741,0,1
258,0.12014971817283425,0.11399220918982446,0.11707096368132935,0.23308491055501188,-145.02506971902994,39.39675746733927,0,1
259,0.21742408875094396,0.23286426412006567,0.22514417643550483,0.21702420888126986,169.52758196459126,45.63569763139081,1,1
260,0.30004684299101103,0.2509411177454842,0.2754939803682476,0.20979738685989582,-179.77517838883767,56.47077242338298,1,1
261,0.30976541221804393,0.2629980177829362,0.28638171500049003,0.21302406697275914,-171.40601481549854,44.25664651671844,1,1
262,0.3006463335344878,0.2592266460703373,0.27993648980241254,0.2155665148473236,-138.05545020139235,34.801579478645166,1,1
263,0.3016479865707514,0.26517430551082194,0.28341114604078665,0.21155990206685948,170.71193036394533,46.230090851180975,1,1
264,0.32070914187114136,0.2723623619865645,0.29653575192885295,0.20881816901962028,-142.08953680545824,34.869126518958026,1,1
265,0.3183285994646617,0.27747457953025234,0.29790158949745704,0.20939832563114888,-137.56428870551417,34.67137425774014,1,1
266,0.26328233848021,0.2613689933686253,0.26232566592441764,0.21352907699513932,-144.01720467681272,41.3269788440553,1,1
267,0.2125380938257517,0.24077327246031768,0.2266556831430347,0.23398811782021964,-147.8945893120216,43.54128834786811,1,1
268,0.12940934556243675,0.1435311091647241,0.13647022736358044,0.26155138090155744,170.46754806249095,53.84438602325495,0,1
269,0.21556276254160114,0.18736747568473047,0.2014651191131658,0.2838634246070735,153.5668547035528,49.715536814711484,0,1
270,0.25792204044903794,0.1641277079146345,0.21102487418183621,0.2905332005862634,140.67332216527404,47.42759027262116,0,1
271,0.32101946282947463,0.25725763313950195,0.2891385479844883,0.2610670572176309,139.12585776792093,46.77059162825794,1,1
272,0.3444569572144683,0.2505738256922661,0.2975153914533672,0.23559458043091894,139.13807371170964,46.87700826935151,1,1
273,0.34225543856080237,0.2610238689593854,0.3016396537600939,0.2432989887092215,138.28252210568337,46.67560562362983,1,1
274,0.3397680859541938,0.253011040110395,0.29638956303229436,0.23559283480210344,141.133868554963,47.68956693344082,1,1
275,0.31970710808180125,0.24132908274351325,0.28051809541265726,0.2468067843427076,137.1950627441352,46.29360214724229,1,1
276,0.27171033622301716,0.1766598569243737,0.22418509657369542,0.2548313869361026,141.35296070134348,47.34192463578601,0,1
277,0.264667114776868,0.15019845830626016,0.20743278654156408,0.2846125957578888,142.77211030791432,47.1932387588146,0,1
278,0.25026896903850787,0.16298687879937712,0.2066279239189425,0.288760403507918,142.1130546573856,47.476612857933446,0,1
279,0.21720276569278346,0.13962997549630843,0.17841637059454596,0.2853785962697168,139.13784668951126,46.05381722501336,0,1
280,0.3366328849656264,0.26157430232224743,0.2991035936439369,0.2647602624977001,139.52478555184007,46.01424975622987,1,1
281,0.3915896198993603,0.3008940133444957,0.346241816621928,0.25255471839840604,138.21083861658937,45.4867285141445,1,1
282,0.3841575391167874,0.3003021763613213,0.34222985773905434,0.23749931173690333,138.43814783010959,45.91038924859334,1,1
283,0.38712832021043236,0.3220156027021837,0.35457196145630804,0.24237531224724007,141.72505537245888,46.66065373271291,1,1
284,0.40902222381222625,0.33588773276053835,0.3724549782863823,0.2431801550073033,142.04239200795382,46.567453134994764,1,1
285,0.4122412901374735,0.3376354250320631,0.37493835758476834,0.21511093610946122,143.40890216883844,46.38056256804519,1,1
286,0.3929245892514921,0.32603463269209926,0.3594796109717957,0.22692176921002613,147.31795342768146,46.672024723652086,1,1
287,0.40265254615372675,0.34191881323151135,0.37228567969261905,0.21436891572039782,148.13168894164474,46.51496015936155,1,1
288,0.4008039144587723,0.34255041362188543,0.37167716404032886,0.2163992554805852,144.44583586793928,47.27835360817994,1,1
289,0.39411972148359614,0.3378395787233581,0.3659796501034771,0.20836918464133367,145.57035416284484,47.25737976266098,1,1
290,0.4011211480086328,0.34924408710616767,0.37518261755740023,0.21090296989267082,148.41235261740093,47.41921004591728,1,1
291,0.40485483790090754,0.3422746214834243,0.3735647296921659,0.2200133232991771,148.8171184343432,48.01714070877471,1,1
292,0.38817563529124305,0.3458875220761022,0.36703157868367264,0.2151444864361742,146.16554738993025,48.310799047937415,1,1
293,0.36549597387304805,0.3251800396508708,0.3453380067619594,0.22105510777016615,148.77629993974594,48.7677439025636,1,1
294,0.3735445229787378,0.33890441368292507,0.35622446833083143,0.21382002883815285,149.44651919687365,46.87006760672244,1,1
295,0.3726946431805157,0.3387393732598497,0.3557170082201827,0.21579760386561894,150.53667872911421,47.08921223647512,1,1
296,0.26438253265974343,0.24238892949462393,0.25338573107718365,0.20173683419758093,164.3126294332808,46.478719543803706,1,1
297,0.09373996759343832,0.11123077469573467,0.1024853711445865,0.2369909238422212,-174.96435376106555,55.15337481884582,0,1
298,0.08802291589361926,0.08387072016810358,0.08594681803086142,0.24696636602283148,-166.20503593571516,50.812573499040326,0,1
299,0.08553474910057497,0.11422843342123751,0.09988159126090623,0.27823665663391367,-141.41638648146196,36.92539004042581,0,1
300,0.20891809182502427,0.20363847570005855,0.20627828376254143,0.30979015538684523,-129.9839488117984,29.342810398452116,1,1
301,0.21933903637241522,0.26544085081969065,0.24238994359605293,0.32769329215556764,-126.72420179840807,25.72101642756083,1,1
302,0.2597401110766988,0.27891050246640214,0.2693253067715505,0.2858384577338323,-124.54460987372788,23.833859344648438,1,1
303,0.28895876337491727,0.35987160091764453,0.3244151821462809,0.3061312454763824,-121.57560714517713,19.637067375758686,1,1
304,0.30775899465226075,0.39126551823995426,0.3495122564461075,0.2963436650354575,-120.26055916498099,18.04698692474034,1,1
305,0.31788791773415204,0.41805481690306334,0.3679713673186077,0.33644264498129656,-119.71892276498436,16.431935541122645,1,1
306,0.3903727945337127,0.46307480122061423,0.42672379787716347,0.3360892950657074,-120.67498980677121,18.09364817465836,1,1
307,0.3948739104702549,0.5077890653876053,0.4513314879289301,0.34843063948546293,-120.03488318308017,17.331274661148843,1,1
308,0.3961047893993551,0.5027956758510077,0.4494502326251814,0.362337284523593,-120.09172685077387,17.262655882087234,1,1
309,0.3982755971328974,0.49938942207250325,0.4488325096027003,0.3471079945610703,-120.28356902787681,17.009268573200128,1,1
310,0.41615093712483703,0.4951189483353649,0.45563494273010097,0.32567530952697854,-120.74543415700641,17.247593929618652,1,1
311,0.38092490564862597,0.4763853330730872,0.4286551193608566,0.24924634218694078,-121.63985620699758,17.91055880178344,1,1
312,0.34384790825688094,0.4367800649383745,0.3903139865976277,0.1954052497090545,-122.09339166758234,18.84985284379766,1,1
313,0.3840357416155151,0.4442076310632184,0.41412168633936675,0.21015479757624683,-123.16444516528546,19.94249441265625,1,1
314,0.3595105852520965,0.4370395032591167,0.3982750442556066,0.21423550210785927,-123.81450879526645,21.460925263418893,1,1
315,0.290944933535485,0.3576771000399395,0.32431101678771224,0.21247414373174656,-124.87489251549484,22.633664730447833,1,1
316,0.11363114406059434,0.14729903573760206,0.1304650898990982,0.22155151210561608,-125.68493676496698,23.974466265788795,0,1
317,0.04285955988718429,0.08811303588647058,0.06548629788682744,0.2188497942202085,-127.27427063402723,26.789577768487256,0,1
318,0.06293208377226638,0.13571886092774887,0.09932547235000763,0.2263033912521009,-127.38935708766519,27.416674015413204,0,1
319,0.05267534265400367,0.1763349065109147,0.11450512458245919,0.2329335287856287,-129.5665595432777,27.23202093256558,0,1
320,0.07647870774224191,0.16319879173275412,0.11983874973749802,0.22194988652115463,-130.09491041465284,29.836567926346024,0,1
321,0.11270396584285035,0.20292419727255692,0.15781408155770363,0.19992904594535887,-132.7842829412045,29.708875653611443,0,1
322,0.24511781674308644,0.2551398257672683,0.2501288212551774,0.2031192903497958,-136.41801704709607,32.167593510847055,1,1
323,0.25558513044697717,0.25668702852835773,0.2561360794876675,0.210103280318303,-134.2617551661996,31.429504785873203,1,1
324,0.26775454159273987,0.25720820945746836,0.2624813755251041,0.19839759172246968,-135.6510573076685,32.897502772586954,1,1
325,0.27857397108144183,0.28159209070096014,0.280083030891201,0.19698870481326278,-137.8789361766719,34.46957670738497,1,1
326,0.2502569846994111,0.25696037506984315,0.2536086798846271,0.2121491594005812,-137.14299138391323,34.22039883240017,1,1
327,0.2589405825711442,0.26640525176481566,0.2626729171679799,0.23200787108246726,-137.8290419346134,35.098402470282814,1,1
328,0.2679484697620346,0.28092611887810126,0.2744372943200679,0.25645100716814434,-137.15968304042525,34.207388110890825,1,1
329,0.26369787115024496,0.2777175976016275,0.2707077343759362,0.24081432894898697,-135.78024014256818,33.88332390957428,1,1
330,0.2753214753366197,0.27141392888872234,0.27336770211267103,0.24453117905946326,-136.53864371084686,34.287339316594874,1,1
331,0.2957450145015501,0.2912307554204487,0.2934878849609994,0.2442145746367356,-136.5479264553528,34.96634979035694,1,1
332,0.2724938218741603,0.28474232268866817,0.2786180722814142,0.22685442316911808,-133.64986554920984,33.67719039727337,1,1
333,0.27749122769476187,0.2722504797536733,0.2748708537242176,0.21181353632616512,-133.48878533521003,34.52076530341663,1,1
334,0.3107235801276058,0.3081001184332568,0.3094118492804313,0.20095975396225607,-133.64602777323404,34.987067880694205,1,1
335,0.28469561429234735,0.30246294247966127,0.2935792783860043,0.18998855040063947,-133.35317579769935,34.31791783025262,1,1
336,0.2941269896049293,0.28500813338947595,0.28956756149720264,0.18637059313246557,-133.54997745910558,34.723349624927295,1,1
337,0.27467459752694784,0.2957276445377444,0.2852011210323461,0.1516648006472627,-131.66520525964705,34.18564698902065,1,1
338,0.3146790296841274,0.3134874632096754,0.31408324644690144,0.17072488324767993,-132.56825998331806,33.95565578662619,1,1
339,0.3180822119493331,0.3292074653748112,0.32364483866207217,0.15733748302511638,-133.09170867603305,34.06065689012818,1,1
340,0.3121834537529456,0.3248924432415828,0.3185379484972642,0.1466737131606171,-133.9566106174965,34.48278259610525,1,1
341,0.3357372369492129,0.34625109433690027,0.3409941656430566,0.17252698466601285,-134.56373754971392,35.07701565464588,1,1
342,0.3560704623050572,0.35295526906153435,0.35451286568329576,0.20526396652399473,-133.8394536766052,36.43008597657931,1,1
343,0.3277573066776869,0.34846634425524325,0.33811182546646507,0.20675669155106172,-134.4329617618883,34.9618909070088,1,1
344,0.32070908783570373,0.34041369088002243,0.33056138935786306,0.17781643574330536,-132.3467762891805,33.16282207470431,1,1
345,0.3342598712622663,0.34331901420288263,0.3387894427325745,0.17125608080324306,-132.37072314793076,33.3370198856733,1,1
346,0.3372339627703125,0.32914374009988123,0.33318885143509686,0.21682293355657245,-131.30656742326696,34.276224265597804,1,1
347,0.3347686004753787,0.3236097895189584,0.3291891949971686,0.2568426641032588,-131.44916701839483,33.21140903546852,1,1
348,0.32814756243864096,0.32039534896068605,0.32427145569966354,0.289103073129761,-129.464257512929,32.55852458615315,1,1
349,0.3155875064662901,0.3117688686417488,0.31367818755401944,0.26630952941551606,-130.77406899091372,32.2673788073038,1,1
350,0.29715896809926967,0.3062548663176788,0.3017069172084742,0.24746656063999742,-131.9047847709062,32.01785411293588,1,1
351,0.32329883751764726,0.3178703115370859,0.32058457452736655,0.21765389532960508,-132.69609584845927,32.55775249844455,1,1
352,0.3021727049424341,0.2927341746581099,0.297453439800272,0.18332338490743733,-131.75857295068465,34.786102724723705,1,1
353,0.31588223728969583,0.31326384019916437,0.3145730387444301,0.16994579619226566,-134.39955339029933,33.790651883312606,1,1
354,0.3428356601420868,0.3262658700667223,0.3345507651044045,0.15221115188575643,-134.52855439420364,36.05197015818397,1,1
355,0.32179605693480223,0.33573166013190314,0.32876385853335266,0.13619704436510027,-134.27100302718452,36.43429114040072,1,1
356,0.3142093571431801,0.3138882176613011,0.3140487874022406,0.11666008684579918,-134.97096838354813,35.243165813809156,1,1
357,0.32115922456460555,0.32041242562323496,0.3207858250939203,0.0828671196177463,-134.82059870722665,35.21766669269833,1,1
358,0.31716149008572364,0.31354852594643856,0.3153550080160811,0.10041797242388603,-135.32663696375528,35.10927278420658,1,1
359,0.3388502896235932,0.31894058145578236,0.3288954355396878,0.08778348808374996,-135.71699626602754,36.1107287548987,1,1
360,0.3310344136732582,0.31655397775897043,0.32379419571611434,0.07685897793446718,-136.2083863142162,36.789755813352514,1,1
361,0.33679403119145257,0.3157783592989305,0.32628619524519153,0.06374870496975148,-137.01218024514074,36.95115648131409,1,1
362,0.30045352953716764,0.2748598615332034,0.2876566955351855,0.04573884003101307,-133.9800476605759,34.89464318048945,1,1
363,0.3533411304517751,0.3131778100207334,0.33325947023625424,0.07422012773550445,-134.47950482689382,35.711677625841375,1,1
364,0.3399399873565454,0.3114222398120546,0.32568111358429996,0.08986336538550665,-133.73046570473082,34.89219122965902,1,1
365,0.32145305640913774,0.2864083400641885,0.30393069823666313,0.11830985132981545,-133.35537999236672,33.85684397620572,1,1
366,0.32814526426081164,0.31457614064572414,0.32136070245326787,0.16783832762663708,-132.95256290832478,33.238782533275916,1,1
367,0.3406829024790684,0.3301360384537912,0.33540947046642977,0.16719358435684736,-131.16486192095678,31.684862048409272,1,1
368,0.33429610556185313,0.3257290186794069,0.33001256212063,0.15692916149694766,-129.3653240226714,32.65996421281045,1,1
369,0.34782128255405687,0.3374905300711924,0.34265590631262466,0.16369194500005746,-129.55076829065285,31.196513170868727,1,1
370,0.35599607527308647,0.34326558930180917,0.34963083228744785,0.16203167399441903,-128.64274244865223,30.966079790627155,1,1
371,0.3507049071166117,0.3503932240530419,0.3505490655848268,0.16054767562896347,-129.8546194843516,31.48792672362965,1,1
372,0.36757687667241795,0.3522329009612627,0.35990488881684035,0.15226764467896822,-129.95846784242386,32.029379872748926,1,1
373,0.3365683357124737,0.323992531923633,0.33028043381805333,0.13439856783172505,-130.72223619153812,32.16636010369224,1,1
374,0.31685236564992003,0.3110432172566992,0.31394779145330964,0.09127232722876436,-131.65373872368096,33.24677781192959,1,1
375,0.3325259315112275,0.3244248101015279,0.3284753708063777,0.01114813871754971,-131.67343096432413,34.622640447017794,1,1
376,0.3350385921470108,0.3241840867613964,0.3296113394542036,0.005208870067993264,-132.57937043426142,35.64812376101201,1,1
377,0.3340917729330858,0.3375469266540796,0.3358193497935827,0.005500901490845499,-131.9054964592046,35.97478393077079,1,1
378,0.33026073453971627,0.32521243520755877,0.32773658487363755,0.004644855571722345,-131.2811159541004,35.11042688171027,1,1
379,0.32211580620736274,0.3236107559119891,0.32286328105967593,0.005034797322233697,-131.3796087276102,35.06127166275193,1,1
380,0.33821258229132084,0.32751726432937045,0.3328649233103457,0.005469678011858806,-131.23481227762218,34.94333881820918,1,1
381,0.3376575284438085,0.3336879807439938,0.3356727545939011,0.0052228887729524115,-130.65012547352725,35.19166964327141,1,1
382,0.34405994879734714,0.3445203939299468,0.344290171363647,0.015111154041897825,-131.79316523242622,35.4864066085461,1,1
383,0.3495850821083011,0.3522535107675104,0.35091929643790576,0.011002865416951965,-131.96435543139273,35.304774073040576,1,1
384,0.3467197114917486,0.33789775904205177,0.3423087352669002,0.00598319358990779,-132.0982414001713,34.55537960056528,1,1
385,0.37630453305645345,0.3689616287373159,0.3726330808968847,0.005542343454148684,-132.3083800831109,34.81116968236053,1,1
386,0.3665620450581941,0.35524387806685553,0.3609029615625248,0.006529879197123665,-131.64803066817802,34.73886934584031,1,1
387,0.3666915603102031,0.3489922589302112,0.3578419096202071,0.007255236975449798,-131.35032892267236,34.131800773892124,1,1
388,0.36425281567361756,0.35550142643940463,0.3598771210565111,0.006012831016337313,-128.81771304246487,32.67194546956727,1,1
389,0.36133833705916424,0.3627563524828551,0.36204734477100964,0.006172088752599301,-127.99029242129237,32.09743358298729,1,1
390,0.3739049638230375,0.37536056708499227,0.3746327654540149,0.007941597021206854,-126.80827261934044,30.95092036987736,1,1
391,0.3470259401764633,0.36092718428655524,0.3539765622315093,0.009552711454362251,-126.2312212641238,30.712187976692505,1,1
392,0.3274752578618734,0.3265937466378012,0.3270345022498373,0.008150810558949147,-126.26289234285495,30.44888964005184,1,1
393,0.13834164779663072,0.20933946774886386,0.1738405577727473,0.008283591068162581,-127.36081396387249,31.04782474115701,0,1
394,0.0934319152084206,0.10082673199322414,0.09712932360082238,0.00569306384243005,-128.62187500308747,33.07910431320693,0,1
395,0.14258973569829095,0.19847030149001726,0.17053001859415412,0.01204677547455368,-127.96023977635521,32.090565635806875,0,1
396,0.23386613920232965,0.31676248474302293,0.2753143119726763,0.01239459844803869,-126.21818998165764,30.162022803686977,1,1
397,0.3265116627362849,0.39017629214511534,0.3583439774407001,0.013655846741222206,-124.94404597156068,29.22196249503717,1,1
398,0.3525457952113929,0.4112053421982712,0.3818755687048321,0.007648176498556734,-124.51354923126098,29.1116858132754,1,1
399,0.3956166607678645,0.4885413641422633,0.44207901245506387,0.010293209476321319,-123.75558341661119,28.489748542407774,1,1
400,0.4131903436117863,0.5083075989030711,0.4607489712574287,0.01116635924526885,-123.21336568409792,27.317779284285002,1,1
401,0.3903829495572847,0.48295394711128625,0.4366684483342855,0.007975389098349769,-122.65280800114155,26.88178996815073,1,1
402,0.4100245091075735,0.5087386346625133,0.4593815718850434,0.007425429390714375,-123.02784835667079,26.881944688354835,1,1
403,0.4315923566892738,0.529344269013028,0.4804683128511509,0.0074965470543985405,-122.03081425964265,26.176771594145603,1,1
404,0.42420457173728915,0.5107354562765557,0.46747001400692245,0.009699912009029274,-121.46574497075093,25.605107805657465,1,1
405,0.44144134343712294,0.5447201565574435,0.49308074999728324,0.010416779920852312,-121.57212885491535,25.76392954173006,1,1
406,0.44811211276447405,0.5402051691125342,0.49415864093850415,0.009698888602356608,-121.3713291254773,25.04272842507924,1,1
407,0.4186276649112471,0.5130804067725985,0.46585403584192275,0.010555478219459591,-121.13330834045914,24.71586274512402,1,1
408,0.42213068587010144,0.5061507266748423,0.46414070627247184,0.013032106304809337,-121.75049434277123,24.809439238062343,1,1
409,0.3713112522566923,0.466533544236169,0.4189223982464306,0.010531603952708826,-121.87095497495368,24.90165611341356,1,1
410,0.22441940605449187,0.3488136088553807,0.2866165074549363,0.006781237219064458,-122.35730337747273,26.360993505439097,1,1
411,0.11403198792345035,0.17516024222037233,0.14459611507191134,0.012902304281424611,-122.63198676439576,25.828145580899896,0,1
412,0.0741316563555002,0.09274141280737175,0.08343653458143598,0.02091028707050069,-124.20749281600051,28.09977130703495,0,1
413,0.03968092354460251,0.0718925416642237,0.0557867326044131,0.007500178940997214,-126.61666596713081,31.671438278478217,0,1
414,0.08254795387393614,0.12392687767454491,0.10323741577424053,0.02364524258315104,-126.67868407484069,31.59719734415331,0,1
415,0.14730772390518268,0.21490001060241512,0.1811038672537989,0.018263861623401618,-126.65329624524472,31.40795302164158,0,1
416,0.29188358058209224,0.2842097766039244,0.2880466785930083,0.13929997403408861,-127.45552611273874,31.656227301606652,1,1
417,0.31563567271924253,0.2920629722930869,0.3038493225061647,0.2158068804946596,-128.64404180225407,32.155499941181525,1,1
418,0.3392504770983915,0.3063606716606046,0.3228055743794981,0.24739733043129591,-128.40952808940492,31.43488082055323,1,1
419,0.33312240764086376,0.3113257199846414,0.3222240638127526,0.2843325651138926,-129.35809779593794,31.963160496381178,1,1
420,0.3480589750462486,0.32023583583302095,0.3341474054396348,0.32664631915265435,-127.63130011894471,32.140458590718836,1,1
421,0.3531589871103879,0.3348573559248178,0.3440081715176029,0.30610694395714994,-129.35140875051465,33.82537403648932,1,1
422,0.3556179750540793,0.3324405951840689,0.3440292851190741,0.24266319803787503,-129.1823203408093,33.30018904896137,1,1
423,0.3629418340231506,0.3383274207497222,0.3506346273864364,0.2073618592182169,-131.85980883683823,33.47959790488438,1,1
424,0.3448089108719039,0.32930404720396467,0.3370564790379343,0.16858501997161454,-133.2971226152892,34.84183975477341,1,1
425,0.3443392825335237,0.33128280994892506,0.3378110462412244,0.11064187608627594,-135.10215110405565,36.39896998552031,1,1
426,0.3370698135242482,0.32700978938551845,0.3320398014548833,0.1607220830633925,-133.8533995328481,34.82267388194936,1,1
427,0.3423022367327964,0.33914976266567826,0.34072599969923734,0.14386720298562605,-133.48541690388782,34.2873962291718,1,1
428,0.3681317333940132,0.3528023279186608,0.360467030656337,0.1614583086203448,-132.94032835808926,33.94471943159024,1,1
429,0.36100467563432903,0.35838318539528385,0.35969393051480647,0.18897961230994154,-131.69137609296948,33.625503108566306,1,1
430,0.3556134563857227,0.36396826872875837,0.3597908625572406,0.21183597878982377,-131.93569747993484,34.08391936077991,1,1
431,0.3544853590799511,0.35843161586753985,0.3564584874737455,0.24229008366333915,-129.8373000968207,33.06014252190411,1,1
432,0.361988369602199,0.3496288788547432,0.3558086242284711,0.26016383382758457,-129.75151222393953,33.04061811852596,1,1
433,0.37533659294837546,0.3618581410373972,0.36859736699288637,0.3043032771563712,-129.3430023278015,33.74231848395765,1,1
434,0.38174537240997625,0.34604957964105576,0.36389747602551603,0.38796464487047305,-128.7423269468237,33.2947473479968,1,1
435,0.38363233977980293,0.36573235456142633,0.37468234717061466,0.431154891224119,-129.0431569529192,33.02147235671973,1,1
436,0.37364648828897234,0.3561759583207093,0.3649112233048408,0.3927242805630327,-127.89978807165637,32.434353579588105,1,1
437,0.40615606271598215,0.37442272645535984,0.390289394585671,0.33350611528494684,-128.5382484381011,33.20242260195428,1,1
438,0.4469327976395502,0.39000552575942754,0.4184691616994889,0.1611052382103012,-130.02109146565695,35.19829617715453,1,1
439,0.44582168879841677,0.3907796340675442,0.4183006614329805,0.012086375259555365,-130.0121836761162,34.2239207798439,1,1
440,0.44300836941328253,0.39480764122309003,0.4189080053181863,0.009429482000792872,-129.43334867270772,33.92305510769522,1,1
441,0.4130515134064654,0.3773618780006831,0.39520669570357425,0.011810008350649496,-129.31768868294012,34.37331966146407,1,1
442,0.38444801828183744,0.36700894833111847,0.37572848330647796,0.0678861346255466,-131.95375655605153,37.33950624108684,1,1
443,0.412022888183869,0.3962693567111586,0.4041461224475138,0.17543003720297237,-131.42248949996346,35.99240970059267,1,1
444,0.4036675958375297,0.3789095107080726,0.39128855327280115,0.2071248966272919,-132.4554040853756,35.3443909605625,1,1
445,0.4192372495416943,0.40449067047421833,0.41186396000795633,0.23525668363427257,-131.3904198730443,34.65366700273172,1,1
446,0.4220884565952042,0.40037727160450354,0.4112328640998539,0.28999458502981645,-131.44986601286752,34.088919616251985,1,1
447,0.43892058971057984,0.4106342784417625,0.4247774340761712,0.3203018170248681,-130.02558346398047,32.60406340244864,1,1
448,0.4216371602047742,0.3934504369731621,0.40754379858896816,0.29913054052851357,-131.08854965038026,33.78724171826148,1,1
449,0.4239238016327975,0.39829056749910907,0.4111071845659533,0.2852354234913981,-131.29408353416736,33.846328457255254,1,1
450,0.3961883448925221,0.3812798748734818,0.38873410988300194,0.25515011157437456,-131.87888544609342,34.34976682548987,1,1
451,0.4039256307269324,0.38694908978066983,0.3954373602538011,0.18364628483570844,-132.31366195911582,35.25834158122435,1,1
452,0.3925163722681676,0.37222238159326954,0.3823693769307186,0.1317801747274444,-131.05303723212458,34.47983300037286,1,1
453,0.394582848149667,0.37081500634760417,0.3826989272486356,0.11940851405113456,-130.38730524540495,34.20698569144031,1,1
454,0.41179165911516785,0.3785020156472172,0.3951468373811925,0.15630109163376488,-129.76326499874423,34.047912951298045,1,1
455,0.4107395730705039,0.3908538327449469,0.4007967029077254,0.24894808691556258,-130.02961617706748,33.29501914906279,1,1
456,0.3951570351846918,0.37739007248825446,0.3862735538364731,0.2597134439753764,-129.00952800379267,31.97678913808088,1,1
457,0.3953514864210097,0.3696142004022279,0.3824828434116188,0.24518901610076224,-129.00577461979734,31.560003561242983,1,1
458,0.39787502476838776,0.3680553895926322,0.38296520718050997,0.2452165205018004,-128.96692342168384,32.2133064569312,1,1
459,0.3951113054908313,0.3732884859774232,0.3841998957341273,0.2136834205690378,-129.29179159887312,33.01449068114643,1,1
460,0.38689869724775733,0.3627556190524432,0.37482715815010026,0.19142047298404366,-130.685135388962,33.6688932081828,1,1
461,0.3934175895583865,0.3603889606496201,0.37690327510400334,0.15661487171487554,-130.59660671730342,34.05841117243285,1,1
462,0.3843517912939639,0.36532050843512104,0.3748361498645425,0.13846933791015148,-131.03992252847462,34.35146616261148,1,1
463,0.39247741243558254,0.3730602132263143,0.38276881283094843,0.12937998840131756,-131.0732725360491,33.848252096362785,1,1
464,0.40911333904200947,0.37282116654134245,0.390967252791676,0.09702434495077457,-131.27984036243393,34.68270749024486,1,1
465,0.3838900986738223,0.3600982137084397,0.37199415619113096,0.08240509973088392,-130.85934537281258,34.92551828845154,1,1
466,0.4006600046211325,0.36516711268152985,0.38291355865133114,0.05299781341254673,-131.32648432957407,34.96647144583609,1,1
467,0.3969270133976579,0.3782209324103535,0.3875739729040057,0.02591933976941176,-131.1080467253367,35.13017234073178,1,1
468,0.390539140780646,0.36667839656893697,0.3786087686747915,0.013124705225828521,-131.53079081774507,35.437105059367155,1,1
469,0.41610447377136855,0.3717917045937628,0.3939480891825657,0.012292603786143679,-130.84541921041404,36.46641007793258,1,1
470,0.3906822316731926,0.3745638005441883,0.38262301610869043,0.007764172661878299,-131.65831528043446,36.27415511475504,1,1
471,0.39526429919599976,0.3606717288454076,0.3779680140207037,0.008752399338602068,-131.42332210516707,35.713430502710196,1,1
472,0.39698513241579,0.36200713992205097,0.3794961361689205,0.006048259372787064,-131.7916717842328,35.979785470957,1,1
473,0.3764762084864085,0.3478901985457355,0.362183203516072,0.009137745980487838,-131.0689412983913,35.52321037682992,1,1
474,0.39358776207885593,0.3583976285770416,0.37599269532794877,0.005279999606033209,-131.18857230398018,35.772326402079074,1,1
475,0.41110820152963934,0.365521614402295,0.3883149079659672,0.0058932559589121546,-130.89981203015643,35.44869913181235,1,1
476,0.4071747234852825,0.37190096597194405,0.3895378447286133,0.005578706044173622,-130.87647148352724,35.41909262347557,1,1
477,0.38529586219407574,0.3590419954332733,0.3721689288136745,0.005446013381952985,-131.97452040046403,36.6641662026182,1,1
478,0.39187708512930514,0.3627166889923374,0.37729688706082126,0.005840314613456694,-131.42504289201807,35.809263429937566,1,1
479,0.3829485354205501,0.35298747526026447,0.3679680053404073,0.005593349138943104,-131.24498005547105,36.253049422943974,1,1
480,0.38347611635538664,0.35748767272130966,0.3704818945383481,0.004678324950345421,-131.54684084383504,35.11860206338104,1,1
481,0.3792329081408107,0.3477711858085765,0.36350204697469357,0.005295251896303098,-131.40427154087703,35.16764530139594,1,1
482,0.3836716513355358,0.3565723458778254,0.3701219986066806,0.005379774601018855,-131.3513247842063,35.05543227362181,1,1
483,0.3763204956701634,0.3513134425042142,0.3638169690871888,0.005642719866009181,-130.59275992489688,34.59265529076003,1,1
484,0.38394807773753464,0.35506564242964134,0.369506860083588,0.004306187435955807,-130.54277872444473,34.44239991100826,1,1
485,0.38034601409312463,0.3591160979459649,0.36973105601954476,0.004805258768203197,-130.15485015969682,33.83307280421926,1,1
486,0.38242272218170176,0.3510762258535132,0.3667494740176075,0.004890382783862294,-130.80979552813434,34.454031240933844,1,1
487,0.378868815848661,0.35566900893732883,0.3672689123929949,0.005151291733915968,-130.4304417015393,34.36940823195634,1,1
488,0.33824810273933614,0.32086986429201425,0.3295589835156752,0.006208956818991654,-129.97586328471493,33.08634367319577,1,1
489,0.1408039275764159,0.17371314470615723,0.15725853614128657,0.005129146289555386,-131.03656308850415,34.6076370788468,0,1
490,0.09732666689685218,0.09724556262124678,0.09728611475904948,0.00985609981748557,-133.24424058741803,35.81662602210218,0,1
491,0.06474766578138176,0.05759307269911078,0.06117036924024627,0.006733221083864388,-130.01502925380822,34.23250916069239,0,1
492,0.13665061759961458,0.1870627068894613,0.16185666224453793,0.012742422562484987,-128.32821135890117,32.7935286491632,0,1
493,0.23955330317397228,0.25931956537093426,0.24943643427245327,0.006637480938879496,-125.36878696460762,28.989631777462822,1,1
494,0.2906343679201443,0.3746970004504992,0.3326656841853217,0.019943677165828174,-123.82477897421722,27.336754469293957,1,1
495,0.32014073008840466,0.4084701546393414,0.364305442363873,0.12157218477914528,-122.65041908630538,25.467999128975023,1,1
496,0.3983275512418375,0.47310951482981506,0.4357185330358263,0.20695837038433662,-122.47664549541099,24.42167408829063,1,1
497,0.41486637382652286,0.4842946865956365,0.4495805302110797,0.23359682970539952,-123.14369168244072,24.90470306749938,1,1
498,0.40105860190109094,0.4835016634243034,0.44228013266269717,0.23218639224988058,-123.84320108632672,25.597869618435116,1,1
499,0.41389029042233777,0.4961948549242364,0.45504257267328707,0.21905615051598298,-123.26987409417119,24.6537236707056,1,1
500,0.4034252429200468,0.4748065045611025,0.43911587374057465,0.20644687667977815,-123.65713021918383,25.21602589763856,1,1
501,0.40911161911164706,0.47986957754538745,0.44449059832851723,0.24918785542946845,-123.56901461006868,24.441311212684653,1,1
502,0.40515060440198986,0.48658129589279364,0.4458659501473917,0.2396088929986028,-123.88189502923298,25.056120480321677,1,1
503,0.4139291023658304,0.4872042978521917,0.45056670010901106,0.23335728552017507,-123.6144737027576,24.576511911122147,1,1
504,0.4122279196809647,0.5069162811415476,0.4595721004112562,0.23834179041972184,-123.43815310565421,25.12189894280026,1,1
505,0.4224424694346159,0.5150851283663302,0.46876379890047304,0.22413792394781715,-124.55956830185582,23.951560668630755,1,1
506,0.42088363198699114,0.5193909035805084,0.47013726778374976,0.23131452288997512,-123.95321805079338,24.703658657330923,1,1
507,0.4042524368887392,0.5028273902516759,0.4535399135702075,0.22630091809499991,-123.57142746036752,25.31219833287952,1,1
508,0.41762837511848294,0.5024970904865943,0.4600627328025386,0.2516413489208077,-123.66574192168996,25.330422428296046,1,1
509,0.43278719851635333,0.5054535334528188,0.46912036598458606,0.23987905419200314,-123.77130716990231,25.406191802716943,1,1
510,0.42308160927782507,0.48941826643112274,0.4562499378544739,0.27397081278015667,-124.15856420387,25.556120094126893,1,1
511,0.4267219271229139,0.46960879943974937,0.4481653632813316,0.2866055485443478,-124.00814403177996,25.01327373000646,1,1
512,0.42561419362995506,0.4819483369724386,0.45378126530119683,0.24899788592171188,-125.42180354164748,25.8896148303286,1,1
513,0.42940387376288025,0.4771838745160057,0.453293874139443,0.2387623906924429,-125.25447244541243,25.800166951636097,1,1
514,0.44334563200369403,0.4990473821035235,0.47119650705360877,0.21694510976162285,-126.14020721081876,26.638042659991214,1,1
515,0.44288972208538735,0.5007979645020681,0.47184384329372775,0.20935832840590796,-126.4624579533061,26.559025256087356,1,1
516,0.4321527251889855,0.49882424868239206,0.4654884869356888,0.18904820594039456,-126.20977393191033,25.793482091454432,1,1
517,0.43299498485045906,0.4829773842804843,0.4579861845654717,0.17545013923847694,-126.11069400866458,26.394868121234893,1,1
518,0.4331243014422367,0.4902335023838644,0.4616789019130505,0.18503138308935732,-126.43904432839635,25.951917846220578,1,1
519,0.4274056077520014,0.48060019033839746,0.4540028990451994,0.19062568902766325,-126.70244014036086,25.949495825343504,1,1
520,0.4341416853042605,0.4860826768490373,0.46011218107664886,0.20212883971847878,-126.56952478249909,24.673413184530357,1,1
521,0.4238451101670578,0.4845633728580889,0.4542042415125733,0.20340769586495536,-127.26152981519864,24.931848999087737,1,1
522,0.42185402597406024,0.4725700878791649,0.4472120569266126,0.21357569893861011,-127.67348435314636,25.307345071202153,1,1
523,0.4190054656554676,0.459113805520731,0.4390596355880993,0.19817048609743307,-128.42661964989188,25.867858638114956,1,1
524,0.40828256567693594,0.44639175335179354,0.42733715951436474,0.2003063064070368,-128.37997076699259,25.88362114685989,1,1
525,0.3472432786699054,0.378420871238992,0.3628320749544487,0.2071918508732823,-129.2029342582105,28.848073044866858,1,1
526,0.26563344722694593,0.2634440955587208,0.2645387713928333,0.20673505516832394,-130.65555750343643,29.8354892582022,1,1
527,0.08725568294362737,0.14457372405495414,0.11591470349929076,0.21050296645684927,-132.52845754125863,32.997342137141565,0,1
528,0.0630514493047846,0.0718195010428219,0.06743547517380324,0.236104233535272,-132.62579190287946,34.98779126467455,0,1
529,0.02734995674910895,0.03663450577529255,0.03199223126220075,0.22405666879631522,-137.6742154886727,35.79943332475274,0,1
530,0.01837323030428418,0.04480497312672218,0.03158910171550318,0.2177230499990946,-136.36837071909127,36.59580520623197,0,1
531,0.031263104407527324,0.07608426666124324,0.053673685534385285,0.23315299805175135,-139.15673780682022,40.12619188918482,0,1
532,0.06681527944566484,0.10830595284830011,0.08756061614698248,0.2389618626060673,-142.3485443093092,38.57925450915383,0,1
533,0.09034605305666053,0.1108958177373024,0.10062093539698147,0.22430323716790204,-133.65962483431792,33.11877222994684,0,1
534,0.1166954114301403,0.18842710759777934,0.15256125951395982,0.22371116232098434,-137.2606696506969,37.15971546280127,0,1
535,0.14673855968060726,0.22104989204485534,0.1838942258627313,0.22977784451132505,-135.70556892512317,35.97162784081343,0,1
536,0.17916188878126488,0.2430898488359484,0.21112586880860662,0.23552069195496791,-137.52132530595574,36.77585165720176,0,1
537,0.25122581484484496,0.2737934897348331,0.262509652289839,0.22533386430870306,-140.3317092766041,36.117354171432005,1,1
538,0.23718213314202144,0.2587087672212836,0.24794545018165254,0.23170462331559208,-138.09704993926738,33.24646385333833,1,1
539,0.23937332185990712,0.2615784047284309,0.25047586329416904,0.23122097653419407,-136.28640112330433,35.75287896528988,1,1
540,0.2599569591700157,0.28131098139065586,0.27063397028033576,0.22493773556341212,-140.12202297265648,36.16708524699415,1,1
541,0.26313820729787946,0.26255886724052657,0.262848537269203,0.2244161158467121,-129.31949090009675,28.000603934688616,1,1
542,0.2840921511828137,0.2746420778899858,0.27936711453639973,0.20724480935517137,-136.9245304474856,31.803123223993484,1,1
543,0.3109884577629417,0.2876063874874442,0.299297422625193,0.21815803280676635,-137.93088067454377,36.67426824972596,1,1
544,0.28833606950606766,0.28311671149710577,0.2857263905015867,0.2195827358307198,-140.87747024322567,37.01318496631632,1,1
545,0.28975453682927127,0.2861805050217574,0.28796752092551436,0.22774805321450234,-132.09542317763032,30.629037956377893,1,1
546,0.26052536581556424,0.28146434455159297,0.2709948551835786,0.22938145199745177,-137.6705576011818,36.954301755290096,1,1
547,0.2745833870655424,0.2814958919204564,0.27803963949299937,0.24829156228333019,-139.49203650297045,37.49337240807277,1,1
548,0.30831826964328285,0.2895022199311515,0.29891024478721717,0.27825903737168944,-140.4730142463987,37.317379269703544,1,1
549,0.29710935745094097,0.27370640395092855,0.28540788070093476,0.2838291125586958,-138.03764648166506,35.88631096705201,1,1
550,0.3177023624123417,0.2834988947492359,0.3006006285807888,0.28608450976425814,-139.33527300150288,35.34517220390535,1,1
551,0.2564378558700903,0.23560789462453294,0.24602287524731165,0.2836023650744662,-142.44087361528713,37.10511182135624,1,1
552,0.28160798356740313,0.2337980795471849,0.257703031557294,0.2756102004541762,-140.7193168262562,36.896688570929925,1,1
553,0.23229777535481824,0.1838391109748991,0.20806844316485867,0.28265226264614135,-144.80441044488097,37.67025395049037,0,1
554,0.21793440000871084,0.18584544369624117,0.201889921852476,0.284379354384623,-136.60176100382137,30.897886186224433,0,1
555,0.20301671561132667,0.1734361770114032,0.18822644631136493,0.2887836909415955,-134.86900539425645,35.67427098327122,0,1
556,0.23665634699432525,0.18742444880531486,0.21204039789982004,0.2871062905602868,-141.09161702846097,38.88124371888865,0,1
557,0.21832992094580325,0.19926124214921603,0.20879558154750966,0.29150343446659643,-135.52260888374846,32.702316733144244,0,1
558,0.22976313738770712,0.21054089586674268,0.2201520166272249,0.2826089509903811,-143.8338907624667,37.197348817592435,1,1
559,0.2314854807094574,0.19935673242661603,0.2154211065680367,0.28486343949897414,-140.92745871698727,42.85979861362915,0,1
560,0.20723001986708783,0.2153702021485004,0.2113001110077941,0.2838414881467686,-124.17143650770765,20.664541162213947,1,1
561,0.20904944802076073,0.2165861667833164,0.21281780740203857,0.2709296794605426,-144.8536192621278,41.27671482270326,1,1
562,0.1766182855412106,0.17441544735489722,0.17551686644805392,0.2645835045379352,-150.6062009323315,44.91832826798851,0,1
563,0.20556987898386195,0.1750322555102234,0.19030106724704265,0.26309021496161017,-154.35827829221492,48.43139266905631,0,1
564,0.1988061326065449,0.17302361519632867,0.1859148739014368,0.2453174457551716,-150.35877442568523,45.60481843550908,0,1
565,0.23313523525557558,0.19929232822977094,0.21621378174267325,0.25163245154827096,-163.48153647037205,44.07935534714832,0,1
566,0.2474577089441327,0.21076020155113032,0.2291089552476315,0.2747689116327278,177.6080395325894,55.91821678059864,1,1
567,0.3026862612907294,0.2549187661953195,0.27880251374302445,0.285091732935457,138.31250194056324,48.50061095204709,1,1
568,0.3336935439553372,0.30324486764332015,0.3184692057993287,0.30421186137960227,136.82450355196767,44.58661448172486,1,1
569,0.34888447615202167,0.30637521195873557,0.32762984405537865,0.2948048739003438,142.04792918062705,43.17635585427813,1,1
570,0.4408312601998642,0.33423514309933583,0.38753320164960003,0.29888563795898904,131.98087756354073,42.86485246888233,1,1
571,0.5225598111931838,0.3828393289019299,0.4526995700475569,0.3014897305132039,129.16742887697265,42.391764589266714,1,1
572,0.5473572674916444,0.38052184682489915,0.46393955715827173,0.3153435706886062,128.36646478357332,41.357026047200534,1,1
573,0.6199454762367052,0.3875835690948881,0.5037645226657966,0.31856501702730855,132.33685611508434,39.88904442575123,1,1
574,0.6691196286234024,0.42566239081135504,0.5473910097173786,0.3342912565660021,147.2096216911502,41.18966519305885,1,1
575,0.656873477473295,0.35269972339187416,0.5047866004325846,0.38958008584334985,163.59330149092975,40.27596588927718,1,1
576,0.6421351241935845,0.36593530936416824,0.5040352167788764,0.3869947442882608,152.67103324276255,39.923825030712884,1,1
577,0.6495115578518833,0.36211768436141806,0.5058146211066507,0.3646468952435878,135.4748020301872,41.17870456152833,1,1
578,0.6556308524868287,0.3829809993764732,0.5193059259316509,0.3330055796393116,133.73068649966555,41.01636601700105,1,1
579,0.6985082882334754,0.3782552850450079,0.5383817866392416,0.34843237015450357,132.77406942792675,41.02132673080516,1,1
580,0.5581484106088387,0.2853311657094059,0.4217397881591223,0.3380734673871586,155.98546369039653,45.99954565669001,1,1
581,0.611650588758177,0.3081620121345494,0.4599063004463632,0.3561740820045534,-117.86089053598675,15.095750418651775,1,1
582,0.6675748017549068,0.2562039141083229,0.46188935793161484,0.4215812692247443,-115.01433870172878,12.593015910747964,1,1
583,,,,,,,1,0
584,,,,,,,1,0
585,,,,,,,1,0
586,,,,,,,1,0
587,,,,,,,1,0
588,,,,,,,1,0
589,,,,,,,1,0
590,,,,,,,1,0
591,,,,,,,1,0
592,,,,,,,1,0
593,,,,,,,1,0
594,,,,,,,1,0
595,,,,,,,1,0
596,,,,,,,1,0
597,,,,,,,1,0
598,,,,,,,1,0
599,,,,,,,1,0
600,,,,,,,1,0
601,,,,,,,1,0
602,,,,,,,1,0
603,,,,,,,1,0
604,,,,,,,1,0
605,,,,,,,1,0
606,0.4557285897466652,0.13375605146926145,0.29474232060796335,0.48396197748205316,-111.90203405519057,6.805158294978579,0,1
607,,,,,,,1,0
608,0.42530668668560384,0.12253460119302453,0.2739206439393142,0.3050880013069971,130.16126944262328,46.443560975529444,0,1
609,0.32379992668124263,0.10480631144033627,0.21430311906078944,0.3105667807663952,144.5718802224843,51.5958447034281,0,1
610,0.24984178472508886,0.07817692963903321,0.16400935718206103,0.221881754381419,139.71442428693373,49.272060506677775,0,1
611,0.31585613759532455,0.12688719937880957,0.22137166848706707,0.21801419070422942,154.32933053864332,52.38724952050276,0,1
612,0.3230368372580471,0.20752603923979385,0.2652814382489205,0.2261861579240485,178.363395466871,53.168740284498334,1,1
613,0.3426356424927778,0.2770260977542956,0.3098308701235367,0.24384831918687408,-176.3433783224324,52.70166068344141,1,1
614,0.4091895669526609,0.31748822485355094,0.3633388959031059,0.2978456537362057,-153.03687682241278,48.17468798674376,1,1
615,0.36553479938424405,0.31005538473006816,0.3377950920571561,0.34735870967499455,-151.38466361328005,45.693607893234734,1,1
616,0.3483932299286436,0.31624228341409805,0.3323177566713708,0.31686689839115245,-139.75361840680188,39.56842441913867,1,1
617,0.3451893530423971,0.315428438159769,0.33030889560108306,0.29824530739763283,-139.02301753833004,39.85300395890698,1,1
618,0.36448283910549195,0.31709978556062884,0.34079131233306037,0.2984965768352949,-136.42474611118658,39.222371493946255,1,1
619,0.3709251493203584,0.3221849667547678,0.34655505803756315,0.2620864152171861,-136.74811052007365,38.38365702503551,1,1
620,0.3906924448636836,0.32682897982497383,0.3587607123443287,0.20787496267211056,-137.46778141000863,38.76251457680208,1,1
621,0.3991053114572272,0.3423321879752436,0.3707187497162354,0.21432157703664365,-136.32087153308933,38.48103866664754,1,1
622,0.35435249152319404,0.32955882699374045,0.34195565925846727,0.25203645891521026,-135.0964859051392,37.09467023661986,1,1
623,0.3822454182014227,0.3390744696742251,0.3606599439378239,0.2728448938555492,-135.18230169499608,36.76276101208871,1,1
624,0.3767962466691839,0.34325908742081607,0.360027667045,0.2669189263010718,-135.36057980655522,37.40759366935298,1,1
625,0.3776233253333677,0.3520227285003131,0.3648230269168404,0.24947905628508757,-134.94773727288924,36.55942424723864,1,1
626,0.3782818036519734,0.34978668063449997,0.36403424214323665,0.22515207873701734,-133.9174250220851,35.39433844201092,1,1
627,0.3825224621074092,0.3583422894938039,0.37043237580060656,0.23125430899851437,-134.4465755774161,37.53847281529236,1,1
628,0.38164665531839775,0.3516866665064526,0.36666666091242517,0.21110617974455753,-133.81610797820548,37.388918343268834,1,1
629,0.3860959331462485,0.3567978022577121,0.3714468677019803,0.1936574971356165,-133.28906055200585,36.056361750173124,1,1
630,0.35817618170052934,0.3511662305550184,0.35467120612777386,0.16774087987127895,-132.29282549616883,36.54116274133293,1,1
631,0.34111912588989546,0.3461057398577421,0.3436124328738188,0.1428086169285238,-131.52728978663035,36.05532630730061,1,1
632,0.3615608080795498,0.3682183989775013,0.36488960352852556,0.10905705629506149,-131.79351580188086,36.49522957591407,1,1
633,0.30415871214494905,0.2954844096037309,0.29982156087434,0.10427515575324448,-131.1516032960809,35.393810795542954,1,1
634,0.3421441541094217,0.3607780173894865,0.3514610857494541,0.11866608281534978,-133.60482627564878,36.164641217984745,1,1
635,0.3589816610394612,0.3714297763101386,0.3652057186747999,0.1111324805834566,-131.15643716249528,34.77669752998015,1,1
636,0.36275496467946416,0.38335943647657394,0.37305720057801905,0.14141013086081572,-131.07491196381937,34.35504815239153,1,1
637,0.3658815393159674,0.39754472194898804,0.3817131306324777,0.14667110036432646,-130.23318722904892,33.883478454156666,1,1
638,0.39346630744352407,0.4148943869934776,0.4041803472185008,0.15571604939224104,-129.64929473851024,33.88957319033273,1,1
639,0.4017091450815628,0.42063066534583776,0.4111699052137003,0.17463514219095755,-129.68454781087485,33.60812700968301,1,1
640,0.37798992584071467,0.40066875792290496,0.3893293418818098,0.18038942480365455,-129.67437135111118,33.67085912066077,1,1
641,0.3864422921769604,0.40932111391541237,0.3978817030461864,0.16586015698475512,-129.09704555531877,33.59797673006387,1,1
642,0.3928150970452031,0.4201497993102533,0.4064824481777282,0.19054886310893246,-128.65265418293728,32.96734400843923,1,1
643,0.37484360581569953,0.405066396152999,0.38995500098434926,0.18904791737644208,-128.76290706448003,32.9165971565764,1,1
644,0.37089779567874953,0.40618276002586795,0.3885402778523087,0.18605361511669935,-129.49571282955668,33.77399253710309,1,1
645,0.36861282805164974,0.39733879428939006,0.38297581117051993,0.18538136170544645,-130.02213568254558,34.290223037533536,1,1
646,0.3895478006186692,0.4129394412621875,0.40124362094042837,0.18823658476031446,-128.82344481374824,33.43104329339809,1,1
647,0.34921570129884777,0.37564116840028944,0.3624284348495686,0.21640236501281918,-129.2332011080461,33.924039932104364,1,1
648,0.33104789259550105,0.3050161940636576,0.31803204332957935,0.1789816754319254,-127.98135661950502,33.32821041578368,1,1
649,0.36395614289620426,0.32849662943511104,0.34622638616565765,0.19337137289072037,-128.80245307896064,33.44005950491801,1,1
650,0.37120041991767855,0.33614642470865896,0.3536734223131688,0.1731648393865688,-129.0788964409972,34.14117885630258,1,1
651,0.36331381955269226,0.3267844266858087,0.3450491231192505,0.17573976156381071,-129.75581634402602,35.32681392225783,1,1
652,0.36767139213447203,0.3197093872841981,0.3436903897093351,0.15829702046337452,-130.3588767952827,35.299439287033245,1,1
653,0.3318496044500499,0.29829798774525623,0.31507379609765307,0.11784085229968512,-129.3231164495003,34.50015270724679,1,1
654,0.2975329609294947,0.31294357415888624,0.3052382675441905,0.10039035259643779,-129.42148746586892,34.50552440219661,1,1
655,0.13258738410271204,0.23571662087724024,0.18415200248997615,0.08761179752480186,-128.45857225447344,32.8078561289198,0,1
656,0.08383892262186525,0.1481782461044435,0.11600858436315437,0.08670517352609904,-128.8381662415953,32.744963563262544,0,1
657,0.0736852401713795,0.0970765852786181,0.0853809127249988,0.11690738002868983,-128.11653421228928,32.20779938675523,0,1
658,0.2177759657906784,0.30803657330005146,0.26290626954536495,0.12149154426960167,-126.6206139350372,30.061995297385685,1,1
659,0.32607941007826924,0.3944085712533984,0.3602439906658338,0.11253555132708037,-125.00184490065601,27.636083656116046,1,1
660,0.39307592981080647,0.48545941549954935,0.4392676726551779,0.12913368589529792,-124.02601853449417,26.77219664255272,1,1
661,0.39926235684882405,0.4828838183217882,0.44107308758530617,0.15613806576136563,-122.32663985040627,24.992218438098078,1,1
662,0.4094791132073933,0.498805814748133,0.45414246397776314,0.21400075685868372,-120.87333412202085,24.149384919462154,1,1
663,0.4197789030655109,0.5229691475989318,0.47137402533222134,0.2458473226358939,-119.87516736365373,23.443152115025935,1,1
664,0.37476362680549435,0.4702704018127095,0.42251701430910193,0.2579985548573271,-120.49147716913666,23.84765314622466,1,1
665,0.38817712530525855,0.4778112458393992,0.4329941855723289,0.2688491159592679,-120.88450094541562,23.281283741247343,1,1
666,0.40341906911154884,0.5241200303022354,0.4637695497068921,0.2699233410695529,-120.26408063708043,23.711892525914227,1,1
667,0.40227147345526715,0.5207437465058065,0.4615076099805368,0.3066396149155393,-120.4675260650157,23.516351424809596,1,1
668,0.3887721786385983,0.4915658881597257,0.440169033399162,0.30397754505001084,-120.97694225703125,23.38804940926615,1,1
669,0.4022575500613278,0.4951201056361418,0.44868882784873476,0.23905471987531215,-120.78252435102421,23.23109509458262,1,1
670,0.4132409110485917,0.5187503531189658,0.4659956320837787,0.18685421690860599,-120.93677170997059,22.748751395383767,1,1
671,0.4144634365668823,0.5288480162174869,0.47165572639218456,0.13080822362772873,-121.49502173592249,23.007991093441344,1,1
672,0.43724542314311926,0.5485281794178359,0.49288680128047757,0.08387468536794866,-121.96308512454145,23.560491711517745,1,1
673,0.4459704869417427,0.581039502053388,0.5135049944975654,0.05953022479248221,-121.659168276826,22.387099837183815,1,1
674,0.4365027646789668,0.5512846432859522,0.49389370398245946,0.04615446684137635,-121.23535268245358,22.73971141499677,1,1
675,0.43733390215993373,0.552106921008597,0.4947204115842654,0.035428360065438716,-121.78718613355426,22.89827013871607,1,1
676,0.43657291055521935,0.5480194520740274,0.4922961813146234,0.024100274018610496,-121.9885978825096,23.606209047471992,1,1
677,0.4303297462586479,0.5481444697177296,0.48923710798818876,0.016893149546265723,-121.67251779223797,23.343933935593324,1,1
678,0.41590566894996267,0.5219412752187567,0.4689234720843597,0.017022415758993898,-122.24698293140855,23.3027297084294,1,1
679,0.41252208321988326,0.5183274759966798,0.46542477960828155,0.014999105765828425,-122.3802454160224,23.263988669942236,1,1
680,0.40785966866625495,0.5081003227456588,0.4579799957059568,0.015423388061104505,-122.4750468672397,23.21569929018649,1,1
681,0.3870383195697601,0.49288270551521346,0.4399605125424868,0.016334834549636044,-122.96922321482587,24.21602146866952,1,1
682,0.4194767195145931,0.5149377627149995,0.4672072411147963,0.0160568690150102,-123.10833098355121,23.695293685759484,1,1
683,0.4142113960720829,0.5087745288871179,0.4614929624796004,0.012507136845342924,-123.19803511304683,23.599678231770877,1,1
684,0.4039169313644958,0.49351536021239856,0.4487161457884472,0.014507367178811533,-123.22662896254077,23.18796768963322,1,1
685,0.3917052106320436,0.49596574208399385,0.44383547635801873,0.012284903035970027,-122.77835200522841,23.072170694550913,1,1
686,0.3952044998511198,0.4886603387109457,0.4419324192810328,0.010895296731239753,-123.10119148608678,23.3363052909812,1,1
687,0.3861327943875213,0.4854863864328435,0.4358095904101824,0.011134014188863919,-123.05238693257868,23.249285824613885,1,1
688,0.3281717401205232,0.4360593577502617,0.38211554893539246,0.014373791342387733,-123.02943694478861,23.339076088576437,1,1
689,0.15206500442573004,0.3026017845472151,0.22733339448647255,0.01629713701334346,-124.79095088022946,24.8515772307697,0,1
690,0.1088808250921996,0.2329662592517612,0.1709235421719804,0.06784033061426031,-123.6083520272029,24.023380870487067,0,1
691,0.07842931679212957,0.14451880150229657,0.11147405914721306,0.153075283453466,-123.00506228688307,23.819879996038225,0,1
692,0.1250291803330255,0.2920961623953685,0.208562671364197,0.1901607016108904,-122.95908040394134,23.34177590716569,0,1
693,0.170678996164231,0.3187806304005166,0.24472981328237378,0.20656099804183106,-123.80341366017814,24.36394922040493,0,1
694,0.22906389976487496,0.3599773130188179,0.2945206063918464,0.2016616402429632,-124.42907095068178,25.242146357434926,1,1
695,0.26715502819975,0.34501483291886387,0.30608493055930697,0.21768472694008487,-125.27707109172037,26.19996891896456,1,1
696,0.2854258482091913,0.34993223500543846,0.31767904160731486,0.24147604137236658,-125.81166991500189,27.907206101018588,1,1
697,0.3144983523196573,0.34787342107490377,0.33118588669728055,0.24600708005093577,-126.44577496177646,28.78380297172141,1,1
698,0.32502010815712895,0.3626186090977104,0.34381935862741964,0.21480341062342045,-126.7810365005148,29.51033554679031,1,1
699,0.30120461979525065,0.351798710937278,0.32650166536626435,0.1857123200474825,-125.98523089610515,30.179357062469773,1,1
700,0.3042919955485626,0.3390766474368899,0.3216843214927263,0.15431373542551846,-128.23497584458426,29.78180208845779,1,1
701,0.314391461820923,0.34942022010802054,0.33190584096447173,0.11076181908674233,-129.03951650156424,29.933426846909867,1,1
702,0.32058016971432723,0.3442232241223012,0.3324016969183142,0.03726281210311546,-129.70234443195554,32.62808792205211,1,1
703,0.334036922432011,0.3619256497394421,0.34798128608572654,0.02587551096408441,-129.03819180240018,32.40159906397942,1,1
704,0.32249766409195446,0.34917780804119,0.3358377360665722,0.02478776939172549,-128.51971481821863,32.421196279212964,1,1
705,0.31066844933502014,0.3527583757953329,0.3317134125651765,0.07572930088431953,-127.72965372145822,31.556528096368837,1,1
706,0.3070950249181231,0.3390210210954932,0.3230580230068082,0.041635731179928276,-128.49766634853043,31.880041862962432,1,1
707,0.3332211339991092,0.3606690255724585,0.3469450797857838,0.007618578362330788,-128.18781357659114,32.493230085552646,1,1
708,0.3466911946902246,0.37405995168915307,0.3603755731896888,0.014698822323176614,-128.45191164280646,32.23165564711824,1,1
709,0.34572726419950695,0.37191022548810465,0.3588187448438058,0.14590981494696986,-128.39650244863094,31.555315358442567,1,1
710,0.32580972317853696,0.35696371147045786,0.34138671732449744,0.2175190443128219,-129.1671044849749,29.95111402919943,1,1
711,0.35693393695867187,0.3704381064113814,0.3636860216850266,0.23658011120619427,-128.9479905076565,30.276513683667694,1,1
712,0.337984654457334,0.3593856855300754,0.3486851699937047,0.247413301752423,-128.87042015274577,31.163978394118097,1,1
713,0.32517732035414404,0.35491256496336887,0.34004494265875645,0.25319409985763014,-129.89529263024423,30.04844037998496,1,1
714,0.31539997821013194,0.3640919519995285,0.33974596510483024,0.266505818469075,-128.87354013033936,29.953007744353325,1,1
715,0.33826569591233424,0.3737588246321578,0.35601226027224603,0.2752844923062932,-127.05377607095846,28.974395581847663,1,1
716,0.3504416890398609,0.38682602931202226,0.3686338591759416,0.20578435236971093,-126.92175897432338,29.314613704904417,1,1
717,0.331393988788097,0.36228685240435055,0.3468404205962238,0.1256857168590505,-128.54811725394765,30.147165023554845,1,1
718,0.3320673576294667,0.37102892220485983,0.35154813991716327,0.07262192566475899,-128.23451085478,31.577291061616457,1,1
719,0.31017745669681085,0.35554563880336865,0.33286154775008975,0.11402523822653438,-128.11117332042926,31.479208018338163,1,1
720,0.3311594694476426,0.3536720928776123,0.34241578116262744,0.15436653014340315,-127.80731074186193,30.952828616332443,1,1
721,0.35521827610734913,0.361255961547123,0.3582371188272361,0.19338139888716183,-127.3454085059615,30.77426614065412,1,1
722,0.35002630088554154,0.38009491847899013,0.36506060968226584,0.13481998083002572,-127.61201915880196,31.19773442477937,1,1
723,0.3598948974309372,0.3896732779685485,0.37478408769974286,0.014935432702672082,-128.60815239745622,32.41537547486236,1,1
724,0.3696674187177601,0.40198382927251664,0.38582562399513837,0.007287334819112987,-128.36592983268557,32.78610463399963,1,1
725,0.36267099526627244,0.3820722490482937,0.37237162215728303,0.012561132511345764,-128.10673162072138,31.98044857858388,1,1
726,0.3646718388975159,0.387159127589672,0.375915483243594,0.17175122557379058,-127.48025965428477,31.161981039912085,1,1
727,0.35077086452325235,0.38050554121372493,0.36563820286848864,0.20768428434917377,-127.04982177928657,30.54525225465601,1,1
728,0.3489300919693432,0.373378540635005,0.3611543163021741,0.2133589811923994,-127.08860410885775,29.71922000022652,1,1
729,0.3569059247896437,0.3754938645327236,0.36619989466118363,0.1868444869302533,-126.95845538953763,30.373072128805248,1,1
730,0.35963427719853636,0.37445098879320354,0.3670426329958699,0.1449533770728516,-128.14989588706993,31.140947384079414,1,1
731,0.3423154134203114,0.36879892821155486,0.35555717081593313,0.14019699084471118,-128.12323160615628,31.356297982120473,1,1
732,0.1524531917700401,0.11400245066065325,0.13322782121534668,0.14136668557579316,-128.81920159781285,32.10182620441099,0,1
733,0.05981951278964527,0.05264298546399403,0.05623124912681965,0.1467565930727748,-129.94207037449155,32.32291335457639,0,1
734,0.07992153786453454,0.051348645755221835,0.06563509180987818,0.20456947544647436,-129.5014768304852,31.285833705454966,0,1
735,0.09647202988495994,0.097741238852769,0.09710663436886446,0.2759717704088357,-129.01896101773914,31.36050746068782,0,1
736,0.22649053984993114,0.2167018527740797,0.22159619631200542,0.2892236686926006,-127.58609409597706,30.563367553450885,1,1
737,0.2818126415983632,0.24993604953238618,0.2658743455653747,0.269752441939349,-128.49779117360418,30.687442631915836,1,1
738,0.30053649702441243,0.2783010435091222,0.2894187702667673,0.18376243413166754,-130.31486783752723,31.96474755017752,1,1
739,0.30886787491080264,0.2899406946569452,0.29940428478387393,0.060832499412563745,-132.63741997712035,33.64990574175658,1,1
740,0.3183149637084585,0.2789467112798263,0.29863083749414243,0.027783140466117667,-131.77484262589672,33.14553249658891,1,1
741,0.32810935980401346,0.2926415291241197,0.3103754444640666,0.10938058395067823,-133.7647625133423,33.306371967297615,1,1
742,0.3250412740971004,0.29414562380520465,0.3095934489511525,0.21415318272726325,-133.09382145125372,33.06304059877832,1,1
743,0.32168217473433525,0.30044779026476215,0.3110649824995487,0.26437048530198853,-134.7336698256806,34.73648184533483,1,1
744,0.3203149592670006,0.29885611577010895,0.3095855375185548,0.24972576313905917,-135.215729804579,35.08406903307836,1,1
745,0.35809703965368417,0.3185184026564934,0.3383077211550888,0.24420511183875757,-135.91169452932363,35.589972677627266,1,1
746,0.33492266526894643,0.29208231234955495,0.3135024888092507,0.17718702601392233,-136.303482940177,36.905432177088656,1,1
747,0.3408748266677432,0.30108747814664016,0.3209811524071917,0.09664499395621741,-136.5463994426468,37.263617639306965,1,1
748,0.3268012373318678,0.29797306303060644,0.3123871501812371,0.09163971817850737,-135.9971559393354,37.11453605013751,1,1
749,0.35682271690216544,0.30767282614803665,0.33224777152510104,0.15394263412443623,-135.42693172051068,35.69149533176621,1,1
750,0.33701017050604715,0.3119468416278758,0.3244785060669615,0.25268051433660155,-133.99931496804933,33.64431888974505,1,1
751,0.3052737267729072,0.2767307144638004,0.2910022206183538,0.2976636614186954,-133.2397474167774,33.22764223943731,1,1
752,0.19286986351596613,0.16194126797871594,0.17740556574734104,0.29723489872931913,-133.96081676893058,33.34925467365648,0,1
753,0.06278684447085998,0.06285238401865044,0.06281961424475521,0.33601402533719155,-138.77399314386216,37.77712725324449,0,1
754,0.02859240233340967,0.042956228951780626,0.035774315642595145,0.3211610972719557,-135.83241007008579,34.93266522564732,0,1
755,0.04803828254400411,0.05300175650753682,0.05052001952577047,0.33979135055763776,-132.47270465594443,30.113205530704075,0,1
756,0.1194590771146763,0.06338099785711339,0.09142003748589483,0.3622305872874124,-128.6648522787424,27.712408103751713,0,1
757,0.20906742894843383,0.23084359736870066,0.21995551315856726,0.3505983055549715,-127.17347117285794,26.3014620653417,1,1
758,0.21725989390433753,0.2676581915820931,0.2424590427432153,0.3487843046288721,-124.14167876883234,21.038882482316613,1,1
759,0.28963188829544306,0.35555014559331094,0.322591016944377,0.33225755454146827,-123.17584795810511,19.917280813156413,1,1
760,0.2957503299248579,0.3688229166861121,0.332286623305485,0.3415148004878462,-122.1301599673476,18.730501085532882,1,1
761,0.28967876733275305,0.38871831050289135,0.3391985389178222,0.32623126931501145,-121.77626344016812,18.32071938568794,1,1
762,0.28374248979853406,0.37905848498054284,0.3314004873895384,0.34354336977810634,-121.74313485225727,17.912289683028764,1,1
763,0.26768421216020616,0.36518803109368586,0.316436121626946,0.3382947708866299,-121.41727916415714,17.07585384922546,1,1
764,0.3266364663656734,0.38758950588902336,0.3571129861273484,0.32107781086302756,-121.68126219109344,17.252092640786998,1,1
765,0.3087112659986246,0.3884006926701106,0.3485559793343676,0.3103524140698023,-121.51540133113262,17.141043760782303,1,1
766,0.2936887292829194,0.3684950306691944,0.33109187997605694,0.30225363214945933,-121.71605168947153,16.743553013534342,1,1
767,0.3215259365451741,0.3967731762909761,0.3591495564180751,0.31900919781068326,-121.03177737049168,16.30678311500534,1,1
768,0.28464643461975336,0.3765485127129087,0.330597473666331,0.3309093658816669,-121.65897909144724,17.119831559508842,1,1
769,0.28441857993180536,0.33038155177961603,0.30740006585571067,0.3290445568478637,-121.1692489058352,16.040721716568665,1,1
770,0.284891378493476,0.3432551557898807,0.3140732671416784,0.33170134615737423,-121.43452343734647,16.07760677105339,1,1
771,0.2757148931113877,0.34744268230227165,0.3115787877068297,0.33264155824894376,-121.17142575086928,15.827430549118212,1,1
772,0.30120760892379306,0.36110898131885794,0.3311582951213255,0.33050592183744854,-121.39616611099196,16.104927843497162,1,1
773,0.2946347984939554,0.3486578855844712,0.3216463420392133,0.3142981083219611,-121.63655018990127,16.036433928125764,1,1
774,0.2819294497320695,0.3440739986931103,0.31300172421258987,0.311351071961942,-123.14017914210613,17.24121208110597,1,1
775,0.18141967438571527,0.19475997959496705,0.18808982699034116,0.32408274700637785,-124.335706308044,18.301695553968827,0,1
776,0.12154192340637682,0.11739303144790054,0.11946747742713867,0.32976405738991094,-126.04345595908272,20.638453518344395,0,1
777,0.1136142690080077,0.10279255357702806,0.10820341129251787,0.31902660529573995,-127.5911016295536,22.438473050994933,0,1
778,0.1179505585777088,0.1335272698994792,0.12573891423859399,0.3133210288731321,-131.11088712922708,25.477311216649245,0,1
779,0.15643573105559708,0.17648325882309368,0.16645949493934536,0.3209248255305077,-130.63209664200846,27.252881433485136,0,1
780,0.24366699034087888,0.22788035093163403,0.23577367063625645,0.306705971212006,-133.36469355127983,29.119718344877835,1,1
781,0.16033965579496987,0.21099869445470495,0.1856691751248374,0.30461058943302444,-132.9631289128869,30.83800017135028,0,1
782,0.17947289571531244,0.19945394377096098,0.1894634197431367,0.30653180891286513,-135.31102438565154,31.910412648070928,0,1
783,0.17613423533870173,0.1784884706824002,0.17731135301055095,0.3032545222400545,-140.51077619583918,36.33226103617064,0,1
784,0.2011678715491146,0.17638977909802725,0.18877882532357093,0.3091795916230321,-137.37118991129125,34.6271533310112,0,1
785,0.23737436266748022,0.1921411596134719,0.21475776114047607,0.30289303463030376,-143.07113743925854,38.64578905953464,0,1
786,0.23862024097488027,0.20065269410199293,0.2196364675384366,0.3152442454281478,-146.71205704449815,39.28112142953348,1,1
787,0.26336262770965296,0.22632608074134467,0.24484435422549883,0.29627179028904044,-148.098722168727,45.46674140613544,1,1
788,0.25932534234297294,0.22529592964421735,0.24231063599359515,0.29710152289592157,-147.1648761443965,37.59498884428443,1,1
789,0.29698501671101674,0.24953254877224598,0.27325878274163135,0.30214221914050404,-151.94199930499295,39.7822485578016,1,1
790,0.28883228545636963,0.26115084390264803,0.2749915646795088,0.30539683446230376,-156.80895581899804,49.56768308642974,1,1
791,0.2947491091822702,0.2296119770896329,0.26218054313595157,0.29917378247478466,-178.0835726524848,55.67056398782709,1,1
792,0.2762642697414428,0.24705003652336988,0.26165715313240634,0.29939900426211413,-169.51500181470774,54.06305510738876,1,1
793,0.30574139518048304,0.2810973758758388,0.29341938552816094,0.28608381953750867,163.65921398703807,56.16071968254192,1,1
794,0.2798611364538057,0.2597227642391074,0.26979195034645653,0.28053700705222073,171.90128388612507,58.957337621227495,1,1
795,0.3105314257934906,0.25453708622197085,0.28253425600773074,0.2820019355182271,151.23006676668032,56.13482189795635,1,1
796,0.24928586329182859,0.2057782632692429,0.22753206328053574,0.27481546968885845,156.976623359546,57.31900722362799,1,1
797,0.26112007399148535,0.24397135095363917,0.25254571247256224,0.27709166138398783,-161.95814534365434,51.6207241379622,1,1
798,0.26208199716990876,0.2410597140049731,0.25157085558744097,0.2906173596854734,-161.78711747203477,51.31052663445581,1,1
799,0.22525305775556423,0.2002687536426131,0.21276090569908868,0.28437507974791976,-156.1500704309147,48.61063007040992,1,1
800,0.2525255764026703,0.21827819249122513,0.2354018844469477,0.2766350360122801,-149.61950749620414,44.94979396661607,1,1
801,0.24344763626583127,0.24798546665203489,0.24571655145893306,0.27354655749564993,-145.3022065049126,38.68164434592358,1,1
802,0.2589691735421924,0.2605534256686228,0.2597612996054076,0.2679011007062814,-137.6811399614139,36.56628537674408,1,1
803,0.2746174216108036,0.24191669416550152,0.2582670578881526,0.2590091105846599,-136.37523404162116,31.305092974402328,1,1
804,0.2880176636505335,0.26553415015627874,0.27677590690340614,0.2532780855379608,-134.41718619905993,31.819298785215373,1,1
805,0.2947897452709312,0.27794082611908205,0.28636528569500663,0.27157711324970085,-133.4415240252245,31.588313847527175,1,1
806,0.2876399388764447,0.28382180009284735,0.285730869484646,0.253342396137394,-130.51233060651083,33.49930816042433,1,1
807,0.3033547137462899,0.2799614541093975,0.2916580839278437,0.2647043548108767,-133.45836522932382,35.202531912399834,1,1
808,0.31611681604069286,0.294630047210364,0.30537343162552844,0.24692034950403688,-136.91319636114665,38.35822147696355,1,1
809,0.3086737366938325,0.28539813312206264,0.29703593490794755,0.2453578657848207,-135.94056381080148,35.714141836212434,1,1
810,0.28575503270772684,0.2845908980209345,0.2851729653643307,0.2368302447678954,-136.67179546224855,36.26764787753761,1,1
811,0.30671162892672205,0.29246433510713604,0.29958798201692904,0.2276077186694231,-144.25766502662515,41.71393123048417,1,1
812,0.31688243752148726,0.27938700475270567,0.2981347211370965,0.21567191324941398,-145.39158572302887,43.09728963216831,1,1
813,0.31697638057190375,0.2812888579448818,0.29913261925839274,0.20820647172045495,-147.56859653161996,41.3811936050496,1,1
814,0.2839482054275326,0.2805088329750626,0.2822285192012976,0.21337422015151913,-152.6200301213012,43.979912452194,1,1
815,0.32765403942185584,0.2881135497891849,0.3078837946055204,0.20844651213297916,-146.23540889075483,44.41617574695721,1,1
816,0.3156980822597167,0.2856590884203258,0.30067858534002123,0.17529002798495422,-150.67203111514695,46.92466175846265,1,1
817,0.2868192226646464,0.2758789100584646,0.2813490663615555,0.17726281239163444,-149.6822553033016,43.4212140223683,1,1
818,0.27232327913172977,0.2574235295262042,0.264873404328967,0.16996974513484558,-148.56890949049736,42.904920954783165,1,1
819,0.3178329925701121,0.28468708924175085,0.3012600409059315,0.17181212954868016,-144.01414362366322,43.28574091508132,1,1
820,0.2947216168848386,0.28529990953620266,0.29001076321052066,0.18469106225521564,-144.2717223018164,43.07466919937558,1,1
821,0.330395686886827,0.2947602833305951,0.31257798510871104,0.1629345350077166,-149.34844269426856,45.52393202392671,1,1
822,0.30500916245817744,0.27295762320652633,0.28898339283235186,0.17338653527368555,-146.20874884824636,44.208771769862324,1,1
823,0.2763516780304195,0.24999787244304725,0.2631747752367334,0.19476002975650034,-144.0611210009169,43.110773323773,1,1
824,0.28742591290702235,0.25563532227573277,0.27153061759137753,0.20933723463557863,-144.14192839828195,42.1526152333621,1,1
825,0.2867648996688834,0.26885233117792423,0.27780861542340385,0.20868963692370307,-139.57741400957048,40.01458725446939,1,1
826,0.320441118202916,0.2716314006837932,0.2960362594433546,0.2045110370306527,-141.52090443971213,40.79802552540148,1,1
827,0.3166213106065587,0.26937977896889037,0.2930005447877245,0.19661299070848168,-138.02253478718342,38.47229910085211,1,1
828,0.35371551600073975,0.28375005780762047,0.3187327869041801,0.16274359145201453,-141.7904572985228,41.16099440820488,1,1
829,0.36069115656485884,0.29172271168148023,0.32620693412316953,0.10196397684888996,-147.19294712906196,40.994737122038096,1,1
830,0.3624525466432526,0.3065779301901304,0.3345152384166915,0.06708664036243332,-142.7687363130409,39.500836475229164,1,1
831,0.35963206601106446,0.2924236449868228,0.32602785549894364,0.014685964171177353,-139.78650088970397,38.20795409036672,1,1
832,0.35642141862085996,0.2883036118908703,0.3223625152558651,0.012329476082503071,-139.4222390708377,38.105303271393424,1,1
833,0.3547862017250099,0.3003799382428166,0.3275830699839133,0.007927647049408371,-137.81241683352908,37.125824589835744,1,1
834,0.3598207207747721,0.3012629503486829,0.3305418355617275,0.006833004806040976,-135.5841075113277,36.04808622803029,1,1
835,0.3644197345919442,0.2967689942672087,0.33059436442957646,0.007738723573761806,-134.64427704450515,35.101778239356456,1,1
836,0.3402600429903488,0.30216642145506406,0.3212132322227064,0.008266837480833492,-132.53229036009034,33.32892681763533,1,1
837,0.3515496913672359,0.3019684986186822,0.3267590949929591,0.008088126509164241,-130.9554110601788,31.52746717310896,1,1
838,0.37413945541516547,0.32932678703721013,0.35173312122618783,0.009401600050859348,-127.07741483748238,29.115125275395872,1,1
839,0.37694133734741897,0.3197382866881099,0.3483398120177644,0.01012939988482139,-127.24378700947517,28.900247277449314,1,1
840,0.3731661208436005,0.33485196421117513,0.35400904252738785,0.009976601361839645,-128.90817070847808,29.929411544194917,1,1
841,0.380920286158853,0.3375814232688651,0.35925085471385904,0.008935651652640153,-129.24935935135304,30.528490983831443,1,1
842,0.37021599865900895,0.3312756614590305,0.3507458300590197,0.007775226933211414,-131.0274809242774,32.71205759413795,1,1
843,0.37039182704227774,0.3178316161786967,0.3441117216104872,0.006709293737593969,-130.44129638965526,33.30748659066982,1,1
844,0.3635029837331103,0.3178136907026184,0.3406583372178643,0.007923879678584425,-131.82224645843976,34.84568957806201,1,1
845,0.3637977341321559,0.3173655127231944,0.3405816234276752,0.007903534660444026,-132.5213075841466,35.413942535700464,1,1
846,0.3745530859374567,0.324725932253595,0.3496395090955258,0.007872991994216597,-132.75403011117976,35.88910199989277,1,1
847,0.3533310119023565,0.3091373781266994,0.33123419501452794,0.007822805447091876,-132.97946854228704,36.140594270301534,1,1
848,0.34835579142791356,0.29420368165882793,0.3212797365433707,0.0072366585163902595,-133.07599175125347,35.98250641642398,1,1
849,0.3503162110262735,0.3007332409231187,0.3255247259746961,0.0077837313532270365,-133.70167215885755,36.628846702710014,1,1
850,0.36089437454540335,0.3077197379856709,0.33430705626553714,0.0074693852395498455,-134.07543606957168,36.61303757541277,1,1
851,0.36022216197499124,0.31090917937782675,0.33556567067640897,0.006828891835052483,-133.74817725162,35.79546947053884,1,1
852,0.36485203171352876,0.31079936307685385,0.3378256973951913,0.006449461538380905,-132.40457141283954,35.33625197342309,1,1
853,0.36561150520772034,0.30719517825628584,0.3364033417320031,0.007370129418294981,-132.60398023752222,35.576760156057155,1,1
854,0.3374007349243366,0.30674095575156596,0.3220708453379513,0.007321052111475686,-132.81878789649775,34.88178320741259,1,1
855,0.36408391862397055,0.3185548631265344,0.3413193908752525,0.0071187122433216754,-132.7200405186529,35.10569122118606,1,1
856,0.3537931396763755,0.31821313194546713,0.33600313581092134,0.008332161816439851,-132.42449190617762,33.99487759633984,1,1
857,0.35229755885768993,0.32119594439845206,0.336746751628071,0.0072174257204772165,-131.7267655757822,33.75195768284445,1,1
858,0.35648499042754006,0.32760374693229644,0.3420443686799183,0.007020379015692346,-131.74704942526623,33.7606804600251,1,1
859,0.35407959084251855,0.31883992262623867,0.3364597567343786,0.0061915529369413885,-128.9401609930725,31.332236093333528,1,1
860,0.36182458041164994,0.31952750956397774,0.34067604498781384,0.004808602878373895,-126.73316397314993,30.234942846763293,1,1
861,0.36112457904646417,0.31315181305434653,0.33713819605040535,0.005648795072618337,-126.00974388729763,29.674178651409918,1,1
862,0.3027127077615408,0.24298449007584627,0.2728485989186935,0.007655637697630512,-126.77862395939226,29.595302025421585,1,1
863,0.12223712792520605,0.05187433538504289,0.08705573165512447,0.006863454313126398,-129.40756976431445,34.56815544699336,0,1
864,0.10114520421397807,0.04518032569022089,0.07316276495209947,0.009058311061865302,-130.83415100270858,35.435232250214526,0,1
865,0.08432229953866707,0.0649550923185823,0.07463869592862468,0.009498258088721538,-134.36960256454233,36.008239440804985,0,1
866,0.176896277629885,0.1495357727602585,0.16321602519507175,0.009741710952027563,-132.86584066512162,34.26477519843369,0,1
867,0.2741528067017719,0.21826989970213015,0.24621135320195103,0.006117769968851197,-131.71911688278604,32.6965516506737,1,1
868,0.3276679547807821,0.2553058864433217,0.2914869206120519,0.006318958280221273,-132.7368255561281,33.98470471880969,1,1
869,0.3574666810243326,0.29945958685681734,0.32846313394057497,0.006517679508501559,-132.36915199018682,34.196253435547035,1,1
870,0.35867241978692477,0.3024796004399755,0.33057601011345017,0.007552754361902212,-133.16740711257077,35.16025595476327,1,1
871,0.3489176592250536,0.2827374534130611,0.31582755631905735,0.0062645432289337236,-133.38052733346814,35.56083177606874,1,1
872,0.34687101372558304,0.290349101061601,0.31861005739359205,0.006343401460644337,-135.34964684695134,36.365872752316555,1,1
873,0.3728361589816812,0.33446830355741225,0.3536522312695467,0.0064535583152712924,-136.03209384627894,36.57326252558619,1,1
874,0.384309314386027,0.3465426004102754,0.3654259573981512,0.005521840829551316,-135.26327909224707,35.753937874146395,1,1
875,0.36199887388027563,0.3522761536872499,0.3571375137837628,0.005351564637744958,-134.07302686842573,35.588761446211834,1,1
876,0.3683347704462835,0.35799693125335935,0.36316585084982145,0.006294171553323913,-132.86986294087708,34.91056011701088,1,1
877,0.381937426739384,0.37486929620852344,0.3784033614739537,0.006771841321533105,-134.58221775989404,37.00629903937045,1,1
878,0.3855471971044691,0.3730130800627031,0.3792801385835861,0.006364171397858721,-133.94410376613658,37.20736351489047,1,1
879,0.3793202440280203,0.3677073416881628,0.37351379285809155,0.01515436859365216,-135.7866467268476,38.354110046201086,1,1
880,0.37182709812050047,0.3627293141567469,0.3672782061386237,0.01077649757546966,-135.87562551981574,35.336912181199416,1,1
881,0.37840756192452013,0.36583864019159124,0.3721231010580557,0.01704068431555215,-133.4318971224278,35.58096824287002,1,1
882,0.38267593685836554,0.37340305133517787,0.37803949409677173,0.015400947345826622,-131.73184149952905,33.08426474390685,1,1
883,0.38754285681984396,0.3801614452793638,0.3838521510496039,0.012299006598677942,-130.16204227094553,31.52704028719263,1,1
884,0.3844893377492256,0.37469330076911295,0.3795913192591693,0.011208108924200653,-129.29191020875828,32.05551055495382,1,1
885,0.36775376597681236,0.3583024738188002,0.36302811989780626,0.01197010546618228,-128.73806804827908,31.14352660193061,1,1
886,0.35606760257136405,0.3540663773583835,0.35506698996487374,0.013602948059357993,-129.7584564417169,30.815006641174705,1,1
887,0.37809478465529567,0.35753754554208345,0.36781616509868953,0.010912477370869823,-132.201681015965,31.942968413744165,1,1
888,0.35258906965699294,0.3417961971436419,0.3471926334003174,0.013059795806637676,-133.23657963241354,32.921028259314916,1,1
889,0.37364939119349094,0.339407997470141,0.356528694331816,0.008557114255877268,-133.78904762100083,33.80404350029884,1,1
890,0.36158392711511045,0.33172906793304696,0.3466564975240787,0.0071566474833309,-134.0291446686971,34.72051706164153,1,1
891,0.34397342219404364,0.31475486575302164,0.32936414397353264,0.005618773094641205,-134.1860564915985,35.99720031176953,1,1
892,0.3618336753346915,0.3034043833070881,0.3326190293208898,0.007892254707740803,-133.02844967334772,34.76858566815889,1,1
893,0.34377451625202493,0.30476663831936,0.3242705772856925,0.007243955496798737,-135.6347703274868,35.87505169422274,1,1
894,0.36554398149379963,0.3372730680060696,0.3514085247499346,0.007041145185559833,-134.88099484768682,35.91655729939818,1,1
895,0.36629093240400645,0.3341234474435072,0.3502071899237568,0.009575970518891697,-136.84126392034082,36.603237635743824,1,1
896,0.3503446256632671,0.3170936324749818,0.33371912906912443,0.010536348575433716,-135.20802584536204,35.650062634562644,1,1
897,0.37561046953125193,0.3357628065441698,0.35568663803771083,0.009507113120417071,-135.1049935397983,35.96839708712047,1,1
