frame_num,left_ear,right_ear,ear,mar,phi,theta,label,valid
1,0.510629835631287,0.4377005614594918,0.4741651985453894,0.00804868077581148,-30.949876296579937,71.98972729119272,1,1
2,0.5153272048646126,0.4477526768931508,0.4815399408788817,0.008888851235156524,-30.63632834736389,71.91835924630625,1,1
3,0.5123822005526718,0.44811622547140184,0.4802492130120368,0.007856431434339822,-30.61259604011111,71.90732749559658,1,1
4,0.5147879490602172,0.4504540976459381,0.48262102335307766,0.0068716588997933155,-30.63145894419066,71.90559828827372,1,1
5,0.50946139003948,0.44210454742967187,0.47578296873457593,0.006714727395730333,-30.64300077308793,71.89634715606083,1,1
6,0.5060538715449691,0.441257544586497,0.47365570806573304,0.0060642412668144,-30.270571719185995,71.7938294770821,1,1
7,0.5062696757894602,0.4440857563134776,0.4751777160514689,0.004666502362304793,-30.491994944844475,71.84555506347012,1,1
8,0.515860209533476,0.44819787487366386,0.4820290422035699,0.005569172916471809,-29.92429877575452,71.71297062135021,1,1
9,0.5121527598654129,0.4446078915558069,0.47838032571060984,0.005577996547422939,-29.463040045217905,71.5639751228879,1,1
10,0.49642403302005017,0.43936615979389965,0.4678950964069749,0.0051094046577803125,-30.137996431530368,71.76686438623916,1,1
11,0.5141776042782848,0.4476446237185036,0.48091111399839426,0.0058542040711741,-30.239077714897956,71.78768769452957,1,1
12,0.5148328710092366,0.45312935840059393,0.4839811147049152,0.004157459345509854,-29.254873650090893,71.52720187107509,1,1
13,0.49864635982949373,0.4367034358219595,0.4676748978257266,0.007294346878520601,-28.927712979769595,71.4118265950152,1,1
14,0.49872022648957315,0.43564753044667687,0.46718387846812504,0.007020544097497668,-29.28946792075886,71.53531406322709,1,1
15,0.5211073748262696,0.4599102256122996,0.49050880021928456,0.004853677192927582,-26.071343465224533,71.21327657582972,1,1
16,0.5112207627389813,0.4522416535927533,0.48173120816586734,0.005631346522171831,-29.044212636176375,71.46192965339613,1,1
17,0.505486811211697,0.4451217654862105,0.4753042883489538,0.0061043020593909494,-29.99272292602169,71.61028068493856,1,1
18,0.505973365532588,0.4461917246473861,0.47608254508998704,0.006957488071483442,-29.68848849144713,71.51321699688911,1,1
19,0.5257792968215869,0.4581860415880398,0.49198266920481337,0.007850193923108281,-30.114504376629863,71.75314269769625,1,1
20,0.5209450282177834,0.4517619564183663,0.4863534923180749,0.008956317200318725,-29.265320355367408,71.47129120557815,1,1
21,0.5308764582585209,0.4645351551557199,0.4977058067071204,0.007609867679129973,-29.33850028308711,71.49328794075885,1,1
22,0.5137590211689083,0.4544459311875555,0.4841024761782319,0.009063078914863047,-30.36453235385695,71.75497262154545,1,1
23,0.5116479361700077,0.45343447672055254,0.4825412064452801,0.009647896677055363,-29.966229063746376,71.57178808971395,1,1
24,0.5280130681687696,0.46189398780361174,0.49495352798619063,0.00799953767396993,-28.94384925214734,71.43913980406644,1,1
25,0.5012564264916024,0.44709020112460346,0.4741733138081029,0.00864639981981719,-30.71177959517984,71.86479178799861,1,1
26,0.4977437436340123,0.43998147606151644,0.4688626098477644,0.007425073321533042,-30.713067204547343,71.87268497615014,1,1
27,0.4927578850986482,0.44151186464072895,0.4671348748696886,0.008685245384060293,-31.25763198287329,71.79910061195748,1,1
28,0.4804156459518264,0.4166574899635075,0.44853656795766694,0.00826381766918164,-30.570490068361377,71.83154646398442,1,1
29,0.4645531338554553,0.39776125334560924,0.4311571936005323,0.008316957452671856,-133.67796129911474,34.562686543502316,1,1
30,0.42878629293475107,0.36077140630072224,0.3947788496177367,0.0065351538278969196,-134.25297851479849,34.603675825613486,1,1
31,0.4412420403324377,0.3695959414984287,0.4054189909154332,0.006025771630911526,-135.65521775814992,35.39922273887296,1,1
32,0.47171471087028566,0.39278746831444206,0.43225108959236386,0.0066967814536114485,-134.9108591351408,34.91308270449653,1,1
33,0.4785099476631157,0.4136972257292655,0.4461035866961906,0.006551371943912758,-30.618892678116463,71.80599174714422,1,1
34,0.4917655164809849,0.4222677141077911,0.457016615294388,0.007219185608037886,-135.27710894852225,34.88948308100204,1,1
35,0.4842997742606656,0.41955730609517183,0.4519285401779187,0.0077561924232839976,-134.21879539121792,35.27630740116076,1,1
36,0.513161412676494,0.4386049021697116,0.4758831574231028,0.01127038894720399,-134.69066234309904,35.46133984129242,1,1
37,0.49541047539179156,0.43007435623460327,0.4627424158131974,0.011330349974606458,-135.62079895066285,31.82409769712324,1,1
38,0.4947519283439592,0.43095175513081413,0.4628518417373867,0.011114371838643543,-134.37331340936555,34.0891349168652,1,1
39,0.47900299314093553,0.4243241126145458,0.4516635528777406,0.015473914604779166,-134.71735327182844,33.71376915522683,1,1
40,0.49130686978182303,0.43410135537284633,0.4627041125773347,0.022652086101037815,-134.83299979751334,32.042983815237875,1,1
41,0.49149038748161505,0.43017703017337616,0.46083370882749564,0.01969328061284784,-134.4009241594793,34.06044715583305,1,1
42,0.48058333681526655,0.422580072788286,0.4515817048017763,0.05561195536822554,-135.05436437304627,34.409045238627314,1,1
43,0.5085876698800402,0.4426626914823264,0.4756251806811833,0.07122034879192878,-134.11855112566442,34.962160515833325,1,1
44,0.5117205538372486,0.4452058614823929,0.47846320765982076,0.11710800825957512,-134.11110091480174,34.138648440224046,1,1
45,0.5122221758803153,0.4458331615263715,0.47902766870334335,0.12807720805898679,-134.05585928353122,33.64550891164156,1,1
46,0.5125199439703877,0.44299598856368044,0.47775796626703404,0.14205570337842002,-134.02229260344618,33.494678136465915,1,1
47,0.5061214995671587,0.43887514184958026,0.4724983207083695,0.17981962276265384,-135.15714568260793,34.31795568208326,1,1
48,0.49398180966163174,0.4293496652749766,0.4616657374683042,0.172251728502792,-135.40051951367542,33.867529678665626,1,1
49,0.5187657571359033,0.4408258198438488,0.47979578848987603,0.17042526951282067,-137.26814266658735,35.256029293402385,1,1
50,0.5101862400870648,0.43509772795700274,0.4726419840220338,0.18466440003836332,-138.26811754221615,33.30373110134579,1,1
51,0.5132529497004343,0.4386954083018303,0.4759741790011323,0.22764756627652522,-136.8230117474641,34.96699675975064,1,1
52,0.5206701623974302,0.44479334370419155,0.4827317530508109,0.23261225529652307,-136.42115516416013,34.175284940017775,1,1
53,0.5128986627758098,0.4391868247998995,0.4760427437878546,0.24342943691184046,-137.15834184940357,32.019121990357455,1,1
54,0.5284160226531704,0.46003698729437575,0.4942265049737731,0.25942265180746343,-139.6954735903987,34.31271928998998,1,1
55,0.536291417586157,0.46602990388617854,0.5011606607361677,0.2501926011597346,-138.83682613378988,33.63815649006494,1,1
56,0.5214220402028757,0.45389151643654696,0.4876567783197113,0.26917748171765915,-139.55090103601788,33.97225306077115,1,1
57,0.5282156848000249,0.45990481347069,0.49406024913535745,0.2654133312871042,-139.7034725852525,34.35038450520124,1,1
58,0.5264054705332177,0.46078797762081697,0.4935967240770174,0.2729688576067856,-139.18347722817418,33.06848121016663,1,1
59,0.5354674526817641,0.46077225053611737,0.49811985160894073,0.2695108379220744,-138.86855756066436,32.44292384794166,1,1
60,0.5160798553642948,0.4406150427956148,0.4783474490799548,0.26622089600787485,-138.73248007073346,33.59841493629495,1,1
61,0.5136879661381055,0.45020748945479366,0.48194772779644957,0.25385088352026425,-141.69173637266098,37.53300858017779,1,1
62,0.510386410004031,0.4418336350695184,0.4761100225367747,0.2504188356295504,-139.3553089066616,34.247745386364386,1,1
63,0.49935193503554165,0.44348301788136396,0.4714174764584528,0.2597218566508784,-138.8761894003041,34.39364405258181,1,1
64,0.5162665430828495,0.44796057512024434,0.4821135591015469,0.2596014491742077,-138.78386033090976,34.607223423214,1,1
65,0.5305260293784981,0.4592205231129029,0.49487327624570054,0.253800163607822,174.1919080219391,49.34660658903453,1,1
66,0.5312093282786974,0.45847457659306684,0.49484195243588214,0.26084118843409104,-141.08422666821275,35.02762264827338,1,1
67,0.528110396420924,0.45645789288522876,0.4922841446530764,0.2608153035647777,-143.09961887109407,37.20624818339509,1,1
68,0.5349570306472783,0.4603391763062552,0.49764810347676675,0.248188527868172,-141.86274958897178,36.07593010506996,1,1
69,0.5342732449461565,0.4592045589666809,0.4967389019564187,0.2619971005362004,-140.05966522639957,34.776769914909316,1,1
70,0.5045807593158257,0.4257203626858122,0.465150561000819,0.27341591660414055,-143.8563157953413,40.91330350235862,1,1
71,0.50159440302521,0.4271657008103432,0.4643800519177766,0.2761861588828754,-139.48489519148137,35.349233633684676,1,1
72,0.4965865738475931,0.4333871586214785,0.4649868662345358,0.2781276394310199,-140.04503917676502,36.67652038782955,1,1
73,0.4738444801991995,0.4059713553208771,0.4399079177600383,0.30094518667445536,-139.3296037802019,33.639457179977576,1,1
74,0.4845514346215011,0.4164274320691905,0.45048943334534575,0.2915660473967623,-139.3338576578996,33.153167145200456,1,1
75,0.48577626382216677,0.4151105739135406,0.45044341886785366,0.2985194172247392,-142.34752546466396,34.611012429281615,1,1
76,0.47920509442761694,0.4179053517680358,0.44855522309782636,0.2960159449572148,-142.30984343699885,34.08190768834305,1,1
77,0.48898157625809596,0.4172087133584151,0.4530951448082555,0.3060358885710526,-138.00121037736415,33.14380740001082,1,1
78,0.5009429461505452,0.4256128052416285,0.46327787569608686,0.31112025592578896,163.34452468387389,46.2668905691639,1,1
79,0.4993792148349871,0.4235653643414602,0.4614722895882236,0.30786163403097805,-151.42437269849057,46.282545584625225,1,1
80,0.4975471551927082,0.4172107616204408,0.4573789584065745,0.29661194969533344,175.35677523265505,45.508742061326515,1,1
81,0.5134552330608105,0.4369798988450854,0.47521756595294795,0.30546477170494296,-138.5562168905582,36.2262561770972,1,1
82,0.5131187010527248,0.43374687998281214,0.4734327905177685,0.30486028505164126,-141.77414902337466,34.23746195162856,1,1
83,0.5147654082260781,0.43269295212576686,0.47372918017592247,0.30148221817728726,-137.43450033782764,34.28903162550921,1,1
84,0.5223550801710254,0.43716793303813434,0.47976150660457983,0.33365200788775407,163.95865520469462,51.173447112936,1,1
85,0.5148304022862452,0.43058320034172987,0.47270680131398757,0.30572555208259194,-136.11986839404855,33.87040851612137,1,1
86,0.5475084991092632,0.45236999092207725,0.4999392450156702,0.3331702959606549,-134.7870476699725,33.16743652625093,1,1
87,0.550522955250014,0.4582003301656372,0.5043616427078257,0.2901711378818086,-136.877190928226,31.702437054779626,1,1
88,0.5403013140955615,0.4514783996576185,0.49588985687659,0.2523268770070782,-135.6183578149781,33.51235808679251,1,1
89,0.5361190207953599,0.45656540711053706,0.4963422139529485,0.2291391765861986,-30.789841289744047,71.89517231273055,1,1
90,0.5347000416675334,0.45777918692862396,0.49623961429807867,0.2059778152117267,-26.004432832342932,71.21268343391546,1,1
91,0.5441413275913389,0.45937788942682695,0.501759608509083,0.17960900611486966,-26.900723103405085,71.12140337393186,1,1
92,0.5483196637790392,0.46424114756351825,0.5062804056712787,0.15392427286945573,-28.842718108282924,71.30239584316861,1,1
93,0.545078819207773,0.47201160058311603,0.5085452098954445,0.13547726943055347,-30.854598129708588,71.88489597473257,1,1
94,0.5423619108165829,0.4742789898351241,0.5083204503258535,0.11511429113024592,-30.95195596783049,71.72578975800761,1,1
95,0.5417034331417035,0.47346343629518284,0.5075834347184431,0.15886098806550453,-30.813514580115967,71.86684826796476,1,1
96,0.552114531171853,0.4839470724808004,0.5180308018263267,0.1352750461267043,-135.49072086429587,35.20044901011792,1,1
97,0.5581013198969054,0.4856612004615602,0.5218812601792328,0.10307486535292432,-30.69068735150194,71.8428215172759,1,1
98,0.5595121952899045,0.48699803385032026,0.5232551145701123,0.08341709039395312,-134.0323100610509,33.73183358667349,1,1
99,0.5900167037344052,0.5096028826553161,0.5498097931948607,0.08289626049618969,-30.75723848731147,71.85333094461073,1,1
100,0.5846724611911953,0.5119485825236239,0.5483105218574096,0.10661384814106466,-134.63458373414156,33.90028681881988,1,1
101,0.5847694741125328,0.5085025608782711,0.5466360174954019,0.1268834355798377,-135.88333577714826,35.025317614254455,1,1
102,0.614791322862338,0.5190049572596981,0.566898140061018,0.11087023261941682,-30.884953079372508,71.8750652602574,1,1
103,0.6188308269947974,0.5259127912702164,0.572371809132507,0.12212524170217715,-136.77813319286614,34.86515778024983,1,1
104,0.5999655709651287,0.5205139967556609,0.5602397838603947,0.12220166345077521,-136.19880962231431,34.594065137144774,1,1
105,0.5936278272673691,0.5206119193861426,0.5571198733267558,0.15945111987460808,-137.44605350566155,32.36635293216643,1,1
106,0.6075177821296769,0.5284294758817596,0.5679736290057182,0.17770540556420852,-139.4991187805326,33.41654512911486,1,1
107,0.6020421687299271,0.5234768333459471,0.5627595010379371,0.1813100783143031,-138.74052353885776,35.18978162048488,1,1
108,0.6044842046235672,0.5308553513317068,0.567669777977637,0.21150112857364928,-140.43528059623043,33.325258210714566,1,1
109,0.5905049601524448,0.5112625895304819,0.5508837748414633,0.23503481013089933,-137.4122548371984,35.0041385396568,1,1
110,0.6030963308624466,0.5225923469703307,0.5628443389163886,0.2608783462101584,-134.9903679430583,34.20421809374936,1,1
111,0.6007763367909322,0.5210903734935384,0.5609333551422353,0.2668823009357644,-135.13712517715274,34.01366561067508,1,1
112,0.5406985101209429,0.4678279707838004,0.5042632404523717,0.2604116829203838,-138.50707829100762,33.42409619952766,1,1
113,0.5336921125131964,0.46496612285118394,0.4993291176821901,0.24887914171061917,-138.75017767849633,33.537314808260795,1,1
114,0.5475160447056049,0.4715153180451788,0.5095156813753918,0.25521545494402703,-139.48587174375945,34.616027090225394,1,1
115,0.5529746757674879,0.47604493045599106,0.5145098031117394,0.27088359781876614,-154.40727271062468,38.51335353952316,1,1
116,0.5484381189893327,0.47040721841541094,0.5094226687023719,0.2837918242531785,-136.88233644466175,33.20443645925069,1,1
117,0.5429729968714581,0.4733825194899359,0.508177758180697,0.23992214876342915,-137.14670599970614,35.27084179729458,1,1
118,0.5333552374453417,0.46564985691691435,0.4995025471811281,0.05469025204620715,-30.69994112268917,71.87918231684986,1,1
119,0.520679885087655,0.4690700926380253,0.4948749888628401,0.013133770142915934,-30.862740881458617,71.92059736077954,1,1
120,0.5233480009340675,0.4667904553841659,0.4950692281591167,0.03438194349336609,-31.085960304662763,71.96342034753258,1,1
121,0.5267984326265494,0.473435130119425,0.5001167813729872,0.1832675303903844,-137.36931767779996,34.23074651526644,1,1
122,0.5176624548815261,0.45858252814671474,0.4881224915141204,0.258819606925265,-138.34445056085687,33.028098219683876,1,1
123,0.5354293677462055,0.47729644555007067,0.5063629066481381,0.2843982024834571,-140.41106368444233,34.42385940919376,1,1
124,0.526429628499084,0.4688506680781013,0.49764014828859265,0.25688951959530104,-141.2767682822886,39.37069994160944,1,1
125,0.5269795766564158,0.46482393358518875,0.49590175512080226,0.26043224911031465,-139.80835967256667,34.898984639272655,1,1
126,0.5370912812129233,0.46675702345793557,0.5019241523354294,0.28119206314144235,-140.17487823632095,35.04245000704779,1,1
127,0.524422125996342,0.45833890720004805,0.49138051659819504,0.28992597288045235,-139.93460547332697,34.920663320127154,1,1
128,0.5387939802399343,0.4633165366838771,0.5010552584619057,0.3069134763591418,-137.9919342934427,34.8401008095686,1,1
129,0.5390404988372467,0.46885629577583815,0.5039483973065424,0.2678360545992642,-136.61346276996588,35.03229952009828,1,1
130,0.562941100361831,0.48285387792483053,0.5228974891433308,0.14062439230264354,-30.846340393270143,71.90109996650875,1,1
131,0.555316024261433,0.47975202420937596,0.5175340242354045,0.021055737392278454,-29.85868329787398,71.83261886809335,1,1
132,0.544686949666847,0.4774982116927845,0.5110925806798158,0.021544451358502872,-30.960496679486194,71.75443503119568,1,1
133,0.5401331467047338,0.4821430368289653,0.5111380917668495,0.030946250775274606,-30.86577606910262,71.91397392729559,1,1
134,0.5370143501711538,0.4770232826901693,0.5070188164306616,0.07075280973358769,-138.32744943724018,36.158074080367825,1,1
135,0.5244653079099928,0.47033680004529155,0.49740105397764217,0.08685298395351726,-31.02473978954264,71.77970637741393,1,1
136,0.4986208933542349,0.44779793251448463,0.47320941293435975,0.10951513364935589,-137.2581383665488,35.81944941613567,1,1
137,0.5102421848450043,0.4566408531655227,0.4834415190052635,0.13978090725784667,-139.78441990583272,34.27858505990781,1,1
138,0.5332047979174175,0.4701817559897133,0.5016932769535654,0.2076340934512287,-140.20472771240856,33.55708717670092,1,1
139,0.5322524013401565,0.4742307702359638,0.5032415857880601,0.1908054344000325,-144.15360248694978,35.53345519531207,1,1
140,0.5349111737476879,0.4722903863107839,0.5036007800292359,0.2191647708226647,-143.5545083347327,40.0868998835478,1,1
141,0.543435113135395,0.4853550814790502,0.5143950973072227,0.21297973092348077,-141.5266561208497,36.05601635457908,1,1
142,0.54194858471932,0.4840922809331182,0.5130204328262191,0.20779165559954738,-142.38437437948173,36.56871973655402,1,1
143,0.5406426916094392,0.47785455190983994,0.5092486217596396,0.21700133890526846,152.95371688565862,46.70623996903747,1,1
144,0.5242111194968319,0.45964237304060096,0.4919267462687164,0.2202891043830725,-146.72238142395054,41.06894919697019,1,1
145,0.516891699773741,0.4468878908503414,0.48188979531204124,0.21219586166742646,-143.6894288474719,38.820849044974345,1,1
146,0.5241048208487946,0.4474687849194483,0.48578680288412146,0.21258731525254165,172.56109768248228,49.73879526184643,1,1
147,0.5172892708885629,0.4457030741986855,0.4814961725436242,0.21271793497632774,167.61509948935836,51.97797779086515,1,1
148,0.5182858236373136,0.44832857601102427,0.4833071998241689,0.21399758890152237,165.09400596010985,51.17281626037465,1,1
149,0.5185933380570805,0.44423360044632826,0.48141346925170436,0.21194102906021692,-145.99088328487392,40.81821231121093,1,1
150,0.5195935646935861,0.44542111434969983,0.48250733952164293,0.21979440033600622,-149.41606933932272,37.65174796096577,1,1
151,0.5201218861594971,0.44347397786933707,0.48179793201441706,0.21474138264708192,-140.4177544887523,34.582375682699194,1,1
152,0.5241818147007721,0.44611450678635245,0.48514816074356226,0.22025445534479607,-141.40864395410918,37.34303016856838,1,1
153,0.5200563573154012,0.4485826891905568,0.484319523252979,0.21824234434174755,-143.54306427389034,38.222399507106964,1,1
154,0.5137266309256717,0.4440249669595524,0.47887579894261206,0.21712816390971354,-143.82848430804347,39.11840452790898,1,1
155,0.5222930398724194,0.44793570886432943,0.4851143743683744,0.21911324775360308,-146.19990239123146,35.5181513834027,1,1
156,0.5281907588687157,0.45373417765004315,0.4909624682593794,0.2358882335373388,-142.22099326552592,37.68813497959323,1,1
157,0.5105208378216037,0.4348616512013377,0.4726912445114707,0.2253578165193408,-144.2352375521519,38.3667059140361,1,1
158,0.5288250790238217,0.4483640495083132,0.48859456426606745,0.23621855257563593,-142.01613748607798,36.27618354046258,1,1
159,0.5302720996572015,0.4554901567147697,0.4928811281859856,0.24302625211366394,-151.80671038127298,45.43503694336912,1,1
160,0.5280438291661721,0.4483361196194359,0.488189974392804,0.24142114837536413,-143.47795672619554,38.793361333850854,1,1
161,0.5317924843512685,0.4514800062079191,0.4916362452795938,0.24387523631768865,-140.82177650996866,35.99506467457197,1,1
162,0.5333747375717818,0.45227197958503695,0.49282335857840937,0.25898075881849664,-140.82642479291744,35.16386010320686,1,1
163,0.552168602811066,0.46393588336649955,0.5080522430887827,0.27150289285608326,-142.50946931849967,34.91834417651231,1,1
164,0.5496983832196093,0.46231000475600553,0.5060041939878074,0.27362182383574213,-140.53630438638035,34.92694801717863,1,1
165,0.5516582789984414,0.457035077225787,0.5043466781121142,0.26944503731370034,-137.63664502496505,34.93656458063043,1,1
166,0.5609226607566499,0.4636487358797857,0.5122856983182178,0.2752221694100962,-137.6686814469385,34.519261798651364,1,1
167,0.5611018507542062,0.46491885784583503,0.5130103543000206,0.274330334588427,174.74244836042064,46.78681132303776,1,1
168,0.5447726605247323,0.4623424779795407,0.5035575692521365,0.2659227160453029,-146.40978752316386,35.20037956412929,1,1
169,0.5127987915093313,0.43231033099410415,0.4725545612517177,0.2717653704469474,-136.973828256614,33.63962684087454,1,1
170,0.5156768584467554,0.4345635989293796,0.47512022868806747,0.279956777543389,-137.6446602668051,34.53736097328101,1,1
171,0.5267193103255445,0.4400570679748468,0.48338818915019566,0.2850321624513003,-137.1535198570312,33.8220730453533,1,1
172,0.5333388171777331,0.44630976087750873,0.48982428902762093,0.2860034843882587,-136.9986054213478,33.541273306208225,1,1
173,0.5396415231864803,0.4465586679946192,0.49310009559054974,0.29434478331632286,-136.24478999195668,33.71301861648086,1,1
174,0.5480938899528499,0.4541583635994966,0.5011261267761733,0.2952336954863114,-135.9960479826257,33.308496791744275,1,1
175,0.5511464328967329,0.4569827730981219,0.5040646029974274,0.30212776064983327,-140.7300553932385,40.3520161880387,1,1
176,0.5490085591691753,0.46203748119794114,0.5055230201835582,0.28541672296102294,-140.03754465080112,33.485716951995386,1,1
177,0.5333117950766747,0.45681571589025216,0.49506375548346343,0.27963650403233725,-138.91278155911618,34.24432236110749,1,1
178,0.5273242129521428,0.44787894160384395,0.48760157727799336,0.2759487082720299,-137.63396645377534,32.33880191942364,1,1
179,0.5144203733139909,0.4442369987821451,0.479328686048068,0.27381265663519716,-30.558025135748245,71.81151438214198,1,1
180,0.5256822945425479,0.4541103764888918,0.48989633551571987,0.259888453696049,-31.733027143230455,71.72983456302386,1,1
181,0.5416168034030923,0.46334478080158453,0.5024807921023384,0.24812520983493008,-29.302258590975004,71.46718635037263,1,1
182,0.54014935163548,0.4665618716554656,0.5033556116454727,0.23876687458469237,-30.659052935561572,71.78955559999743,1,1
183,0.5400378463380089,0.4701238259641099,0.5050808361510594,0.23655776169268145,-30.79089632454774,71.81880373857129,1,1
184,0.5613502233503679,0.4870119427910807,0.5241810830707243,0.18127401319659986,-31.03892901137794,71.8800492775638,1,1
185,0.5626073638487259,0.4837683181335698,0.5231878409911479,0.1601122669034421,-31.035273734254034,71.87312710006502,1,1
186,0.5612345961037658,0.4835349939887097,0.5223847950462377,0.15697608762841092,-31.057579664307795,71.86933482331219,1,1
187,0.5407088528925262,0.47590570754699824,0.5083072802197622,0.11927179251123929,-30.786888167395432,71.80806546067767,1,1
188,0.5416149970569731,0.48061295356731853,0.5111139753121459,0.08140583631566739,-30.74949457773779,71.79640349701239,1,1
189,0.5412886908333839,0.48636524224867006,0.513826966541027,0.01800561570545765,-131.51289351147292,32.90318188256311,1,1
190,0.5533087795409258,0.4915785360156193,0.5224436577782725,0.015391048642052268,-133.9331114647619,32.139551002152224,1,1
191,0.5346339656157922,0.48148262086288557,0.5080582932393389,0.016675923448809016,-133.66431662054964,32.134723012637345,1,1
192,0.5376653883206587,0.4872820609171411,0.5124737246189,0.07206509516829952,-31.07188189605705,71.9006983269089,1,1
193,0.5429078282668258,0.48248466292647424,0.5126962455966501,0.18089955335236135,-30.50375347825253,71.76050106545961,1,1
194,0.5604008065631797,0.48971080510078,0.5250558058319799,0.22091257268272133,-29.231796434704975,71.45064075877251,1,1
195,0.5612194962084875,0.4825536581236927,0.5218865771660901,0.2418146132265362,-29.672568070751108,71.76456615445773,1,1
196,0.5458510561483368,0.4759924551184188,0.5109217556333778,0.23240298259974393,-29.00715686761178,71.37714903109128,1,1
197,0.5462930532010791,0.48144543997971534,0.5138692465903972,0.24309011672030575,-30.96715329538818,71.89904249703908,1,1
198,0.5528220047409352,0.48726278512106636,0.5200423949310008,0.24582757087203938,-27.027848833977647,71.26497936712258,1,1
199,0.5572492280136853,0.48412856710486446,0.5206888975592748,0.24566179382426004,-30.839729751069097,71.86655138547606,1,1
200,0.5366764913329981,0.4632519276225279,0.499964209477763,0.22377659130692898,-30.775972793443284,71.86766215802004,1,1
201,0.5602092799843202,0.46366897930609136,0.5119391296452058,0.2785964725295971,-30.856746980824603,71.88225907108773,1,1
202,0.5674053757692252,0.474275171958552,0.5208402738638886,0.2593159076083853,-31.111372161033312,71.75831889602986,1,1
203,0.5716536523019243,0.4804173543616653,0.5260355033317948,0.28534503285346857,-134.0113247408612,33.29284074455574,1,1
204,0.5603383114967008,0.463973341416549,0.5121558264566248,0.3234678244367912,-131.86149106758447,32.15476962024585,1,1
205,0.5532451763955978,0.46070986233719174,0.5069775193663948,0.31757224538601714,-30.78555929875222,71.87778613538704,1,1
206,0.5719633846976382,0.4393700438092223,0.5056667142534302,0.3093616124162642,-30.71001534439733,71.85359667080738,1,1
207,0.5931913602799143,0.45654880895096656,0.5248700846154404,0.29907206567587813,-30.751303191235916,71.85264831995708,1,1
208,0.5899382653882578,0.4590845502938833,0.5245114078410705,0.2729560949890258,-30.704218232976977,71.83998045310857,1,1
209,0.5451619581472982,0.4276209195505928,0.4863914388489455,0.2512657304300727,-30.717595082954627,71.83893819227879,1,1
210,0.3061922357150569,0.2820213823416582,0.2941068090283575,0.23939102864030107,-133.51507648953347,33.57762677764805,1,1
211,0.14016253565720962,0.06032327779049085,0.10024290672385024,0.2564250815748431,-30.480017380110237,71.78928362227713,0,1
212,0.1142448136117627,0.041821049098643065,0.07803293135520288,0.2616067679145804,-30.425194188909426,71.78155557023119,0,1
213,0.12788933602101185,0.05266489271196416,0.090277114366488,0.23159091402643162,-30.517737113852437,71.80911046158198,0,1
214,0.1146414499594563,0.04940495275128435,0.08202320135537032,0.23607826596161274,-30.85283013040971,71.8999628323467,0,1
215,0.18746410660232657,0.10566979950393164,0.1465669530531291,0.24675858418735122,-30.76405153771296,71.88859492578,0,1
216,0.2946613991661042,0.19136685566218886,0.24301412741414652,0.24510734975326023,-136.06167290558895,35.43479844081793,0,1
217,0.31392982513041695,0.20584476475663635,0.25988729494352664,0.2429681704500277,-139.58758892759636,36.723599064455485,1,1
218,0.3635553992605845,0.25759241476828887,0.31057390701443666,0.24284279798858022,-139.92534749837662,35.13125705855233,1,1
219,0.36830002456349037,0.2646603788060393,0.3164802016847649,0.22246688476380683,-139.00361862604151,36.50221702532587,1,1
220,0.3853137209857771,0.31313832241521183,0.34922602170049444,0.19095860790182925,-138.47289525625308,36.367707798645235,1,1
221,0.3811102023264819,0.3009277322945634,0.3410189673105226,0.18455298725878316,-138.34230808246548,35.9153774962535,1,1
222,0.3730778427043161,0.286298663344812,0.32968825302456406,0.19737369739055713,-138.91386772630943,36.54990551560364,1,1
223,0.35466426070569396,0.24497883115419172,0.2998215459299428,0.19794528406098374,-139.1122253967247,37.11256516023451,1,1
224,0.12993045755585225,0.029585292209856583,0.07975787488285442,0.19888226602457368,-143.11864361367256,41.204718618258255,0,1
225,0.08982908542747874,0.01513885524090454,0.05248397033419164,0.2050665333051269,-30.505804811364616,71.83953816627744,0,1
226,0.11809556975290265,0.03161654005340661,0.07485605490315464,0.20889718600837412,-30.54378701358996,71.85860105955534,0,1
227,0.1439280071941947,0.058553363029969344,0.10124068511208204,0.20930236002121563,-30.427105411793214,71.83191068224366,0,1
228,0.23129781424218746,0.10322108120680774,0.1672594477244976,0.2292694919387417,-30.339564049435822,71.66475822705706,0,1
229,0.31076675012790733,0.16492455752874433,0.23784565382832584,0.2310259752028792,-139.82539303464566,37.372961277006894,0,1
230,0.3582219504721952,0.24282280366067474,0.300522377066435,0.24198610877264037,-137.19813707588997,34.896244856866616,1,1
231,0.3928343693138665,0.28548352888136047,0.33915894909761346,0.2631143055360954,-137.24276505091987,33.57475300781337,1,1
232,0.4091276516002722,0.3170132912015828,0.3630704714009275,0.304376656695664,-136.56925210626278,34.372540710279225,1,1
233,0.42117307135485554,0.3290594507687228,0.3751162610617892,0.2992368135320585,168.07531952143134,46.674191797941454,1,1
234,0.4431630926147365,0.35308915823026377,0.39812612542250014,0.3086487593482028,-136.3405536784248,32.33164773981416,1,1
235,0.4437650034519661,0.35779324069985446,0.40077912207591027,0.24760825186446592,-135.53784753785934,34.329401157837296,1,1
236,0.43498471874844974,0.3580413698483894,0.3965130442984196,0.08308589304859301,-135.43480361058278,35.16871986548533,1,1
237,0.44716995777651614,0.3720792711458303,0.4096246144611732,0.029944227496114677,-30.668423928446536,71.87262691239386,1,1
238,0.4513512964751143,0.3771511061855037,0.414251201330309,0.06267539980011361,-30.587523830353632,71.86700866648593,1,1
239,0.46233917547097525,0.3862506903767073,0.42429493292384124,0.06877298950964567,-30.590288890540577,71.86597128594931,1,1
240,0.4622526197426593,0.39001949529817376,0.4261360575204165,0.04907088854644717,-30.4887471257501,71.84218788814891,1,1
241,0.46472788257590175,0.4038962423795795,0.4343120624777406,0.010601891954779015,-30.585982222039704,71.8607995015277,1,1
242,0.4703816297921454,0.4054378665667037,0.4379097481794245,0.019066621929296566,-30.43630934431923,71.81951281101638,1,1
243,0.4755893189106795,0.4122268413327381,0.4439080801217088,0.11401098463964265,-30.434195084722383,71.81396505004206,1,1
244,0.4890770279347073,0.42275528894288344,0.4559161584387954,0.2097851495629673,-30.439780625496734,71.80994693920586,1,1
245,0.4924239525618263,0.4257160209648363,0.45906998676333133,0.21795378408736954,-30.960118131047484,71.75231269472678,1,1
246,0.5029970840383658,0.43194922201543745,0.4674731530269016,0.24802032063632257,-135.68746586614157,34.568156934387204,1,1
247,0.503266174652973,0.4316429220254908,0.4674545483392319,0.23816838716641123,-137.3192183220371,32.684308621764316,1,1
248,0.5130416229606499,0.43820402337651115,0.4756228231685805,0.23220642134385092,-136.90122968889523,32.64019408837214,1,1
249,0.5198453215529036,0.43839523837606725,0.4791202799644855,0.24759101277667864,-137.41858648217942,32.82589620470166,1,1
250,0.5044650265823003,0.4327780637847944,0.46862154518354737,0.24184576807668873,-135.55656684588848,34.0742849126045,1,1
251,0.5307009233933997,0.4507536820522325,0.49072730272281606,0.21808364172043682,-135.5722912989391,33.68464123652555,1,1
252,0.5205588213127771,0.4445139242491699,0.4825363727809735,0.21699841733747274,-136.86187068782277,35.284595580104984,1,1
253,0.523247862105985,0.4643611090299688,0.49380448556797685,0.20450058407463834,-135.76787024684526,33.700260179732744,1,1
254,0.5261642488346929,0.45872004186513493,0.49244214534991393,0.21215398454042286,-135.15040423197217,34.10247185009831,1,1
255,0.5228099002885048,0.45981361265404,0.49131175647127245,0.19158922980820087,-135.7990402421658,34.66099435062651,1,1
256,0.5095827902949579,0.4442871998874833,0.4769349950912206,0.20442498771376716,-136.0443409608924,34.96202960553474,1,1
257,0.47757478587767305,0.41000427117389887,0.44378952852578596,0.18483688782352536,-134.64881077379943,34.437569298754305,1,1
258,0.38131698843643935,0.28202954004049474,0.33167326423846705,0.1949960181527846,-135.6697777343966,34.9174314438335,1,1
259,0.11748717392100458,0.04684380917658783,0.08216549154879621,0.1740583414676463,-30.214782412146135,71.70060553436916,0,1
260,0.056515283039434046,0.019156906799729884,0.03783609491958197,0.1857387596859519,-140.28356658923553,38.984505540677,0,1
261,0.07105392373635451,0.03694598554498663,0.053999954640670575,0.19500065215923426,-140.64284470258784,39.785825272572716,0,1
262,0.10082429080768175,0.050441930123979226,0.07563311046583049,0.19575866087004376,-139.18160541987191,38.828592858453455,0,1
263,0.1128900581483735,0.05837103529951356,0.08563054672394353,0.17465290616294285,-30.43951001880621,71.85109095270263,0,1
264,0.3282127312047735,0.22416641009273205,0.27618957064875277,0.20099934789919394,-137.7929085021104,33.21804588955557,1,1
265,0.41591612918475535,0.3362646452777377,0.37609038723124655,0.20053609859641885,-137.027395113077,32.9547516113591,1,1
266,0.45785311376768045,0.377450409225235,0.4176517614964577,0.2048307538665214,-137.67289139936537,32.15815316817738,1,1
267,0.5157854228450731,0.42335756041590983,0.4695714916304915,0.1987893241538671,-136.92860196262302,34.76302242343187,1,1
268,0.5389748181874214,0.44806234651486265,0.49351858235114204,0.2086136744932778,-136.16849769080494,35.22318321376925,1,1
269,0.5603173588731268,0.4640952568959507,0.5122063078845388,0.20599961250984294,-133.8289288611945,33.83558708054509,1,1
270,0.5618102760825784,0.46652387836759596,0.5141670772250871,0.23027301972763795,-30.645360328130014,71.84799820251878,1,1
271,0.5641945262972395,0.4696514512328051,0.5169229887650223,0.2830580223419656,-29.979988126777975,71.6248243493893,1,1
272,0.590508734334843,0.4996899119970012,0.545099323165922,0.2823842322398087,-30.936238563524388,71.88801351192319,1,1
273,0.6049099304368707,0.5075458680263072,0.556227899231589,0.2520812314306419,-131.15220148737134,32.57868958032002,1,1
274,0.6206616247155569,0.518886662288328,0.5697741435019424,0.23894308649580898,-133.1600973766674,32.92070047843835,1,1
275,0.6089775027412846,0.5118448332764506,0.5604111680088676,0.19346408401082243,-132.8476192517596,32.127161160517495,1,1
276,0.5897638379321687,0.507064931550288,0.5484143847412284,0.18992482604729205,-132.83760057833456,32.675176003114025,1,1
277,0.5899025860682372,0.5142075887849661,0.5520550874266017,0.1994109078518537,-133.46577973553406,32.99113138346831,1,1
278,0.5811674352893604,0.5065459448281451,0.5438566900587527,0.2450892721087804,-134.44516536791434,32.80405155144936,1,1
279,0.5804354331400431,0.5124039130003625,0.5464196730702028,0.17671279171727924,-133.17234175518357,34.0036125987147,1,1
280,0.5911912972600012,0.5233768002910614,0.5572840487755313,0.025512813194210324,-135.32434983240177,33.53206719809837,1,1
281,0.5972138494864015,0.5263674398126599,0.5617906446495307,0.014886412663767622,-135.69639375579195,32.40614997248382,1,1
282,0.6238557529046784,0.5365434120724388,0.5801995824885586,0.019554359276078397,-30.78182417934693,71.8847334919173,1,1
283,0.6225713197709586,0.5365705367580196,0.5795709282644891,0.10520651171799857,-30.774746930082852,71.88347825326977,1,1
284,0.602231023910339,0.5186020220902703,0.5604165230003046,0.22830124451377404,-29.679809540257484,71.63754979915947,1,1
285,0.5917398623937057,0.5122552625793585,0.5519975624865321,0.27050846725775146,-157.15218584329367,40.626517135360956,1,1
286,0.5850772066968639,0.5164417953418464,0.5507595010193551,0.21718984964687016,-135.79339594059874,31.57713996526942,1,1
287,0.578914575553804,0.5170053313966565,0.5479599534752302,0.20090281819502454,-29.071903068321994,71.47461858740972,1,1
288,0.5943614360107838,0.518966092017609,0.5566637640141965,0.05510585938214771,-30.61600888052176,71.89485199427367,1,1
289,0.5982114396308706,0.5276297411408809,0.5629205903858758,0.01185425418781692,-30.757044831787127,71.93381309754653,1,1
290,0.6038061104327773,0.5322570135577397,0.5680315619952585,0.010864772985297876,-136.95297089775173,34.154952751584275,1,1
291,0.5848875083819731,0.5139651951816293,0.5494263517818012,0.008422622910109812,-137.85487456165274,34.381369134543306,1,1
292,0.590316454866661,0.5170436560321909,0.5536800554494259,0.008887154873157855,-137.99770588884638,34.74009750861931,1,1
293,0.5494158692390827,0.4828548569999198,0.5161353631195013,0.008350449823019994,-30.594249627158348,71.88933281754882,1,1
294,0.5260071022626073,0.4614729638833784,0.49374003307299286,0.006724209666061119,-29.861164385486088,71.70729282132365,1,1
295,0.5195506194640962,0.45724683362752044,0.4883987265458083,0.004943616601267328,-30.16649359826457,71.76523006418353,1,1
296,0.5280805210646975,0.4607920350759178,0.49443627807030766,0.006604689513160224,-30.286428016561533,71.67714163282034,1,1
297,0.5172274762942812,0.4598586587407654,0.4885430675175233,0.007216429716279111,-30.477983847665893,71.84281174150757,1,1
298,0.5161510386960467,0.46179370450514307,0.4889723716005949,0.007972292380121218,-30.508574001534697,71.85591631384413,1,1
299,0.5157606430770343,0.46348643066202355,0.4896235368695289,0.006758003916450303,-30.499395545795377,71.85220140019472,1,1
300,0.5212265881982583,0.4473234663101653,0.4842750272542118,0.003758404522812881,-28.147840463874072,71.73082867792186,1,1
301,0.4772801548111485,0.42511996743961594,0.45120006112538225,0.004041201424097951,-29.238506496943337,71.55156255417275,1,1
302,0.4962248492887376,0.4369845888043998,0.4666047190465687,0.004929900272222458,-29.18300483064512,71.57205929959255,1,1
303,0.49023074833129143,0.43566075117394104,0.46294574975261626,0.00522403742958095,-29.41204523756745,71.60996574365944,1,1
304,0.5026735764183218,0.4417724069416054,0.4722229916799636,0.0038949019982413885,-28.83258893109181,71.35224207986502,1,1
305,0.49836747653739083,0.4443750248227923,0.47137125068009156,0.004531754986044797,-29.18702322511182,71.54018878592926,1,1
306,0.5060706752583851,0.44557036152408214,0.4758205183912336,0.0035109491873480158,-29.144968851645704,71.52901952356201,1,1
307,0.5086793298185809,0.4515610134836481,0.4801201716511145,0.003680131491516079,-28.3632474248206,71.624542557537,1,1
308,0.5189954448126237,0.45765022487621454,0.48832283484441913,0.005074647936424936,-29.910319970482114,71.7381855739844,1,1
309,0.5061518021843945,0.45009872126755573,0.47812526172597514,0.00497851507600824,-29.848880522771356,71.72878284198123,1,1
310,0.5361356228172043,0.4657367314559245,0.5009361771365644,0.006879488002796684,-139.75048299769404,39.10757008763822,1,1
311,0.5309374229841367,0.4592488960475891,0.4950931595158629,0.009485634411192396,-29.062189972379027,71.49891057060543,1,1
312,0.562220978069136,0.47848322519687525,0.5203521016330056,0.13225527790126984,-26.703379601328123,71.30190781537888,1,1
313,0.581933673203369,0.496034662637335,0.538984167920352,0.18182895033256088,-28.923228732623862,71.44830707665106,1,1
314,0.5857241854845823,0.49173654666701855,0.5387303660758004,0.19598782963049416,-135.37447196949915,33.303694321555206,1,1
315,0.5913243674283652,0.49678227106237816,0.5440533192453717,0.17319285735335477,-135.8964210161714,32.85351863860974,1,1
316,0.5876099296928488,0.49388213736607894,0.5407460335294638,0.17511646919855453,-135.83601436374133,33.18774177920412,1,1
317,0.5759402735585889,0.4931959128162134,0.5345680931874012,0.20558779053575507,-137.11127377948551,33.73099992980048,1,1
318,0.5762765558075764,0.4921893093508846,0.5342329325792305,0.2684031316971399,-139.52448504657195,35.166440003857524,1,1
319,0.5492395199976701,0.4751255510663087,0.5121825355319893,0.33429328984281764,-145.05325304660613,41.89504663799379,1,1
320,0.5333418547275771,0.47257306578151353,0.5029574602545454,0.36288852686356127,-148.83798649103915,44.63734544083292,1,1
321,0.5281909167770219,0.4676847189471727,0.4979378178620973,0.35242899133223116,-140.32971799261819,36.16375299523947,1,1
322,0.5297698609568915,0.46897440318849576,0.4993721320726936,0.33997308172187357,-140.17671429079468,33.872421109016415,1,1
323,0.5192988425285276,0.4613841830476527,0.4903415127880902,0.3235623465509543,-141.42454216232085,36.81932491816219,1,1
324,0.4993886889305088,0.44954142841858,0.4744650586745444,0.3568519953188676,-139.95172819523233,33.348773835462886,1,1
325,0.48297998543969134,0.43883412031660307,0.4609070528781472,0.343044164292183,-140.62727044643916,35.05699253172641,1,1
326,0.4882022686463376,0.447011239742883,0.4676067541946103,0.3369925199285317,-140.39248022056248,34.76090395123677,1,1
327,0.48076968052163677,0.43716619371714677,0.45896793711939177,0.29617594437332284,-141.37160679421885,37.407599172013406,1,1
328,0.48826410184265173,0.44346892280129735,0.4658665123219745,0.33052854372264523,-139.71301448805153,33.4753994310792,1,1
329,0.5150087647903121,0.46210964450614256,0.48855920464822733,0.34049546449938606,-149.50471128510264,44.53206378308764,1,1
330,0.5273280013970053,0.46682663735290647,0.4970773193749559,0.3289500784031392,-138.42693962339064,34.06685921821944,1,1
331,0.5354331879276523,0.46398105976871534,0.49970712384818383,0.3239929043394356,-138.44860254026017,33.53702948071552,1,1
332,0.5422651860513337,0.465332818964023,0.5037990025076784,0.2998241718252124,-137.9762802745222,32.02729148163107,1,1
333,0.5335235549287403,0.4556866570088243,0.49460510596878227,0.3047392881951755,-137.03226816888952,31.799410233258385,1,1
334,0.5247229058403584,0.4472952421920684,0.4860090740162134,0.27990117677160015,-135.88568185219108,32.48826969000395,1,1
335,0.529784009180468,0.4518822772472121,0.49083314321384003,0.18315636125961648,-31.236061792340408,72.15758621946496,1,1
336,0.528611952062696,0.45309321020387594,0.49085258113328595,0.127836263798709,-139.62556237180885,34.257664235508585,1,1
337,0.5204977679831834,0.44475459011232643,0.4826261790477549,0.18138757828448282,-31.120188529212275,72.14209120510232,1,1
338,0.5144717842666306,0.4365076695094252,0.47548972688802793,0.22120794860691842,-139.88887072323905,38.73443008177542,1,1
339,0.5378143054626466,0.4527168648146797,0.49526558513866314,0.2449537181677243,-136.52972233473423,32.68341304137397,1,1
340,0.529227548295064,0.44240897747717844,0.48581826288612123,0.2551569864622066,-31.37167848193124,72.16331843274662,1,1
341,0.5205730013591131,0.43352718994337847,0.4770500956512458,0.2625914723434472,-31.373668891853406,72.15644817136521,1,1
342,0.5078762721175462,0.4215270541708623,0.46470166314420425,0.309228880583092,-31.412196982679816,72.14645895161713,1,1
343,0.5091528992876845,0.4187539369400948,0.4639534181138896,0.33948912851472096,-31.31529689464477,72.09957039689691,1,1
344,0.5066740542659437,0.42104746551951566,0.4638607598927297,0.3307724060543809,-31.3233312494717,72.07979806209174,1,1
345,0.5219722323671189,0.4316294211965839,0.4768008267818514,0.370692711275528,-28.993670181086973,71.40840699659863,1,1
346,0.5237883056113446,0.42532658662437345,0.474557446117859,0.3395416194685287,-30.430796499503742,71.87017299587777,1,1
347,0.5094617255360763,0.4172016579066234,0.4633316917213498,0.3554317662072713,-30.051751342076088,71.71017094740948,1,1
348,0.505214873347767,0.4178361165642531,0.4615254949560101,0.27446232510953694,-29.731676663041736,71.68348389090748,1,1
349,0.49938171638053147,0.4243625165181156,0.4618721164493235,0.07774010440316231,-31.142827155807275,71.99797379011166,1,1
350,0.4901618888289723,0.4231395946637172,0.4566507417463448,0.023623328395374853,-31.142444674339007,71.99696112770906,1,1
351,0.4894992463407845,0.4224085659282654,0.45595390613452497,0.0160160403949584,-31.334433021425724,72.03265304377372,1,1
352,0.49971231986465786,0.4242863693581856,0.4619993446114217,0.013634155459275838,-31.110952448063877,71.98257435792208,1,1
353,0.4995055296031086,0.4342539635492303,0.4668797465761695,0.041513261864908335,-31.08054640053658,71.94484645339108,1,1
354,0.47364020028363296,0.400211415749844,0.43692580801673847,0.05260772430640335,-31.068195270219203,71.90163430222012,1,1
355,0.5085055996198735,0.4186963576265271,0.4636009786232003,0.08068285805106863,-31.180030011845293,71.87605050395936,1,1
356,0.5104107443648601,0.42562530746194094,0.4680180259134005,0.11515525901732589,-32.12571666837414,71.74685724614034,1,1
357,0.5326309406371732,0.4183841552299582,0.4755075479335657,0.1637733302626641,-133.92380656882963,29.973998200531497,1,1
358,0.5477589115125466,0.4015245671427915,0.47464173932766907,0.19156969872308285,-135.55202061382957,30.63557182032308,1,1
359,0.5696908834878316,0.3914747406702364,0.48058281207903397,0.20594042908334742,-135.32091210605176,30.495829253864873,1,1
360,0.5693204339492159,0.36685514410072484,0.4680877890249704,0.23058801353189304,-141.5303697607842,31.65793620990135,1,1
361,0.5703378498677832,0.3381962463766447,0.45426704812221397,0.2525362093381516,165.790067085848,48.82552031835171,1,1
362,0.6021798516269312,0.3397330920844914,0.4709564718557113,0.26765039142302716,-133.07234123879635,30.803871609986896,1,1
363,0.5880091982717848,0.34633067595637523,0.46716993711408,0.2843654220371866,-139.06785502962623,39.065318825359434,1,1
364,0.5796088736446443,0.31207978707458056,0.44584433035961246,0.28027259098555657,-169.0354896859836,44.5563668805768,1,1
365,0.5712383133839802,0.3274722413360855,0.4493552773600329,0.28748905346655873,129.7249277744075,38.78985273073746,1,1
366,0.43194605053287993,0.21970609166015842,0.3258260710965192,0.3097711694482966,-137.20317338719647,32.37734428308897,1,1
367,0.23145504982952927,0.07298790223148437,0.1522214760305068,0.33272657532904004,167.5750313741139,49.99288404312549,0,1
368,0.18449855888459557,0.04587426534241026,0.11518641211350292,0.3250832657208769,166.25264267141307,49.85404152183785,0,1
369,0.13773621267634495,0.029867661446662398,0.08380193706150367,0.28553214122116705,157.64645552995523,47.73625775529617,0,1
370,0.13795480874436725,0.035146571964105686,0.08655069035423646,0.2793597768592222,-165.65362403316365,44.963615162868706,0,1
371,0.1341764438737279,0.03680790628213679,0.08549217507793234,0.27783708190837164,169.41838346982655,50.355133575511346,0,1
372,0.16865241580342502,0.04938428316740549,0.10901834948541525,0.2715618479255236,-138.42027173067012,36.78397234092628,0,1
373,0.2857167412858207,0.17834275301788038,0.23202974715185054,0.19604570003560132,-140.62491841815662,38.00949286198305,0,1
374,0.423968671866762,0.30191986899440904,0.3629442704305855,0.16184904521417798,-139.32434480840934,34.69463536736411,1,1
375,0.4760312279860248,0.34112724404521744,0.40857923601562113,0.028868087680657503,-137.7528875212125,36.2431854609053,1,1
376,0.5052663325162291,0.3647739640160397,0.4350201482661344,0.012406136983426273,-137.7095750979248,36.480769212547486,1,1
377,0.47953069634051404,0.3589357630644098,0.4192332297024619,0.02147818050535085,-137.3215667430181,37.618981465840086,1,1
378,0.4818049587300928,0.3578266300839998,0.4198157944070463,0.008403166504818406,-30.45972799206094,71.47578164868824,1,1
379,0.4682197588502159,0.36318628887357773,0.41570302386189684,0.005114253756110267,-29.241487106663357,71.19417071669058,1,1
380,0.4504494002651402,0.36119553259595066,0.4058224664305454,0.0073633989444201456,-29.165565481373346,71.20633483932293,1,1
381,0.45219095938132686,0.3644863651018531,0.40833866224159,0.0077404533725710534,-30.18687189061144,71.52899163235345,1,1
382,0.4511008293700044,0.3740442528591085,0.41257254111455643,0.007227581326076546,-30.0368877148532,71.52040272108609,1,1
383,0.4441667236206616,0.3737274178173603,0.40894707071901093,0.0074013743457158115,-134.68109039984455,38.070014959407274,1,1
384,0.4432554515452372,0.3830055952873121,0.41313052341627465,0.0036519693196688206,-135.05399026098425,37.90087083265033,1,1
385,0.4630993832181611,0.3951558349887936,0.42912760910347736,0.006168206202597632,-133.76260801482184,37.197867106196014,1,1
386,0.4277531623162805,0.36558031962762133,0.3966667409719509,0.009973506416201499,-134.84926883928097,38.01384003477634,1,1
387,0.058770622411994246,0.020945973759670826,0.039858298085832536,0.04713000753533172,-29.50070554022952,71.33100907190308,0,1
388,0.026437426553204482,0.013347240303426336,0.01989233342831541,0.0814819262585138,-140.4893051352516,41.95849015523275,0,1
389,0.013539530643969714,0.009108446203359814,0.011323988423664763,0.11977193974466271,-141.31695616214577,39.69655661235445,0,1
390,0.009619150378620978,0.020476492714247674,0.015047821546434326,0.19328186843413644,-141.53321174803176,39.58209331753094,0,1
391,0.01788051730050278,0.021271067780328563,0.019575792540415672,0.23249978145257888,-140.29220503037516,38.52924800401616,0,1
392,0.1006137493943183,0.06501751849610425,0.08281563394521127,0.24700216754214094,-138.9120711043798,37.409119044680885,0,1
393,0.27374822245891633,0.20055902854720578,0.23715362550306107,0.24175060021150935,-137.80767461590244,37.00365981472792,1,1
394,0.3703569634415182,0.31165723628949804,0.34100709986550815,0.2686868332350518,-136.42954510879653,36.34464380560028,1,1
395,0.4391023880708523,0.35127372268121115,0.39518805537603174,0.2755217866879605,-137.64041629164356,37.092859038539544,1,1
396,0.45061838457865083,0.36814632310618367,0.4093823538424173,0.3033951474642576,-137.72344714167963,36.150191633104164,1,1
397,0.43034771492260776,0.367418642915415,0.39888317891901137,0.29743866494480586,-139.79954519620875,37.586613587966305,1,1
398,0.42745297509023433,0.357210405055478,0.3923316900728562,0.2823384550774358,-138.58359851096176,36.39173290064745,1,1
399,0.4163804469174345,0.3545336527272883,0.3854570498223614,0.28669877509860064,-138.4332823102505,36.16842424729519,1,1
400,0.4444412528767264,0.3730853874923589,0.40876332018454264,0.27419217704929605,-139.77085942406327,37.00446457233282,1,1
401,0.43984142186600145,0.3688298646942966,0.40433564328014904,0.27701017857725574,-139.43541559079023,36.56315876352713,1,1
402,0.4508468805493468,0.37273109958153905,0.4117889900654429,0.2892681134534263,-141.39102730014585,35.74877583328598,1,1
403,0.46401688445933237,0.38959957092475817,0.4268082276920453,0.29729136703672093,-140.01839440698637,37.81923411251751,1,1
404,0.47131575834404277,0.388476785428269,0.42989627188615587,0.2897137907208779,-145.37072780388885,42.517640114797295,1,1
405,0.4596287251369648,0.3828214741338265,0.42122509963539567,0.27709260909863176,-153.92489860640885,43.4409466651863,1,1
406,0.4733111660906195,0.3882972506429375,0.4308042083667785,0.2612248048155134,-142.18235635498183,37.21266062417592,1,1
407,0.4936623513542139,0.4119272026898997,0.4527947770220568,0.2615874748481792,-138.1188266286997,37.34229742585963,1,1
408,0.48802192933804817,0.41243229080069627,0.4502271100693722,0.2539255079866028,-140.79072960258574,35.96262604310553,1,1
409,0.49503248053301335,0.41074194809533277,0.45288721431417306,0.2283446695012983,-139.16060354902254,37.47358207016325,1,1
410,0.49748986391608513,0.41404492744775184,0.4557673956819185,0.20172510197038632,-137.32041335623734,37.172196007993605,1,1
411,0.4943350972114984,0.41783080290750846,0.4560829500595034,0.16243929082811437,-135.65547041773831,37.862944599518926,1,1
412,0.4861293323660435,0.42952235051322274,0.4578258414396331,0.12639536315507374,-135.87023706359662,36.16150309216323,1,1
413,0.49846742219384466,0.43131475650683704,0.46489108935034085,0.1347183783696831,-135.25500628247426,35.85442055489116,1,1
414,0.5029685610678581,0.43090935146781534,0.46693895626783677,0.12931366768803912,-134.7173274642333,35.6032430068235,1,1
415,0.5100084011980895,0.44198359789133546,0.4759959995447125,0.10174806188583281,-135.22774179551578,36.37201852143594,1,1
416,0.5066516912132363,0.4406692494779957,0.473660470345616,0.03720149997506405,-134.74088001141797,35.87518110834786,1,1
417,0.49581597605127326,0.4315684267833885,0.4636922014173309,0.010188796620657973,-135.217822010313,36.283510588420654,1,1
418,0.49585166101884887,0.43086747859783736,0.46335956980834314,0.005275015512267165,-135.47445334288523,36.71073305325972,1,1
419,0.502291235909471,0.44286223139651887,0.4725767336529949,0.00476274779583606,-135.70414948575058,36.69585793022437,1,1
420,0.5130321214613135,0.45509499881818327,0.4840635601397484,0.004525861475101429,-135.96977078682104,36.674778566148014,1,1
421,0.490695255135375,0.4225766550989337,0.4566359551171544,0.004672596029215508,-135.38851407706971,36.28302651676033,1,1
422,0.49509046287056857,0.42783056857130064,0.4614605157209346,0.010680754768339518,-134.93565996257118,36.0026079861664,1,1
423,0.5127334653886024,0.4419690098213799,0.47735123760499115,0.15743050429932687,-134.46911602366288,35.63088161381019,1,1
424,0.4987876387102176,0.43303491618938217,0.4659112774497999,0.2550633810279624,-135.0812651215603,35.82536196407165,1,1
425,0.4891815835304486,0.41578450502833786,0.45248304427939323,0.2444539719710256,-134.73626421439545,35.191246477345686,1,1
426,0.4983265693823206,0.4159007027335939,0.4571136360579573,0.2616201542461429,-134.75095408877647,35.083060528876125,1,1
427,0.5174820326365241,0.4348552733467962,0.47616865299166017,0.2670291394000564,-135.29749679426328,37.18306279396727,1,1
428,0.501617643229242,0.4278281495500626,0.46472289638965225,0.24540567495428928,-137.20721440080007,35.16118462301878,1,1
429,0.5019678110277164,0.4226344594722148,0.4623011352499656,0.21341706215808426,-135.09674076897875,36.92438716820268,1,1
430,0.5044012626428505,0.42556772466172643,0.46498449365228844,0.20329105909968526,-135.8119495594577,38.136234250384874,1,1
431,0.4979299585148259,0.4222465941055431,0.4600882763101845,0.19872484493503162,-135.1539688603859,36.91120901619431,1,1
432,0.4932949684483368,0.4145646255607004,0.45392979700451863,0.20450784913259518,-139.23096894371014,35.304365054105006,1,1
433,0.5011750613468576,0.42676757213956856,0.4639713167432131,0.1854381503125372,-31.7548355610019,71.91148815455958,1,1
434,0.49806397874190117,0.4246194025019421,0.46134169062192165,0.14800120862613028,-30.84152494248937,71.77975184072587,1,1
435,0.49941493753648314,0.42410037960011937,0.46175765856830125,0.1567714345790654,-30.57271415229978,71.7498747517627,1,1
436,0.49172039049583355,0.42576259729469396,0.45874149389526375,0.14005713558660476,-31.67493449952522,71.84644599161678,1,1
437,0.49376623676477494,0.42699469033542325,0.4603804635500991,0.13312397358353847,-134.51969921007867,36.22102195379677,1,1
438,0.505452222919859,0.4335673101546099,0.4695097665372345,0.13120225004054858,-134.6162798393848,35.00434351878564,1,1
439,0.4994044975027,0.4348428087293235,0.4671236531160118,0.13841670223847033,-135.93703022710494,33.67445241382986,1,1
440,0.5112502215740301,0.44121677700982054,0.4762334992919253,0.1592404732827819,-134.12164532776805,35.22642185467071,1,1
441,0.5139286324981021,0.44196841109246093,0.47794852179528147,0.17135400337333256,-135.05123868048634,34.578762495183874,1,1
442,0.5192033431955291,0.44464418183026805,0.4819237625128986,0.16368133935110105,-134.31454059061048,34.627694296620085,1,1
443,0.5196139250607718,0.4409170073776831,0.4802654662192274,0.20230975723997724,-134.29024289326395,34.43209604351343,1,1
444,0.5161115071136125,0.4439752744708213,0.4800433907922169,0.19637204364319516,-135.17006864494346,33.531309625268385,1,1
445,0.5412742682430808,0.45800668200884737,0.4996404751259641,0.16923412385146577,-135.83005427431092,35.15153719046888,1,1
446,0.5508966209850567,0.46191126481766326,0.5064039429013599,0.18572371314344852,-136.299311809034,34.907067193216655,1,1
447,0.5459592139129708,0.461168555293703,0.5035638846033369,0.1955901879926274,-136.80738775580107,35.31063868688883,1,1
448,0.5592836561932218,0.4707916785001897,0.5150376673467058,0.21982551339036435,-136.39208249150948,34.90621723456982,1,1
449,0.5520209222548342,0.4671876949167269,0.5096043085857805,0.21376614190447368,-135.68502681112398,34.51293604552219,1,1
450,0.5331213620802397,0.4592514495144744,0.49618640579735707,0.22434052722474873,-31.210917010449577,71.87923224586766,1,1
451,0.5349819842710987,0.4680034781422788,0.5014927312066887,0.2210786685004445,-134.21544216108848,35.84999065471166,1,1
452,0.5559339840038356,0.4907360859877807,0.5233350349958081,0.10786040110536055,-135.75764325700425,35.39012018992383,1,1
453,0.5395737594239205,0.4735569900150646,0.5065653747194926,0.01240655330361111,-136.50562012705655,35.94101307533877,1,1
454,0.5175538477392209,0.45782480213871296,0.4876893249389669,0.00972920009401754,-135.57353774049483,35.95641611221098,1,1
455,0.5243040127945586,0.4593728547442363,0.49183843376939745,0.011772559677056524,-133.791148781154,34.80950247889327,1,1
456,0.5146393758677514,0.4554897534493474,0.4850645646585494,0.0147892857613432,-133.60326966069374,34.87436618250033,1,1
457,0.4875539393513958,0.4430552531052594,0.4653045962283276,0.013184773556590777,-133.51960523018823,34.98782800218476,1,1
458,0.505839424083762,0.4450548497819933,0.47544713693287766,0.015142160499125356,-133.42195751314273,34.60794371604049,1,1
459,0.5062812911276372,0.44096439195477954,0.4736228415412084,0.016022083954343135,-133.740257453617,34.68232516139834,1,1
460,0.5036360607659022,0.43542700386068656,0.46953153231329436,0.10195620274707562,-135.2400734131254,36.051181059165444,1,1
461,0.5300895923269855,0.44972487799943955,0.48990723516321255,0.18879508090705924,-133.89167498202534,34.614336530707156,1,1
462,0.5317944452683073,0.4468847829495911,0.4893396141089492,0.24522679269804235,-133.9344938965476,34.24180620963455,1,1
463,0.5149502176460439,0.44499540313853986,0.4799728103922919,0.2611255798191313,-133.34874118720617,33.90756898432599,1,1
464,0.5242469608926892,0.4479529915506197,0.48609997622165446,0.17744350350562674,-134.1228859840618,34.76416483353207,1,1
465,0.5300537868721773,0.45489424934724393,0.4924740181097106,0.020001914315986802,-134.31126712527498,34.62969602738561,1,1
466,0.5254759217545706,0.45087969347172413,0.48817780761314733,0.011366762438716819,-133.78559270138373,34.05413448526769,1,1
467,0.5334643707270654,0.4558633750741153,0.49466387290059033,0.015511791668664685,-133.60660833287332,34.09215954478732,1,1
468,0.5293655366385146,0.44579711919117365,0.4875813279148441,0.08007967488430576,-133.53276451592828,33.69365600068043,1,1
469,0.5040263234003928,0.4380486047853306,0.4710374640928617,0.18122781114622638,-132.3959719172343,35.07756181196693,1,1
470,0.5140912122780483,0.4437628536513865,0.4789270329647174,0.231022334089894,-31.87171225869128,71.89701719952139,1,1
471,0.5091517261182515,0.43841629847858377,0.47378401229841766,0.2494167182878979,-31.30743095342768,71.83879016759985,1,1
472,0.5164641360606561,0.4388721999972561,0.47766816802895606,0.25839958486244513,-30.819733337411527,71.76314485930463,1,1
473,0.5020440969917646,0.4284578962623422,0.4652509966270534,0.2451896907449639,-31.207575963731816,71.83466643845996,1,1
474,0.5116478176400869,0.4320523667607961,0.4718500922004415,0.25288672385227773,-30.84464892531227,71.77290930712697,1,1
475,0.5111273469652138,0.43199935526083666,0.4715633511130252,0.24101040438918325,-30.35127400761664,71.70875870620432,1,1
476,0.5103590138421348,0.43068610560180676,0.47052255972197077,0.243354767928145,-31.294498378629502,71.86978321272386,1,1
477,0.5154610310673521,0.4350041083059889,0.4752325696866705,0.24135498410444228,-31.296043635433094,71.85485256255126,1,1
478,0.5281735172383326,0.44360269321982176,0.4858881052290772,0.2494037267027671,-134.2921796391147,35.84348515918853,1,1
479,0.5187620533905175,0.4416393319186023,0.4802006926545599,0.24760791016271128,-134.72554462701385,35.52843228048637,1,1
480,0.5067943184679533,0.43313752125827887,0.4699659198631161,0.24660784990889748,-31.34020552986571,71.88761907789842,1,1
481,0.501866196269839,0.4254394661728935,0.46365283122136625,0.24146422251521388,-134.784465700531,34.09590726037039,1,1
482,0.4932681413198735,0.41064926983009126,0.4519587055749824,0.22546022793834714,-135.0461052636226,34.257222571126576,1,1
483,0.4887045001364068,0.4139721285156325,0.4513383143260197,0.2220282977886934,-134.54630493183126,34.568797987615646,1,1
484,0.4930001808077543,0.4265367498837394,0.4597684653457469,0.20314647884044224,-31.370570295261448,71.93592546133225,1,1
485,0.4998672937852199,0.4325846880700278,0.46622599092762385,0.1538170126550694,-134.7014199349111,36.42650421664033,1,1
486,0.5100382477042701,0.4384309260286993,0.4742345868664847,0.026197995479389422,-135.37885415117861,34.933003174820264,1,1
487,0.5130274696440261,0.44567720088388857,0.4793523352639574,0.010819801530462528,-135.29111003736782,34.39885685577632,1,1
488,0.4994363340771348,0.43562504540731717,0.467530689742226,0.010023848456821319,-134.46919145509517,33.98489157131224,1,1
489,0.5010223551084196,0.43842040594546444,0.469721380526942,0.010016753888853841,-133.62445987079647,33.616485574666605,1,1
490,0.5138662918767393,0.44617111720262925,0.48001870453968426,0.013427589071420555,-132.84457118959494,33.37092943279891,1,1
491,0.5194084887983574,0.44885359877148695,0.4841310437849222,0.0878006509200804,-132.9481543661638,33.68394238390883,1,1
492,0.5249175108436238,0.4472384183652527,0.48607796460443825,0.18823445310171466,-133.8555500227248,33.8065703901216,1,1
493,0.5099027183461476,0.43159046006453156,0.4707465892053396,0.20600718675721225,-133.2081441640068,32.77334283233031,1,1
494,0.5050460797625497,0.43787824542723824,0.47146216259489393,0.1908887689438081,-133.28660800468515,32.650335590596306,1,1
495,0.5027430420499588,0.43211432847622444,0.4674286852630916,0.20741709572021327,-134.49472525075805,33.4829466549566,1,1
496,0.5159203025620768,0.43559799296423707,0.4757591477631569,0.1959684672870154,-134.37491894822267,33.4167514945286,1,1
497,0.5056658557252672,0.43132505838977775,0.4684954570575225,0.2169670937426489,-134.57103999535497,34.000777175563556,1,1
498,0.5116152270357361,0.43434512092775623,0.4729801739817462,0.2172776585175087,-134.800569282804,34.09421224159307,1,1
499,0.5038323070646121,0.42676657044110033,0.46529943875285623,0.23068668858326716,-134.59742245938457,33.74823007698629,1,1
500,0.5057925381492598,0.42783492043268107,0.4668137292909704,0.2722771446364988,-134.8824467253125,33.863535156601166,1,1
501,0.5064930538650483,0.4246326598014899,0.4655628568332691,0.2953776457396244,-134.6709640252027,33.96647468549223,1,1
502,0.5051506960391825,0.4252896615706668,0.4652201788049246,0.2751680955469602,-134.48495336612493,33.597540553622714,1,1
503,0.49200719244382723,0.42565418239098024,0.45883068741740374,0.23128238065861428,-134.49067075998948,33.72944330166505,1,1
504,0.49540457966900037,0.42675997562346163,0.461082277646231,0.19120111671796128,-134.92597458032236,33.518644303500814,1,1
505,0.46264855545098266,0.40855253056451346,0.4356005430077481,0.14355718239189885,-134.2036524292361,34.80680913159136,1,1
506,0.47055101072951033,0.40995162644587213,0.44025131858769123,0.1833250282103918,-134.5262327327914,34.81133705010848,1,1
507,0.47030047609912246,0.40708754363712174,0.4386940098681221,0.2511770521264163,-133.97730585902093,35.25471423277857,1,1
508,0.4780234610810203,0.4094368191034445,0.4437301400922324,0.30253820746476895,-134.83473212021286,36.094401908478844,1,1
509,0.4834761876849834,0.41025912330406616,0.4468676554945248,0.30180615815015593,-135.31652396304435,35.14498163027527,1,1
510,0.49301526802958395,0.41740122463701856,0.45520824633330126,0.2715153256614792,-135.4998255306314,35.81637803947379,1,1
511,0.4941426832684111,0.4195515880924063,0.4568471356804087,0.25666709160168727,-135.01600143181116,36.219529330979746,1,1
512,0.49309424037874255,0.41281081207720033,0.45295252622797144,0.25249877830720396,-134.06466531149093,36.84269194310247,1,1
513,0.48384041596529376,0.4122074064636059,0.44802391121444984,0.26277490220505006,-133.86745068851275,35.603574969586674,1,1
514,0.4823238043849273,0.40983411075323073,0.446078957569079,0.2887986745752866,-134.474662694072,33.762259817132886,1,1
515,0.5030226128602597,0.42793676385248003,0.4654796883563699,0.3292517756634555,-133.72534967950156,33.53383382421888,1,1
516,0.49703009579851215,0.4289279123158351,0.4629790040571736,0.3789245599025957,-132.97173348071598,32.75678021595378,1,1
517,0.5080447894174687,0.4283110018606529,0.46817789563906076,0.3687667695116151,-133.34272493827936,32.820399089969655,1,1
518,0.4961264476519221,0.4172140635345639,0.45667025559324304,0.3910106621499213,-133.50237095326278,33.128337141821554,1,1
519,0.5004348865161513,0.4232567706680076,0.46184582859207945,0.40334343859675553,-133.66700992025847,33.27491951255815,1,1
520,0.5054831665369117,0.4277405579688034,0.46661186225285756,0.37380143547458194,-134.0009973653053,33.39825521750984,1,1
521,0.5039043338126028,0.4225828581875404,0.4632435960000716,0.3558746751601376,-134.79324987780078,33.95969774811736,1,1
522,0.49530388790874225,0.41799869636276804,0.45665129213575517,0.3036808147651488,-135.96021815705964,34.71250585671785,1,1
523,0.4989636200487421,0.41824027535030245,0.4586019476995223,0.2714292034321491,-135.32419711692444,33.7251799274271,1,1
524,0.5015053419299254,0.4253421680968235,0.4634237550133744,0.2227013709322583,-134.3510829164638,34.49216825548321,1,1
525,0.49615439846740467,0.4230139004704887,0.45958414946894666,0.19875944741201942,-134.73346110059066,33.63136245221557,1,1
526,0.5055270243276663,0.4271868954721424,0.46635695989990433,0.18854344568620368,-134.8877070892264,33.93286861113455,1,1
527,0.5084170576870293,0.42523634974549107,0.46682670371626017,0.19777003934295323,-135.18978717126677,33.81769795896622,1,1
528,0.5239742904556006,0.43044775585066997,0.4772110231531353,0.20386980342293692,-134.68957621326385,33.743594930507086,1,1
529,0.5032426685209915,0.42040121990561496,0.46182194421330325,0.24318011446627688,-134.02817246506996,32.96280304194371,1,1
530,0.5217483500221131,0.431909830618907,0.47682909032051,0.2623021274621745,-134.29218447180503,32.898707875296374,1,1
531,0.502799253015308,0.4193616791131772,0.4610804660642426,0.2402866656101505,-134.34637172666365,32.98466316823001,1,1
532,0.5194565403324105,0.42846134959149296,0.47395894496195173,0.25783126983052795,-134.2988417866558,33.2020550184587,1,1
533,0.5062567116477391,0.42280815761211216,0.46453243462992566,0.28581128966569236,-134.8043691143562,32.99611457861017,1,1
534,0.5235474735946991,0.43082705961852746,0.47718726660661326,0.31732719895702605,-134.9481645223835,33.064524968202335,1,1
535,0.518986758726404,0.4307456751632147,0.47486621694480935,0.33969480421903603,-133.73818353877874,32.74828447471258,1,1
536,0.5176200816896058,0.4294757357531725,0.4735479087213892,0.3428987284247166,-133.2957961019307,32.41011486002999,1,1
537,0.5174599649991883,0.43083514455257155,0.47414755477587994,0.35972193798172036,-133.8359752522345,32.77390666108391,1,1
538,0.5185191581392787,0.4313277828601377,0.4749234704997082,0.3374068838475411,-134.09675158207233,32.77638847975003,1,1
539,0.5052917153673799,0.41873695184090826,0.4620143336041441,0.3288413929304158,-134.54398430851145,32.68575084783342,1,1
540,0.5213399823199839,0.4344800078052896,0.47790999506263676,0.2995200205051575,-134.81759258697988,32.7810505225552,1,1
541,0.5223211801342258,0.4245672730773477,0.4734442266057868,0.16963997416027407,-135.45489279974532,33.56670595561464,1,1
542,0.5172672560290208,0.42136524581740614,0.4693162509232135,0.018607012858590528,-134.2990043473071,33.44393126250231,1,1
543,0.5238300015583612,0.4299656221454815,0.47689781185192137,0.009065286788995585,-134.366625064735,33.402494732542664,1,1
544,0.5158889300910405,0.42373848510688844,0.46981370759896446,0.010742922130143906,-134.07049432635478,33.35744485198318,1,1
545,0.5229478605702322,0.4287193857845083,0.47583362317737027,0.024586452911123442,-133.37349040899076,32.6231353475998,1,1
546,0.5281798293378294,0.43138367426650776,0.47978175180216853,0.12472870225299611,-133.49873434225825,33.00443726283585,1,1
547,0.5339737531780261,0.435885440700492,0.4849295969392591,0.21847014062612918,-133.64405880391953,32.90602701023975,1,1
548,0.5273746430346116,0.43680423125347884,0.4820894371440452,0.25732677800950055,-134.5590334307108,33.10186768691467,1,1
549,0.5244621014439225,0.43298027486940793,0.4787211881566652,0.2639225813034516,-134.66599329419094,32.917071785303506,1,1
550,0.5252302905253626,0.42757406148825217,0.4764021760068074,0.29280790705750126,-134.69296300564312,33.40065201070559,1,1
551,0.522704868909292,0.42986222478276637,0.4762835468460292,0.2974254337400035,-134.29952586608613,33.13598501106039,1,1
552,0.528662308830242,0.4285347510077403,0.47859852991899116,0.291877462845959,-134.21114825068577,32.6865814650683,1,1
553,0.49939915343703284,0.42157128026064167,0.46048521684883725,0.27269862651768173,-132.0779024126979,33.840745742862914,1,1
554,0.4959492842864714,0.41880751390602083,0.4573783990962461,0.2891517929182562,-30.98429804704435,71.8571361217588,1,1
555,0.5005854950042326,0.43176976868733064,0.4661776318457816,0.2978875853724678,-132.61785724642684,34.256252615177424,1,1
556,0.5062715549871093,0.4320500891096095,0.4691608220483594,0.3151996118007122,-144.20939993521912,33.71935039197918,1,1
557,0.5192391768896394,0.43927849589317025,0.4792588363914048,0.2973454443985217,-133.70045426169142,32.304663333104955,1,1
558,0.5226686661227553,0.43980711153410246,0.4812378888284289,0.27837594628756107,-134.06446081422615,32.75504403029096,1,1
559,0.517567803592342,0.4405815224187601,0.479074663005551,0.29424658268674053,-133.9228883207521,33.21775748191713,1,1
560,0.5192708941897461,0.44221428250630984,0.48074258834802797,0.2864294040762047,-134.02091967788303,33.430013253731005,1,1
561,0.5214115286176172,0.4431886574957435,0.4823000930566803,0.3012533982162819,-134.71039988820513,33.57353935863155,1,1
562,0.5068206004377223,0.4392561659471041,0.4730383831924132,0.3466611430209365,-134.07649336575878,32.96133449004376,1,1
563,0.509965013532818,0.4307494784572471,0.47035724599503254,0.33470248419777204,-134.0858549493293,32.97039462592063,1,1
564,0.5032212772347029,0.4255321850700752,0.46437673115238903,0.318840124031949,-133.73457517260422,32.83138016194708,1,1
565,0.513564130486855,0.4359964479594553,0.4747802892231552,0.024653893617579397,-131.60528868729818,32.03539815290675,1,1
566,0.5353951377826028,0.45242026338188307,0.493907700582243,0.009006679443933444,-133.0020274057822,33.13530932390876,1,1
567,0.5291912742260415,0.43793780703534957,0.48356454063069554,0.012290575952559403,-133.05960161548444,33.13286769656843,1,1
568,0.5363014812991723,0.44432825335550524,0.49031486732733875,0.015014938487801825,-133.03084395948252,33.17340482680717,1,1
569,0.5310397294944109,0.4406105381167788,0.4858251338055949,0.012256366336527573,-133.1075924908214,33.45673914803929,1,1
570,0.5371369366958644,0.44541640309726255,0.4912766698965635,0.010844608596203441,-133.21331471865827,33.76585068088217,1,1
571,0.5356241140567627,0.4366603789336359,0.4861422464951993,0.016263416271369843,-134.13164207658647,34.22981991829562,1,1
572,0.5270871640416143,0.4409692949634717,0.484028229502543,0.059343910730260865,-133.22092727267625,33.46787916004455,1,1
573,0.5284539060128904,0.4416669500181914,0.48506042801554095,0.17695449888554027,-132.79688530541733,33.26539116066156,1,1
574,0.5241242786682764,0.44275596265465295,0.4834401206614647,0.1581652860873446,-133.0949791951423,33.50592224819754,1,1
575,0.5278785626198814,0.44590960241726585,0.48689408251857363,0.08214701146921165,-133.5118080195527,33.973285754731386,1,1
576,0.5181297148868106,0.4487825504763492,0.4834561326815799,0.010535823825352928,-133.67705190862304,34.14758873603781,1,1
577,0.5253587308908965,0.4454814927795447,0.4854201118352206,0.01016492786375103,-133.2417212888583,34.28776636922994,1,1
578,0.524126554477806,0.442713938758953,0.48342024661837946,0.010428195152642145,-133.58622732556336,34.36081377206723,1,1
579,0.5348446287257432,0.4512422485983256,0.49304343866203443,0.08687188083092932,-133.9586116298322,34.4693351011536,1,1
580,0.5102539339819003,0.4349261659385329,0.4725900499602166,0.15134842940178828,-134.0423611008855,34.04356220691209,1,1
581,0.5211700074210662,0.4466127933766848,0.4838914003988755,0.1755963016332501,-134.0921985936563,34.102522712164095,1,1
582,0.49669081157090855,0.43356545261128293,0.4651281320910957,0.009286281176184887,-134.0071393773971,34.68630351646702,1,1
583,0.5119150036411586,0.4367384930654723,0.47432674835331545,0.009120144193975357,-133.77359227530985,34.67374673746311,1,1
584,0.5224099384107755,0.45765280453100055,0.49003137147088804,0.00975067207234986,-132.97816666152457,34.48474284894406,1,1
585,0.5358993973938172,0.46427550481567553,0.5000874511047464,0.01166135940940504,-132.97333429884958,34.702046013540546,1,1
586,0.5376403647815413,0.46046303542649714,0.4990517001040192,0.010711057944884767,-133.0624666399022,34.57049242291484,1,1
587,0.5406756067124678,0.4630111114415061,0.501843359076987,0.08224048749515038,-133.11837277328092,33.91075172939709,1,1
588,0.5519096634675116,0.47501976536526475,0.5134647144163882,0.25558317138329034,-133.1764195494747,32.91764554349717,1,1
589,0.5399564932166805,0.4784392232207891,0.5091978582187348,0.30718887225424896,-133.91799907607475,33.61480202030999,1,1
590,0.5484431545514414,0.48314735371958234,0.5157952541355119,0.3365102693506291,-133.60473645463733,32.75152524012085,1,1
591,0.5159849739654666,0.4559330800990327,0.4859590270322497,0.3566225884057187,-134.22151246798654,32.71684779949395,1,1
592,0.5275886667852433,0.46091973881454845,0.49425420279989585,0.2805359105039413,-134.8937029314928,33.17607333929075,1,1
593,0.5131307651523794,0.45153340153194166,0.48233208334216054,0.1837013389109486,-136.83709444237076,34.25535638210125,1,1
594,0.49941642218696586,0.4333452951692814,0.4663808586781236,0.19040642795002022,-136.49577596223423,33.87993249915415,1,1
595,0.5024038270496541,0.4384426211505232,0.47042322410008863,0.1852576889666291,-135.4600044461553,34.63535969485361,1,1
596,0.4971681171576255,0.4349065197747932,0.4660373184662093,0.20311639743233234,-136.59614060370967,34.01247508348653,1,1
597,0.4976264582644169,0.4404743763656427,0.46905041731502983,0.21744804809759039,-136.22140491593674,33.878155407035656,1,1
598,0.498838523430241,0.4413730543738014,0.4701057889020212,0.20887970858058819,-136.37764646148037,33.87507417472309,1,1
599,0.4976099440369845,0.436730522538898,0.46717023328794127,0.22691134265830176,-135.30545033935772,34.49762013904369,1,1
600,0.507445853236732,0.4396583616414775,0.4735521074391047,0.2808233224832377,-135.28178613198585,34.43322476689791,1,1
601,0.5006661441862486,0.4399869647643498,0.47032655447529914,0.3513039435459376,-135.6931827667188,33.53083501858638,1,1
602,0.5007041704297773,0.4401996791084425,0.4704519247691099,0.3350719208454182,-135.65986873558154,33.97351464211045,1,1
603,0.5049018410302775,0.4429434110022806,0.473922626016279,0.35948098982205196,-134.95002457836446,34.11124707334166,1,1
604,0.5182518235141584,0.4489126228541125,0.48358222318413546,0.3931728428526781,-134.3501883332329,33.87650342655162,1,1
605,0.5253027891537453,0.4604665473205841,0.4928846682371647,0.39165269154497573,-133.082144421357,33.47454822419379,1,1
606,0.514379544324451,0.45119974396682905,0.48278964414564,0.26349390899602576,-133.93672316689637,34.08498774189995,1,1
607,0.515033806796148,0.4591024596160381,0.48706813320609305,0.19445283197020308,-135.02196150873363,34.959070293793,1,1
608,0.5209240315818404,0.4597062078546888,0.4903151197182646,0.18281476548729805,-135.0069559504054,34.90356509377539,1,1
609,0.514102630971851,0.4554527519776113,0.48477769147473115,0.188963449342153,-135.27532240448585,35.40280310395276,1,1
610,0.5020765161922705,0.45153764509869543,0.47680708064548294,0.19986794324682747,-135.34911268215762,35.689582763137416,1,1
611,0.49140132437942446,0.44035536913882617,0.4658783467591253,0.23479772185604142,-134.72698741764367,35.11482893197441,1,1
612,0.5046395004079713,0.4440000455027391,0.4743197729553552,0.2814255425473404,-135.15752753898465,34.98422561704773,1,1
613,0.4969833751804914,0.43872361174960184,0.4678534934650466,0.3023919769311571,-135.1724260450596,34.78336080280209,1,1
614,0.4977553072337622,0.436560567936649,0.46715793758520563,0.2998760377585992,-135.3477602674576,34.58828869026789,1,1
615,0.4995218306228004,0.44285710024693936,0.4711894654348699,0.31048758948451843,-135.5050578312307,34.55903873797339,1,1
616,0.5088617732988953,0.4443568872046495,0.4766093302517724,0.2962537975381108,-134.97267028120743,34.28812705785754,1,1
617,0.5314937229886338,0.46098757719825445,0.49624065009344415,0.2800121945547077,-135.52597370367397,34.84226941806208,1,1
618,0.5143539081030739,0.4494837886229511,0.48191884836301246,0.21129518279108997,-134.15404871550885,34.27365594518906,1,1
619,0.5177824212216445,0.4558346628150575,0.486808542018351,0.011387521107095027,-134.00527755169824,34.435890102116296,1,1
620,0.5062639552392183,0.45684759020337445,0.48155577272129635,0.011598357145271104,-133.75926418788092,34.41365330208892,1,1
621,0.4829556257976198,0.4365861798942528,0.4597709028459363,0.010636879773541124,-133.7539908363804,34.772438139578846,1,1
622,0.48375696837431215,0.4354586562776521,0.45960781232598213,0.012492646335005948,-133.87756036449787,34.74266838819942,1,1
623,0.5019512089355034,0.44582515144423446,0.4738881801898689,0.020095467001975443,-133.90051072008765,34.67715461647381,1,1
624,0.5069282888554232,0.44631676282856625,0.4766225258419947,0.09074703435821022,-133.57698070832674,34.47787854540292,1,1
625,0.49051114558835324,0.4341785277844327,0.462344836686393,0.15578011583832388,-133.31665234775824,34.07967223014223,1,1
626,0.4998041134450091,0.43905875739227335,0.4694314354186412,0.2287603746520621,-134.06636790042236,34.272807058942746,1,1
627,0.4196203964556116,0.37081988956249334,0.3952201430090525,0.27512371477386477,-132.35323237291962,32.279249185783975,1,1
628,0.10131884194685037,0.0636881820208649,0.08250351198385764,0.30828943650731905,-135.4438685416118,36.244431517339486,0,1
629,0.08164798475683871,0.05141749567217695,0.06653274021450784,0.315646293382209,-135.19853602638804,35.6845681436409,0,1
630,0.19012810215530254,0.1534401725164699,0.1717841373358862,0.31677545398713886,-133.97699572105154,34.218347084044616,0,1
631,0.3362003727744992,0.2988957152299422,0.3175480440022207,0.3240883939860384,-132.34929000782788,32.29394550481829,1,1
632,0.35956084175830677,0.3253838620207534,0.34247235188953007,0.3136433458469571,-131.80558615994747,31.88263959474598,1,1
633,0.38549031672167094,0.3502885297871184,0.36788942325439467,0.3296196851924581,-131.93452882315395,32.270827493266005,1,1
634,0.39837902314169504,0.3633856437204988,0.3808823334310969,0.31697780623163646,-132.24272515953572,32.17980873237202,1,1
635,0.446225926232235,0.3995587192859683,0.42289232275910166,0.310881946178053,-132.49169774346097,32.50164832148244,1,1
636,0.45418510656021904,0.3992155152953492,0.42670031092778415,0.3106123431520452,-133.23797487185524,32.602473342738094,1,1
637,0.4473326116668778,0.39177200537353984,0.41955230852020886,0.3055552491419687,-132.9308022695223,32.636167971006806,1,1
638,0.46620513122278523,0.3987811183392257,0.43249312478100543,0.29834395269651176,-133.28262336362246,33.213866455496664,1,1
639,0.4939786274323932,0.41594475196641245,0.4549616896994028,0.29082284163537075,-134.71259950224015,34.00646108512044,1,1
640,0.49600814625586265,0.4198339557681984,0.4579210510120305,0.28819187299333804,-135.52109680519965,34.576159968247715,1,1
641,0.483984511918492,0.4110104646521207,0.44749748828530633,0.27904627587097575,-135.94711263198678,34.919745192796285,1,1
642,0.47725505617351516,0.40964053806083534,0.44344779711717525,0.2895644705733963,-135.86326288312253,34.74818750235889,1,1
643,0.4794427398612022,0.4078467432957737,0.443644741578488,0.26730244352331484,-136.2365049493795,35.00383017000437,1,1
644,0.4924906808512622,0.41196398469346923,0.4522273327723657,0.22969665322793023,-135.646337662041,34.60119546545935,1,1
645,0.4872506725889242,0.4055789194790946,0.44641479603400935,0.21842569225331265,-136.0042648007546,34.61259932255455,1,1
646,0.49127698828456,0.4049465854889106,0.4481117868867353,0.19558375703537512,-135.96979359835348,35.257374976459964,1,1
647,0.49102684223196413,0.4041956811097454,0.44761126167085474,0.2006307843201319,-136.38202998200367,34.85598845204858,1,1
648,0.49218664889127933,0.4054738283004501,0.4488302385958647,0.180771881252588,-31.899549303194394,72.09064296683479,1,1
649,0.4620913791184556,0.39802951925300434,0.43006044918572994,0.16163115518744392,-135.44448332835515,33.70387378900602,1,1
650,0.46532148035172516,0.39677148655206296,0.43104648345189406,0.16440010573766695,-136.50286756526006,34.69543561425597,1,1
651,0.4510706244491181,0.39125344542202845,0.42116203493557325,0.16290364113943342,-136.21678616397378,34.73512752340303,1,1
652,0.45115682847034466,0.3905443834410917,0.4208506059557182,0.1758468159285342,-136.07942600887046,34.64967058029088,1,1
653,0.4665115145484499,0.40213847029094224,0.4343249924196961,0.1615689076683883,-136.54040424310725,34.88850653647448,1,1
654,0.48588311060582334,0.4139961152215925,0.44993961291370793,0.18292021066289205,-138.5732729672199,33.05169183921503,1,1
655,0.4717737373847302,0.40341250728903283,0.4375931223368815,0.16794068780741528,-138.32146919591034,33.14948246999306,1,1
656,0.47016320922734345,0.3870808398030819,0.4286220245152127,0.15663658274945835,-136.82475009646822,35.00223515432235,1,1
657,0.47038790384038065,0.39580324792018406,0.43309557588028236,0.0969938558215729,-137.37583725367244,35.46543933458331,1,1
658,0.46138402327932376,0.3964716392343872,0.4289278312568555,0.028282151320356372,-137.30375128723668,37.84062923900301,1,1
659,0.4530386217519867,0.3963874399238618,0.4247130308379242,0.009651783535613873,-136.7251299390758,36.98743272027204,1,1
660,0.45530947045216136,0.40623045178970163,0.43076996112093147,0.010834254437347668,-136.41890088559867,37.82061483947614,1,1
661,0.44386013837298943,0.36918229503315453,0.40652121670307195,0.00808359429239501,-136.816453947712,37.27459117890941,1,1
662,0.4253301979789205,0.34676935895951544,0.38604977846921795,0.017502681336560334,-139.86542855576909,37.07271377556349,1,1
663,0.4193570421592159,0.37976629069544177,0.3995616664273288,0.17363043930289673,-139.52459811177786,36.284919944231504,1,1
664,0.4599661143808493,0.41655387636277524,0.43825999537181226,0.27015720034492385,-138.89603736968573,35.25728328540388,1,1
665,0.41832697749528597,0.39264034556627464,0.4054836615307803,0.31776043039630547,-138.25813719151466,34.119013481650335,1,1
666,0.3971433385742147,0.40701501605510515,0.4020791773146599,0.29934644406620997,-138.44737143744973,32.02491043186579,1,1
667,0.2974779781315815,0.3486369523266597,0.3230574652291206,0.34157824980135376,-137.45523834553404,30.128012258230758,1,1
668,0.32442363230412075,0.45549668918200054,0.3899601607430606,0.33002904379275594,-137.34709296464953,28.322713248769368,1,1
669,0.34705807414476475,0.5063902278975777,0.4267241510211712,0.3448040308687919,-135.29717372042427,25.384613190918348,1,1
670,0.33729337650503455,0.5391898524941967,0.43824161449961563,0.34280905474130163,-134.1592974386026,23.5572969070318,1,1
671,0.2853652295359847,0.47990529078139377,0.3826352601586892,0.33371558298611587,-132.6261117744576,23.521578150185015,1,1
672,0.06519689438121876,0.16977775509651846,0.11748732473886861,0.2657186145001309,-135.59067253217486,26.225757619403293,0,1
673,0.02810702326305084,0.10048390333413973,0.06429546329859528,0.17506261898765438,-136.43358696793842,28.402758018954238,0,1
674,0.04750920570189433,0.10363573429689675,0.07557246999939554,0.034374476499244355,-136.82188283335086,29.510336329271144,0,1
675,0.059632408327053035,0.06714285474663276,0.0633876315368429,0.06926041001782064,-138.5312634774429,29.513832249952774,0,1
676,0.10724186098552287,0.12496781900433769,0.11610483999493028,0.22946964502526446,-137.03257993800648,28.874160800213637,0,1
677,0.2787668395115011,0.3275461429594939,0.3031564912354975,0.27496987383008037,-135.61759903355903,27.121303717635634,1,1
678,0.291034838303384,0.3135473978647233,0.3022911180840536,0.2526583554205796,-136.5373372921837,28.557042283444716,1,1
679,0.3438586344013403,0.3427745490894888,0.3433165917454145,0.27741211459765613,-136.9305381189126,29.42536389537924,1,1
680,0.33968288815514874,0.3475905346824902,0.34363671141881946,0.2908247355863698,-137.65581316533078,31.06637628335607,1,1
681,0.3501936732190596,0.34551249545702667,0.34785308433804313,0.2759882723866721,-138.059259076691,32.454709485456505,1,1
682,0.3869528729355275,0.3817057777261859,0.38432932533085673,0.2820964544302885,-139.2668076925146,33.94496995074176,1,1
683,0.38997596741302937,0.39113675581707574,0.3905563616150526,0.27761141883110085,-138.08778626758797,33.88323141428876,1,1
684,0.3990715476252551,0.3855295651747645,0.3923005564000098,0.26257718902271665,-139.25725284846374,35.72384128595641,1,1
685,0.4355333051985101,0.400208654161968,0.417870979680239,0.06552705342020866,-139.51512682195136,37.08253830413213,1,1
686,0.46840733434459936,0.44225416307328225,0.4553307487089408,0.013290128245146759,-138.84080619602273,37.336137549636696,1,1
687,0.4785481836845795,0.4228701216510012,0.4507091526677903,0.013055688902043616,-138.01253063531482,36.71377762744675,1,1
688,0.48412929220547213,0.41581977307640505,0.44997453264093856,0.030065618598378384,-138.95889838736295,37.35737824296793,1,1
689,0.5006263954295095,0.4297790681799773,0.46520273180474336,0.08206764956286387,-137.22086262061828,36.78988946122164,1,1
690,0.497081566365975,0.4345740857254995,0.46582782604573725,0.0529800556114963,-136.441851457172,36.02538604076265,1,1
691,0.5255179517281264,0.4374171219505302,0.4814675368393283,0.02380284467890975,-135.53365011632275,34.521588725136304,1,1
692,0.5090808129784481,0.42540965073568365,0.4672452318570659,0.008958288761767842,-133.96217557654828,33.61360512385414,1,1
693,0.5186545205964743,0.43825231392622627,0.47845341726135027,0.01135124690664746,-133.10318571289017,33.46357909372072,1,1
694,0.536640656786893,0.4386866673825024,0.4876636620846977,0.06189053856481464,-30.82348003009569,71.69525966019638,1,1
695,0.5447710513300742,0.4333735219510447,0.48907228664055946,0.17349798256355162,-29.504591866819595,71.34356237073003,1,1
696,0.5184238210920842,0.40488487728050354,0.4616543491862939,0.23792661629902007,-29.612531612753315,71.35118744880675,1,1
697,0.5434164331911039,0.403304351101871,0.47336039214648745,0.28962156705134007,-30.841800804583954,71.60577720924448,1,1
698,0.5515192346299765,0.40641676910149965,0.47896800186573807,0.2759778006550115,-30.69909048241967,71.42011868605589,1,1
699,0.5576447132613587,0.4216166125407177,0.4896306629010382,0.20773306034751082,-30.42736995197688,71.38101711403,1,1
700,0.5736902902353933,0.43047671576586105,0.5020835030006272,0.11560729797169239,-29.912927326101457,71.27850993210595,1,1
701,0.5915575134963563,0.4448515351249667,0.5182045243106616,0.08857635857958532,-30.901288163709093,71.46883522605857,1,1
702,0.5888602515188668,0.4295619805236921,0.5092111160212794,0.20476331212949486,-30.961529336399767,71.46027629224346,1,1
703,0.5731356722850692,0.4034400503077433,0.4882878612964063,0.23701151605826612,-29.85038202702164,71.0776284342155,1,1
704,0.616220328950081,0.43812349011517293,0.527171909532627,0.25708723291982327,-30.762201067267895,71.40500633334229,1,1
705,0.612996765140886,0.44712324146706345,0.5300600033039747,0.15764817750234386,-30.29021465860878,71.25878494387844,1,1
706,0.6159854977620994,0.44054198238406156,0.5282637400730805,0.05290008871926209,-31.0190819748542,71.26258779690947,1,1
707,0.6442679504872817,0.47499481177821784,0.5596313811327498,0.057800245244329,-31.185694033116263,71.40564519452904,1,1
708,0.6733021294897731,0.4966695442557338,0.5849858368727534,0.11119896658917129,-31.87435767903386,71.36035919067979,1,1
709,0.6168373364284767,0.41879759527454397,0.5178174658515103,0.21606580699366584,-30.007587806063395,71.16018592766254,1,1
710,0.6277783182516483,0.4059560194153737,0.516867168833511,0.2947782458128212,-31.109628941334936,71.38103998653041,1,1
711,0.6025919489054253,0.40038694605534536,0.5014894474803854,0.27687254060613986,-31.023084410502747,71.4029485424999,1,1
712,0.5856169607176036,0.4008404033842996,0.4932286820509516,0.21114683592538835,-31.489459659686712,71.32208720271971,1,1
713,0.5912760667899075,0.41608995896091056,0.5036830128754091,0.10358140566224697,-130.68823544115273,30.825316404949245,1,1
714,0.625818727010976,0.43926243955253075,0.5325405832817534,0.04606642540283896,-129.15058063623763,29.383803182684158,1,1
715,0.6542974160395822,0.4575868949000715,0.5559421554698268,0.03893871086887531,-131.94032317398515,27.565929982497146,1,1
716,0.6411020360429732,0.4498927578467825,0.5454973969448779,0.03487155156760507,-132.4871906278212,27.779860371374497,1,1
717,0.6206810435741499,0.4475537111430396,0.5341173773585948,0.03637072158310159,-132.1085186400782,28.154819793328453,1,1
718,0.6203601463078015,0.441572036331249,0.5309660913195252,0.04360696087744079,-132.96460251038386,28.725896625550572,1,1
719,0.6285890987183986,0.44838684263549367,0.5384879706769461,0.04574724805136284,-133.03968536640366,29.384060084565952,1,1
720,0.6218182967912482,0.4387906043537137,0.530304450572481,0.05124894934126533,-133.42259766374616,29.004908551005254,1,1
721,0.6026621085089576,0.41919274996811856,0.5109274292385381,0.06255408437139562,-136.5433917266758,30.798679078755953,1,1
722,0.58727189814657,0.40839347755550626,0.4978326878510381,0.05254243872528655,-133.0591687049227,30.103142899037493,1,1
723,0.6165238764756842,0.42053090619338473,0.5185273913345345,0.03235901989280398,-135.19395952368131,31.092730319311137,1,1
724,0.6053053964822205,0.4338856178558268,0.5195955071690237,0.04022073538071438,-135.1139660239419,31.390366563700084,1,1
725,0.599893549345009,0.4367640419586828,0.5183287956518459,0.03071353604083021,-136.1142900774791,30.689701117381283,1,1
726,0.5894866912070962,0.43031876512748807,0.5099027281672921,0.036916708435325865,-134.71522518755611,31.225762719595945,1,1
727,0.5808856490526925,0.4329219469803192,0.5069037980165059,0.04666598273173671,-135.7804005260617,32.09930506091799,1,1
728,0.5874426397656691,0.438134895958802,0.5127887678622356,0.019926105240921504,149.37387422225834,47.146272047651294,1,1
729,0.5886642381026339,0.43952473709613443,0.5140944875993841,0.019230999331302987,-138.58970254201367,29.831605537486368,1,1
730,0.5836378861462374,0.45446025005181656,0.519049068099027,0.018032267406439914,-141.38076941281483,33.65975758254409,1,1
731,0.5828704950942841,0.45304119699415357,0.5179558460442188,0.018690228834598834,-138.14928833010117,32.935736748549516,1,1
732,0.5827000277135905,0.459092442646109,0.5208962351798497,0.015906857654924108,-136.57278876309098,33.998144342368406,1,1
733,0.5644880282443574,0.441377276595541,0.5029326524199492,0.06647527389737524,-140.69410163861764,34.14911738186745,1,1
734,0.5618221632878176,0.4498488036991406,0.5058354834934791,0.04836586653989597,-138.30033884661682,33.19579119818784,1,1
735,0.5701860180169075,0.44923269859810244,0.509709358307505,0.04078627605795979,-139.02104212853456,35.36029848199348,1,1
736,0.5843873294843547,0.4630183492867787,0.5237028393855667,0.028105597456214264,-140.01414070982992,36.560979200631664,1,1
737,0.5830056395618363,0.4653826755169255,0.5241941575393809,0.02543889682682981,-139.77746222000218,36.44053359143291,1,1
738,0.5440552921298738,0.4413620146025084,0.4927086533661911,0.031240684769154602,-139.03697220919972,36.215800915350535,1,1
739,0.5052299179893163,0.4294103736411395,0.46732014581522785,0.025395248873554873,-137.51199127094335,35.488143551717464,1,1
740,0.501915515206311,0.42713047734812504,0.464522996277218,0.021560852681319225,-139.99046600603023,34.158856570063655,1,1
741,0.4910140895392759,0.4156022822324573,0.45330818588586663,0.025368039368251903,-137.42235817979477,35.62763128079821,1,1
742,0.4912459760087761,0.41899707901286365,0.4551215275108199,0.02752642802541152,-139.99212592908438,34.955093052559704,1,1
743,0.48488480783046695,0.41816698784195294,0.45152589783620994,0.030046548300641206,-139.28757880246644,34.24508015610226,1,1
744,0.49712531337096116,0.4244517655914176,0.46078853948118936,0.024112164411067175,-140.54875185964315,37.268597324505066,1,1
745,0.4902340882100137,0.41571927397059283,0.45297668109030326,0.011759945623831066,-143.06506113546374,36.67377636045935,1,1
746,0.4941762928679705,0.41149215273784606,0.4528342228029083,0.014700284759168038,-143.15941954769943,36.62793724769989,1,1
747,0.5107142697386859,0.42330146080338976,0.4670078652710379,0.0197173368161342,-143.29735795927337,37.24807060922007,1,1
748,0.511845796750714,0.41767110461893364,0.4647584506848238,0.02654269613724929,-145.83954173466782,38.96691332707567,1,1
749,0.49304986842970455,0.41629047740420716,0.4546701729169559,0.03366520421275346,151.19290773572752,46.04061023527149,1,1
750,0.48181633384146605,0.40593762414437173,0.4438769789929189,0.011043511455933318,163.5147769917538,46.509977709743275,1,1
751,0.48394289443606286,0.40535040709911724,0.44464665076759,0.013597961579681858,163.58010308430718,46.871641570397415,1,1
752,0.47522568308824736,0.4070802394832424,0.4411529612857449,0.010915654805493957,170.44754053849098,52.78694782831573,1,1
753,0.5034700265312265,0.4208109366681491,0.4621404815996878,0.02007102846322458,-141.6081760831097,37.81062920691276,1,1
754,0.4962196880606403,0.4225545511357204,0.45938711959818035,0.011536650571128456,-139.37811981115837,36.81293467870507,1,1
755,0.5026360203979848,0.4241201535361291,0.46337808696705696,0.023703347472767367,-177.9806694657076,51.383552457048516,1,1
756,0.5222268071210657,0.3833911124011379,0.4528089597611018,0.014763549687648253,-135.37546025820708,32.46576537768223,1,1
757,0.5150294251411288,0.34060969732613033,0.4278195612336296,0.0347971524669744,-134.48371267074737,34.65055055810983,1,1
758,0.5587762864074987,0.366019903707513,0.46239809505750584,0.02113984008317294,173.61195410374802,48.21596469746214,1,1
759,0.5711097032821093,0.3520804720889039,0.4615950876855066,0.06000253898297364,-135.54425200510798,35.90514715141008,1,1
760,0.5997175235924994,0.347314651936811,0.4735160877646552,0.03116259230832052,-130.79380600646778,29.113385895354185,1,1
761,0.6815553783095006,0.41124667321564834,0.5464010257625744,0.07249096187950117,-128.0316381457919,25.31517132812692,1,1
762,0.7062622556652113,0.41418110887025766,0.5602216822677345,0.13592638495972922,-124.83781157832776,21.60550583570781,1,1
763,0.8593334971738392,0.3983229293754935,0.6288282132746663,0.3066871812671807,-118.55396590187792,20.977591888689812,1,1
764,0.8513696275565787,0.3842983248573213,0.61783397620695,0.35479890161459016,-117.95620494287054,20.677792981176147,1,1
765,0.8630304343285258,0.38094117758304485,0.6219858059557853,0.3014346001922473,118.14112984235331,31.38712438805397,1,1
766,0.8632800162069588,0.36761532186690704,0.6154476690369329,0.36618766727773105,-118.71338762483539,20.795645432941846,1,1
767,0.9416691834202234,0.3926526592586559,0.6671609213394396,0.36234536132207906,-119.49595035962348,16.44157371166715,1,1
768,0.9218786833864453,0.3636412689837146,0.64275997618508,0.3610115379850487,-118.7692206087164,21.467424668717296,1,1
769,0.9553645015250519,0.3783538155580351,0.6668591585415435,0.2998671305977194,-121.84452859906773,17.31466011559649,1,1
770,0.9646480723408953,0.3960694348837077,0.6803587536123015,0.3109973293491411,-119.67485331740554,21.082830735181417,1,1
771,0.9244661882803205,0.3926196409353723,0.6585429146078464,0.284363321948539,115.67542515675805,28.968819121407876,1,1
772,0.9162496721095733,0.38193799003200657,0.6490938310707899,0.3172377022848451,-118.33242347731361,16.51708588595972,1,1
773,0.8187219991530899,0.4083472987472505,0.6135346489501702,0.27249618786564656,117.78796770990144,30.134525774820517,1,1
774,0.7956663920317404,0.39242591164687074,0.5940461518393055,0.31892335052041154,-126.51397414259999,28.71759723283871,1,1
775,0.7633777832465419,0.3990829838947379,0.5812303835706399,0.28141293412601504,-127.06000011948834,24.65134274703328,1,1
776,0.7163052525944723,0.40395191949465303,0.5601285860445626,0.26232549458799986,-132.15334238407056,32.861114635514625,1,1
777,0.686898332641921,0.3912793073257488,0.5390888199838348,0.2784278554485646,-133.59356599588887,29.690591909989042,1,1
778,0.6405920384384038,0.37889329838030256,0.5097426684093532,0.29869146288043924,131.20675334804548,42.52956960125976,1,1
779,0.6731805223817554,0.41523708178166435,0.5442088020817099,0.27725046124047525,-138.01001391953147,33.71505931039393,1,1
780,0.6012221969244478,0.3743670784191567,0.4877946376718022,0.2877494443678429,-137.2161046781997,32.99178664413236,1,1
781,0.6055786220628996,0.37345851828314697,0.48951857017302325,0.28218384382910733,-138.18723364128303,34.53772319649307,1,1
782,0.5808749014782919,0.38226985692475307,0.4815723792015225,0.30311253611858796,132.69260726551235,40.71003363936354,1,1
783,0.5821087572967146,0.42290926936014006,0.5025090133284273,0.2927590231575518,-137.50225028961898,38.10134973653521,1,1
784,0.6196251738931314,0.44363310244782483,0.5316291381704781,0.28642557225113124,133.6546161732171,40.94524698316929,1,1
785,0.6051687088280328,0.4461034722366802,0.5256360905323565,0.2691298082854439,137.9749774286079,43.84366531872804,1,1
786,0.588598188347399,0.433433575894978,0.5110158821211885,0.24670248626644126,-147.28432744544975,41.29782939151256,1,1
787,0.5513094846803981,0.4179638339255099,0.48463665930295396,0.26768430599643206,-176.41455724285055,48.0723246719864,1,1
788,0.5748096005182223,0.44100585053783564,0.507907725528029,0.23768666992222387,-138.44448459184306,36.511506325493386,1,1
789,0.5704572156217877,0.43376732240505406,0.5021122690134209,0.23229293785176275,-143.1797303165152,41.445590585066725,1,1
790,0.5671852338830279,0.4374953949573232,0.5023403144201756,0.21830304422436833,-140.89392577825012,35.24501470189852,1,1
791,0.5897601736315524,0.4483601767490842,0.5190601751903183,0.22491608630714008,164.57182644385648,48.25249142953403,1,1
792,0.5992539717144574,0.46017196358056955,0.5297129676475134,0.2184190595422589,-137.95628946577162,34.86616526212452,1,1
793,0.5767194554003273,0.4287086688100192,0.5027140621051732,0.2091979960652965,-146.54311976411427,41.45951642768895,1,1
794,0.5860305967564391,0.4461443600855134,0.5160874784209762,0.19964148347928168,-134.85566641494148,34.699260488941604,1,1
795,0.59077065985886,0.45463361004380437,0.5227021349513322,0.19538853808717063,172.08611103728018,46.922327282630945,1,1
796,0.5785131336030612,0.4544832398044356,0.5164981867037484,0.19414737301295942,-171.49135747301813,43.31089058647472,1,1
797,0.5696544444915705,0.4502391573792106,0.5099468009353906,0.19392521726099246,-136.17865018848858,36.72628414712514,1,1
798,0.5742357580940991,0.4562261263474638,0.5152309422207815,0.19740653188989296,-140.7882065979597,35.041449835107464,1,1
799,0.5809459813350704,0.46155340751321333,0.5212496944241418,0.20615780678354242,-154.6568337771647,44.63224022611556,1,1
800,0.5787787875457946,0.45542190521267273,0.5171003463792336,0.19144938100778772,-169.2792642211814,52.10013443179798,1,1
801,0.5765660335613239,0.45466169665345335,0.5156138651073886,0.1911619553939016,-135.5771405519821,35.06058786283333,1,1
802,0.5838351183267152,0.4591860453234479,0.5215105818250816,0.20195842518723528,-135.83463997808306,35.872926044295646,1,1
803,0.5641335792361551,0.4496220003164038,0.5068777897762795,0.19503084916138252,-135.4321829488769,35.004195194664945,1,1
804,0.56546426097847,0.45173040635707234,0.5085973336677712,0.20104183798709785,-137.33974857223976,34.623655074332504,1,1
805,0.5590791923226044,0.44642029498285474,0.5027497436527295,0.1646691848070627,-137.3772869935434,34.88347259398126,1,1
806,0.5608242450359415,0.4416118920956117,0.5012180685657766,0.18622141718610935,-164.07644992644327,41.55420508018041,1,1
807,0.5463318765121331,0.43965118174672924,0.49299152912943117,0.18256153775609213,-143.4884014883124,43.25916182474912,1,1
808,0.5461377877885641,0.43922008570761817,0.49267893674809116,0.1771371839598908,-136.78321872766298,35.82327370426826,1,1
809,0.55683454802012,0.4475939689428,0.50221425848146,0.17634603744509442,-162.80289840323138,51.4925528381317,1,1
810,0.5347171329361987,0.43993342513052025,0.4873252790333595,0.19425988482245912,-137.76286296146026,38.16299345733996,1,1
811,0.5399689299930559,0.4424057656636109,0.4911873478283334,0.17354183229836448,-136.76335336045446,36.24474302546968,1,1
812,0.5465784795667974,0.44680007936724553,0.49668927946702146,0.18375877762028758,-136.14591482985597,35.310142898545145,1,1
813,0.5410324937300247,0.44260337474869044,0.4918179342393576,0.1840762314283593,-136.1941384160904,36.022453489383054,1,1
814,0.5313632239440959,0.43780812236543615,0.484585673154766,0.19458655381328513,-137.49731321887637,34.35800445036585,1,1
815,0.531346965915869,0.43173501144791304,0.48154098868189105,0.20332454788814258,-137.37451487322048,36.901389321204036,1,1
816,0.5456403354815779,0.4408425911331826,0.4932414633073802,0.19040825999881816,-138.17229864553977,36.902676736634874,1,1
817,0.4980722368526719,0.40462767774130226,0.45134995729698707,0.20181337075139535,-137.26096364691364,38.0418940841248,1,1
818,0.5067403688491146,0.4097734395562163,0.4582569042026654,0.17019016967330786,-137.3514653384222,37.864887051663324,1,1
819,0.5075390132687448,0.404882458854805,0.4562107360617749,0.17855633009553815,-175.8668629990433,45.50881862619386,1,1
820,0.49479513241401013,0.40780792851048975,0.45130153046224997,0.17410009766605594,-141.6747399847927,42.83907938377715,1,1
821,0.5088408755553564,0.41541736213734337,0.4621291188463499,0.18198418238087352,-136.68472513954458,36.18068873805444,1,1
822,0.5010129498981212,0.4141505292819803,0.4575817395900508,0.1787426982397357,-136.71636189558257,36.55027387387244,1,1
823,0.49274715651860007,0.4185645266623459,0.455655841590473,0.18032527610465865,-139.3080995523758,34.448601248251876,1,1
824,0.4839968632947129,0.4093514284458674,0.4466741458702902,0.20444531569957683,-136.3157887333807,34.275214805812666,1,1
825,0.4693173046799797,0.40401135175829866,0.43666432821913914,0.19533187679479216,-137.21550698022014,34.357610434039344,1,1
826,0.46981870995694697,0.4037716914557646,0.4367952007063558,0.2033421969746017,-137.75487008067054,34.67855274396228,1,1
827,0.4747739731523477,0.40578936868507104,0.4402816709187094,0.20271347583889754,-145.85541415189658,43.38496464790271,1,1
828,0.4565268537842505,0.4014660780168932,0.42899646590057183,0.199766829254273,-138.05454818964435,35.68853641969109,1,1
829,0.46523698648801765,0.4026536702211443,0.433945328354581,0.19885265460459908,-136.36289221573907,34.74293129683373,1,1
830,0.4606345777727013,0.39467478263052713,0.42765468020161423,0.20848409633745107,-137.80702396850361,32.755919297004546,1,1
831,0.4733230644279011,0.4117695781158545,0.4425463212718778,0.21743664730867313,-135.60344149773042,34.60779677240694,1,1
832,0.48239670343679947,0.4111585111669238,0.44677760730186167,0.2188084432269756,-135.5121170296851,35.47273731217618,1,1
833,0.4817048130841763,0.40501623985066854,0.4433605264674224,0.21531857013404973,-30.777088873602285,71.86321853263568,1,1
834,0.47646412982886166,0.40889065295978466,0.44267739139432316,0.1962465568822655,-135.98520840734218,36.35275190721876,1,1
835,0.4729842052095136,0.4017250703566445,0.43735463778307904,0.18811007486996478,-136.36822492528736,37.36287114306877,1,1
836,0.4809789209116,0.41263257474243864,0.4468057478270193,0.17257552599319648,-136.20219177509716,34.62855970682149,1,1
837,0.4710381066945071,0.408438802881985,0.439738454788246,0.15693106791037026,-135.6962889525127,34.62535854826132,1,1
838,0.4697221646063257,0.40518860169692605,0.4374553831516259,0.14478111787633655,-135.3967871206416,34.38908972385377,1,1
839,0.48981540312987637,0.4119367715254353,0.45087608732765583,0.14918584513705496,-135.04515814673758,33.85562796151764,1,1
840,0.48332876530702423,0.4217018517930309,0.45251530855002753,0.12957363221374188,-135.58751595845362,34.27750556514246,1,1
841,0.46808650589712897,0.3979973578462233,0.43304193187167617,0.11805319189558369,-133.40277423672842,34.3407317392506,1,1
842,0.48079666703635354,0.4064960740730135,0.44364637055468353,0.12609093760476606,-26.460733752095404,71.1383282295355,1,1
843,0.48050619860326677,0.4083376854299575,0.4444219420166121,0.11388402800589473,-134.75963844749324,36.800030680668925,1,1
844,0.46140648742141793,0.3967593193313151,0.4290829033763665,0.10240430504384983,-29.04003332047116,71.56964263484542,1,1
845,0.48703490243330533,0.4231981541765734,0.45511652830493937,0.1254661680230651,-137.37958143570458,37.06865430420531,1,1
846,0.5139517523932279,0.44070576828941893,0.47732876034132343,0.15593340075754467,-31.122598761488884,72.12098910310101,1,1
847,0.518870253040208,0.44935753842802595,0.48411389573411695,0.17973767043358033,-136.82169687664938,36.52207680447314,1,1
848,0.5305803160286491,0.45607627613907237,0.49332829608386075,0.16894173795281575,-139.03466366891152,36.35184364779557,1,1
849,0.5153545036680827,0.4431137703096682,0.4792341369888754,0.17674726292312498,-31.197934956457864,72.16971084971956,1,1
850,0.5208462198416429,0.4502320958736995,0.4855391578576712,0.1817469562867383,-31.015871777200484,72.15136728501994,1,1
851,0.5194480890495088,0.45128993587957894,0.4853690124645439,0.24511404476406554,-30.207904466445555,72.11470903857507,1,1
852,0.5268310907323251,0.4507458506619939,0.4887884706971595,0.21609865390563376,-30.379128210184035,72.16234303618903,1,1
853,0.5452124471252222,0.4728120440001123,0.5090122455626672,0.21063403954108575,-138.04577714526127,33.820684989655994,1,1
854,0.5303312059791665,0.4599935288496208,0.4951623674143937,0.21897298806985926,-137.96371763813312,33.76011915070332,1,1
855,0.5145031856434976,0.4528610379280878,0.4836821117857927,0.23644297929271219,-137.58076391732303,35.554808982067485,1,1
856,0.5184276138219575,0.45433077039118247,0.48637919210657,0.25830170173462613,-137.8957951289431,33.7261478399102,1,1
857,0.5104679456991229,0.4515341098999285,0.4810010277995257,0.22875795203472785,-138.1486228896218,33.60889527544949,1,1
858,0.516447875088383,0.45265718920196185,0.4845525321451724,0.22430858046492763,-138.86025287604852,34.210325313882436,1,1
859,0.5148574796149198,0.44441302058134774,0.4796352500981338,0.23150881411327015,-138.80326015071284,34.285611934411115,1,1
860,0.5144370079312113,0.44366724463431806,0.47905212628276467,0.22439988963157137,-139.2052077872744,34.622345125386936,1,1
861,0.5167748858198555,0.44690336816985976,0.48183912699485765,0.23599062534829474,-139.58472716345807,34.27309302189783,1,1
862,0.520876981492982,0.45322116947805485,0.48704907548551846,0.2401785962121626,-139.2977930868044,34.67046237321636,1,1
863,0.5140661315628813,0.4470444237622015,0.48055527766254136,0.23411515964731028,-139.3710672880731,33.68887532936657,1,1
864,0.5165973228148812,0.45311046451227344,0.48485389366357734,0.2326782500960152,-139.1813395827911,34.44245299238453,1,1
865,0.5283826032381379,0.4725608956115795,0.5004717494248587,0.2474064807964983,-140.94612393382099,37.097056575129386,1,1
866,0.536706720659226,0.47886749363364917,0.5077871071464376,0.24806575626641922,-140.594312148691,32.638437894512,1,1
867,0.5204851316635065,0.46496223961605204,0.4927236856397793,0.24362355137364636,-137.44912898917138,34.428567974096254,1,1
868,0.5220684918132847,0.4719722879470914,0.49702038988018804,0.250373668196844,-138.46625329201427,32.84575232298979,1,1
869,0.5254741326531244,0.47687515865421554,0.50117464565367,0.2489942777957046,-137.75569495455554,32.55027382225817,1,1
870,0.5315500566222702,0.4818894833714458,0.506719769996858,0.2514730863318535,-138.23417229104632,33.95957336081746,1,1
871,0.5275332646167141,0.4757733408271331,0.5016533027219237,0.2573387221835337,-138.29571258744147,33.636165925876305,1,1
872,0.5256597546592676,0.4743826150306689,0.5000211848449683,0.2550342296193921,-138.30815216445149,33.78267494409808,1,1
873,0.5194578699177826,0.47568070969078263,0.4975692898042826,0.24789772170002028,-138.58049222676968,34.28170838485227,1,1
874,0.5172487050827099,0.47402853173116427,0.4956386184069371,0.244295393923545,-138.74135716394275,34.41878200610062,1,1
875,0.5203557836643606,0.469469242041513,0.4949125128529368,0.24734829361495608,-138.20311688565204,33.726410562605615,1,1
876,0.5133168020509576,0.46795399804011983,0.49063540004553874,0.23922224254531615,-138.26845638780298,33.79608958966723,1,1
877,0.5036354086799174,0.46026586043637674,0.4819506345581471,0.24607787266500622,-138.65627255604932,33.384083337617604,1,1
878,0.5021265927543583,0.4527000682871745,0.4774133305207664,0.24841937875600928,-139.29409230490043,34.52368250465172,1,1
879,0.5078336982670912,0.4586390046818018,0.48323635147444655,0.26286956563903935,-139.3917540824968,33.171552834878554,1,1
880,0.5139607990856765,0.465669337429927,0.48981506825780174,0.255052183987785,-138.41798108186455,33.87884549732707,1,1
881,0.5068890293040653,0.46050526096852584,0.4836971451362956,0.2634291325016233,-139.20487657318432,32.88853304976096,1,1
882,0.5140246643528086,0.45729826946690566,0.4856614669098571,0.2739852000482976,-139.57656320270215,33.12626109422214,1,1
883,0.509819333577587,0.45174075563657584,0.48078004460708146,0.2743187549751366,-138.9478817968378,32.706464582587515,1,1
884,0.5103749497839926,0.45908972985808083,0.4847323398210367,0.28006390268602377,-137.47225768204387,33.72486292563063,1,1
885,0.5112718850669512,0.45845112290152934,0.48486150398424027,0.2875093631181507,-139.06111030196718,32.630326600478625,1,1
886,0.5223395811876265,0.46281642786936134,0.4925780045284939,0.28978559977437884,-139.01415923628028,32.76534506780968,1,1
887,0.5179784631738658,0.46309522866128305,0.4905368459175744,0.2916793764772169,-139.4071920489526,32.86529433169337,1,1
888,0.5292359217934757,0.46823010015210176,0.4987330109727887,0.278351966954364,-139.33153009586974,32.809994512951064,1,1
889,0.538130670064322,0.4863023392488874,0.5122165046566047,0.28522162184831773,-139.16776258098878,33.295052988256565,1,1
890,0.5415455094124053,0.4875528717574395,0.5145491905849224,0.28564189914868576,-139.3306423801464,33.28922205665689,1,1
891,0.5485269471580706,0.48545114058074734,0.5169890438694089,0.29870344191857723,-139.00067949450576,33.594604458227906,1,1
892,0.5124528960332779,0.4600606759420387,0.4862567859876583,0.2964922216598858,-138.46340785189435,33.382132877963855,1,1
893,0.4686514364346296,0.419722687283639,0.44418706185913426,0.313738014448656,-139.63811817278537,33.50509498023184,1,1
