frame_num,left_ear,right_ear,ear,mar,phi,theta,label,valid
1,0.522192614980717,0.45409002177583063,0.4881413183782738,0.0068127995378019805,-135.19639828388455,34.54293474679094,1,1
2,0.515659647895077,0.44982314308013743,0.4827413954876072,0.006211227636632953,-135.66470260201473,35.12759280943537,1,1
3,0.5145622157159511,0.45303823441386526,0.48380022506490816,0.006851622150405913,-134.9821672834647,36.30515139385824,1,1
4,0.5206427425166507,0.456846735815293,0.48874473916597183,0.007228238527108336,-136.35621937713557,34.989412023936445,1,1
5,0.5191155188868888,0.45797679105054157,0.4885461549687152,0.00694412754223589,-134.8163328868991,36.01821906563402,1,1
6,0.5261746360151672,0.4532496256429883,0.4897121308290778,0.007041377560975164,-135.13290544262986,35.18623861813332,1,1
7,0.5271755674596471,0.4482495524207096,0.48771255994017837,0.006704685988002163,-133.908353242997,34.33087614541781,1,1
8,0.5190110076485764,0.4448152185542836,0.48191311310143004,0.0061129577280493305,-30.442605588746858,71.8794666249117,1,1
9,0.532853974216214,0.4560962113907894,0.4944750928035017,0.006842196979695875,-135.57372706559582,33.34923979288998,1,1
10,0.5313064736040406,0.4532028899668275,0.4922546817854341,0.0066419383748885065,-135.19774708149777,33.93929539474664,1,1
11,0.5267103760526182,0.4557880028770142,0.4912491894648162,0.006330358478728761,-135.5146795388535,34.0256232004263,1,1
12,0.5217578181389604,0.44823670002188915,0.4849972590804248,0.006097485076001466,-134.24283498449836,34.92794263872482,1,1
13,0.5155250771396789,0.454309689352938,0.4849173832463084,0.008282887279647632,-137.28933051940564,35.04916546622483,1,1
14,0.518132506467202,0.4483345602351816,0.4832335333511918,0.005204668564427954,-136.738390480794,34.610549670508014,1,1
15,0.5165834013187801,0.4438969642270159,0.48024018277289804,0.0045034521718074405,-137.26469063495148,34.487815768811515,1,1
16,0.5158373208283793,0.4435845276105201,0.4797109242194497,0.0041429299933708145,-135.5655723347459,35.16811645503723,1,1
17,0.5266253614040766,0.4559499663568646,0.49128766388047057,0.005102960038060086,-135.39288920428672,35.961623154638055,1,1
18,0.5153171944681691,0.45100764152467465,0.4831624179964219,0.00518877219223598,-135.5403969247047,35.87560006128555,1,1
19,0.5221880653315463,0.45481891277165315,0.4885034890515997,0.005960577420961268,-135.59871915509834,35.896956129340815,1,1
20,0.5227550178951982,0.4514445703371865,0.4870997941161923,0.0061164027046942075,-137.67328315102617,34.17564590689307,1,1
21,0.5206349393978039,0.454780796604719,0.4877078680012614,0.005973590647772902,-138.15080262940515,35.63261755417661,1,1
22,0.5144350580049987,0.44032223916434665,0.47737864858467266,0.0071003293420688765,-137.55676477246183,33.74271733252116,1,1
23,0.5269242871234252,0.4566138179358477,0.49176905252963643,0.006144747984440604,-137.5028108874686,34.896262676547146,1,1
24,0.5258613691895063,0.45499108051478726,0.4904262248521468,0.0062031699010908214,-136.8461548333967,33.69283621766324,1,1
25,0.5084129169289563,0.4444873572778926,0.47645013710342443,0.006384325184742262,-30.809242702930877,71.98473035769727,1,1
26,0.5295347859404741,0.46751912445424443,0.49852695519735923,0.006122594329220334,-136.28391298361547,35.60510737824996,1,1
27,0.5249398899376756,0.45905071607076403,0.4919953030042198,0.006752094049262798,-137.85902125916365,34.441132379651584,1,1
28,0.5242973596966854,0.46415885225511244,0.49422810597589895,0.008395394244389225,-138.0097140347655,34.26568899175181,1,1
29,0.5425878060585534,0.4693280711847123,0.5059579386216329,0.005325397339652655,-137.91412605457396,34.47439614010666,1,1
30,0.5405712693314338,0.4712263326502081,0.505898800990821,0.006476338786404842,-137.09471198869954,33.75677144446689,1,1
31,0.5260120901743052,0.46879227925656464,0.4974021847154349,0.00572655912915362,-137.06462850002458,34.00051427423632,1,1
32,0.5127500038725298,0.45813239624491814,0.48544120005872393,0.004852828578281327,-30.683504146793666,71.95090221999865,1,1
33,0.5135950995705283,0.4595567725650046,0.48657593606776645,0.005927119503493975,-137.37344709616963,34.42545049358553,1,1
34,0.508190368209051,0.4534798146141067,0.4808350914115788,0.0055079396016901525,-30.722543153554554,71.9596510814942,1,1
35,0.5067174627791431,0.45415447689337474,0.4804359698362589,0.004572209111998434,-30.576279948315417,71.92001225376083,1,1
36,0.5119286622296011,0.44887810552787266,0.4804033838787369,0.005693571348902577,-30.687759899329194,71.94766380646342,1,1
37,0.5028184446765795,0.44242742861792766,0.47262293664725363,0.006715639806091574,-136.37663366770505,34.80196860015149,1,1
38,0.5066182832996723,0.44311765861260205,0.4748679709561372,0.0065160494491096664,-30.529277220692023,71.89884744713792,1,1
39,0.49910999521954547,0.4388756670412942,0.46899283113041984,0.006245146835599404,-30.575205591284565,71.91253221581302,1,1
40,0.5051374605138038,0.44351328690886765,0.47432537371133576,0.006003388229392249,-30.63339592051882,71.92751106540354,1,1
41,0.5035414466455043,0.44573658356796375,0.474639015106734,0.0054534938362354735,-30.49664244040938,71.89814273521611,1,1
42,0.5054099858754532,0.447392039247591,0.4764010125615221,0.005670454725384519,-30.645877455094077,71.93129451183104,1,1
43,0.5065539798985279,0.446177133420339,0.4763655566594335,0.005923667921224239,-137.24938672426066,35.29389491576683,1,1
44,0.5084721833974306,0.44753165500729725,0.4780019192023639,0.006434715362245236,-137.30493915477012,39.268084194436,1,1
45,0.5029665256844,0.4414358734226572,0.4722011995535286,0.0067991846887734434,-138.48097669505535,36.798330670662416,1,1
46,0.505897974428963,0.4433134383702657,0.47460570639961436,0.006629748248908672,-139.04892104791844,40.32628889183884,1,1
47,0.5148299843404477,0.44923652632628525,0.4820332553333665,0.00733030586565513,-171.08571839211237,49.25246675169639,1,1
48,0.5159000110514584,0.45207536473155435,0.48398768789150637,0.006929833491546341,-136.47477510529063,34.79098570217962,1,1
49,0.5134619899100913,0.44342787767438613,0.47844493379223874,0.008657504285486634,-136.4187438347526,34.845710922024075,1,1
50,0.5095616498766558,0.44741047692734137,0.47848606340199856,0.0108688024563307,-30.57846820426087,71.91279892366066,1,1
51,0.5093038717076481,0.44484657237884284,0.4770752220432455,0.009681846317278486,-135.66066799832387,34.16047745479459,1,1
52,0.5140060210613956,0.4482984526905153,0.48115223687595543,0.008328531695396884,-30.64826689813331,71.93174818884714,1,1
53,0.5175982914303999,0.4509016303826458,0.48424996090652284,0.008275136209331214,-30.610335091071786,71.92254207320839,1,1
54,0.5224571554089706,0.448835832085077,0.48564649374702384,0.006531092109253801,-30.569712993145387,71.90483040810804,1,1
55,0.5255618705925209,0.4535355088789981,0.4895486897357595,0.0071566339358223275,-30.743082498304894,71.94701903662052,1,1
56,0.52303942879655,0.455106301719873,0.4890728652582115,0.007739537188287585,-30.80309692312623,71.9601259768174,1,1
57,0.5236021368251879,0.4559744902461268,0.4897883135356573,0.006604152372582637,-30.923819665024936,71.98251484630629,1,1
58,0.514296054865915,0.44245533947719884,0.4783756971715569,0.007824241995160639,-30.741195957548054,71.947940350263,1,1
59,0.5163518379641311,0.4463747531143854,0.4813632955392583,0.007173282256747079,-30.775882500816916,71.9523074474107,1,1
60,0.5192616703633595,0.4453808368429498,0.48232125360315464,0.00745885900776656,-30.853488983569733,71.97049836748153,1,1
61,0.5160267708294474,0.44559257087237525,0.4808096708509113,0.005274730615098072,-30.747032334619817,71.94396702228954,1,1
62,0.5153547729172646,0.44612230910367096,0.48073854101046776,0.0052838996435919695,-30.70480945692259,71.93809893161593,1,1
63,0.5179574186558554,0.4441086673119817,0.4810330429839186,0.004861851707566097,-30.695040929913667,71.94196073563401,1,1
64,0.5307375293915759,0.45280343638151754,0.49177048288654673,0.004987793286020902,-30.740573724988455,71.95154550153602,1,1
65,0.5447469320195608,0.46424683960187063,0.5044968858107157,0.005565476240836894,-30.85143991940308,71.97436402598184,1,1
66,0.5537532797785641,0.4710267276212883,0.5123900036999263,0.005783877395454371,-30.70138223261875,71.9385497990786,1,1
67,0.543762706347234,0.46450981241488226,0.5041362593810581,0.005494999760748883,-30.643281966292445,71.91430351586854,1,1
68,0.5357019257322448,0.4519597050919188,0.49383081541208185,0.004384970708823359,-30.75970418675388,71.93059251462032,1,1
69,0.5570268721305118,0.4732245279732783,0.5151257000518951,0.006332241142230564,-30.84732059478537,71.94738542869584,1,1
70,0.5536600467054725,0.4745108270748838,0.5140854368901782,0.007374981009981301,-30.95956836616785,71.96575199738109,1,1
71,0.5572563276936808,0.4680389642004767,0.5126476459470788,0.007462076522043254,-30.800221882991064,71.92271567093857,1,1
72,0.5517363511188994,0.4699699500515109,0.5108531505852052,0.008109913782061346,-30.751809647870303,71.89786328597471,1,1
73,0.5395975751394444,0.46770360067318006,0.5036505879063122,0.007743563083446056,-30.978765437834983,71.94357259487963,1,1
74,0.5410908884097703,0.46763299626603133,0.5043619423379008,0.008116054011270408,-30.797258058962342,71.89544272131553,1,1
75,0.5478478237239851,0.47141850159658183,0.5096331626602835,0.010003157292899186,-31.048531634964252,71.94183371277265,1,1
76,0.5433753851882728,0.4710238020768478,0.5071995936325603,0.010411211060926316,-31.062334796497048,71.93974352236722,1,1
77,0.5487104806715617,0.4767792941595129,0.5127448874155374,0.00757660395481453,-31.013697591167332,71.9217935989152,1,1
78,0.5451702268838704,0.47144991226441196,0.5083100695741412,0.008185683322206871,-31.106764528803343,71.93444392978822,1,1
79,0.5497503047097007,0.4746250431697414,0.5121876739397211,0.008630639700012451,-30.744355176976327,71.85700007357451,1,1
80,0.550858983206047,0.4740443988732469,0.5124516910396469,0.00610330195873582,-30.812756150986846,71.87010120453944,1,1
81,0.5635907630292263,0.48951850003164954,0.5265546315304379,0.011536092176527181,-30.964697129000353,71.89415674985194,1,1
82,0.556867763839426,0.4860741066947989,0.5214709352671125,0.011066428221632525,-30.979138180404384,71.88509785257344,1,1
83,0.5533303146205432,0.4753459583412319,0.5143381364808876,0.009505859838139149,-30.90298706381656,71.85998151108936,1,1
84,0.5598793072841484,0.482604047961702,0.5212416776229252,0.009127131518933468,-31.173722326752596,71.90009522822135,1,1
85,0.537360511571654,0.46385132776367255,0.5006059196676633,0.006441986800546954,-31.000784455991056,71.86604690064338,1,1
86,0.547033389122371,0.46765627754326133,0.5073448333328161,0.006621466165588497,-31.150540175575493,71.88703535591885,1,1
87,0.5583136284160605,0.4773737529174528,0.5178436906667566,0.006655128642573755,-137.4238980909358,35.18832760112568,1,1
88,0.5626069292625266,0.4772234941195419,0.5199152116910343,0.00884859794708911,-31.101280340212725,71.86290637583588,1,1
89,0.5588910056263936,0.4757792506260264,0.51733512812621,0.007862970963053188,-137.4162848795829,35.00627527955504,1,1
90,0.5543037254735851,0.4717328763359141,0.5130183009047495,0.008661950974931661,-137.50649175456186,34.96126226147538,1,1
91,0.5639597802542902,0.4714855322575767,0.5177226562559334,0.008505733349280427,-136.66882973791343,34.82000228459883,1,1
92,0.5659814382003656,0.47503050281506565,0.5205059705077156,0.006315727872461184,-31.181380040377377,71.85552014069034,1,1
93,0.575448077995419,0.4861350675573611,0.53079157277639,0.006852752293513087,-136.69264419481578,34.85877207906495,1,1
94,0.5690837877477853,0.48147190294372305,0.5252778453457542,0.008353113381772982,-137.39439589104984,35.04135510291897,1,1
95,0.5729769600105845,0.4776920356297942,0.5253344978201894,0.007867729625548983,-30.90888843972849,71.78439466594217,1,1
96,0.5717143480179966,0.4919206019189912,0.5318174749684939,0.008840737494517682,-136.57675284302192,34.72844089007305,1,1
97,0.5600925993820292,0.48737098929389766,0.5237317943379634,0.00971678423422289,-31.05955309694231,71.80739873554816,1,1
98,0.5575762652093781,0.482496363691385,0.5200363144503816,0.010366657694278882,-31.05170258245734,71.79813747955497,1,1
99,0.571825024583615,0.49023211537332234,0.5310285699784687,0.008297777750047005,-30.99829894588461,71.78612204523738,1,1
100,0.5667423243942352,0.4858842863677331,0.5263133053809842,0.008769297024359891,-30.951803335221825,71.77690526059226,1,1
101,0.5709637523841339,0.4873928854368435,0.5291783189104887,0.010074557169820234,-30.865298436721012,71.75529799878356,1,1
102,0.5630489264164801,0.47975074723989514,0.5213998368281876,0.009515644107183235,-30.908954788249744,71.76555407108236,1,1
103,0.5710888878301595,0.48853690966247487,0.5298128987463172,0.0045014596289678546,-31.017975210116607,71.78500503786536,1,1
104,0.5801758097506282,0.487892653613556,0.5340342316820921,0.007796028484700485,-31.0811995402274,71.79787956687242,1,1
105,0.5804965930570455,0.4883031142574349,0.5343998536572402,0.00776302556180957,-31.03977333893719,71.78533291364317,1,1
106,0.5755081707367271,0.48371479899671305,0.52961148486672,0.007562521520681676,-31.067740861065342,71.79033920352073,1,1
107,0.5737378101063524,0.4865300094178367,0.5301339097620945,0.007567461524040883,-31.047636302338447,71.78680488916972,1,1
108,0.5712292568788814,0.4827744185132372,0.5270018376960592,0.009786359728901942,-30.86643022037313,71.75785972800833,1,1
109,0.566790526102536,0.4791154160235908,0.5229529710630634,0.0067385858032895435,-31.124930256982726,71.80662218275828,1,1
110,0.5562306721163585,0.47069495673773826,0.5134628144270483,0.005802352029998429,-30.899361478621863,71.76842038756726,1,1
111,0.5567935057122873,0.4728316361188035,0.5148125709155453,0.009232786063293922,-31.109324922669654,71.81037943447907,1,1
112,0.5772098207223231,0.48852586626842487,0.532867843495374,0.006227305278361656,-31.06275397064373,71.8077910227149,1,1
113,0.5572698371053021,0.46953803966168706,0.5134039383834945,0.006973553582829608,-30.70676955286401,71.73573484553668,1,1
114,0.5672941694561143,0.4775118964565559,0.5224030329563352,0.007620579952531355,-31.00760308266985,71.79094135596046,1,1
115,0.5641081253624782,0.4784928492888564,0.5213004873256673,0.005719177020847395,-30.916462257447503,71.77527034222337,1,1
116,0.56150134691733,0.4783665232170106,0.5199339350671703,0.005674694518094992,-31.039063652331766,71.79604758581756,1,1
117,0.5555113276680335,0.4694946567004214,0.5125029921842275,0.005983878644925525,-30.82180625289481,71.75775730424101,1,1
118,0.5617265590087398,0.4744907582102579,0.5181086586094988,0.006857150588097876,-30.732469150170687,71.7388784191838,1,1
119,0.5631142034959011,0.47576026347626926,0.5194372334860852,0.005893737612719343,-30.771118645807157,71.74873608336061,1,1
120,0.5564095105465792,0.47472408810599354,0.5155667993262864,0.008084138592677825,-31.14750929698433,71.82107505787948,1,1
121,0.5589697213883369,0.4737065179630816,0.5163381196757093,0.009500827304510764,-138.14236382510404,35.69951910330046,1,1
122,0.5578022447277647,0.46773966612271817,0.5127709554252414,0.009553299849193555,-136.94605007839257,34.91880075984738,1,1
123,0.5661087518115496,0.4742947623180137,0.5202017570647817,0.00980272218820723,-31.189167300498152,71.82679333376316,1,1
124,0.560521014812542,0.4730715993470992,0.5167963070798206,0.009440587923067949,-31.17322433163728,71.82598086704738,1,1
125,0.5668907965438832,0.4806894592116844,0.5237901278777838,0.009215803110352043,-31.02971377591195,71.68765582237336,1,1
126,0.5620485933137105,0.47486107396273036,0.5184548336382204,0.008624377148810586,-31.187655756831965,71.82901545559531,1,1
127,0.5613387566928533,0.4727819066079348,0.517060331650394,0.007556576866872149,-136.85666245180892,34.94798557098417,1,1
128,0.5591054381629411,0.4732419120468115,0.5161736751048763,0.01094236495399645,-137.05968252125038,35.04732332923102,1,1
129,0.5540787970576603,0.47006094215150895,0.5120698696045847,0.009474508771872866,-137.24722273838697,35.11187039762905,1,1
130,0.5566532875040562,0.4766445169349117,0.516648902219484,0.009092528238170514,-137.37394153823737,34.98106811679319,1,1
131,0.5551053698328734,0.4729584706465649,0.5140319202397191,0.0097528178283034,-31.061743610814407,71.69278062752673,1,1
132,0.5627140278097041,0.47569910138956034,0.5192065645996322,0.00885858674309661,-31.187419928282463,71.82278579717374,1,1
133,0.5607318944588708,0.475689808935997,0.518210851697434,0.01058384648922949,-30.865780128444385,71.76045652674598,1,1
134,0.5744121129216273,0.4833320628114334,0.5288720878665304,0.009863795969785412,-30.992661752896584,71.78600212266792,1,1
135,0.5609247595598319,0.47580733220763194,0.5183660458837319,0.010616023015423104,-31.113518527507935,71.80264000257871,1,1
136,0.5682631681799776,0.478986055240517,0.5236246117102473,0.008358693313085919,-30.932414656287484,71.76985195186643,1,1
137,0.5605564698969688,0.473945806219403,0.5172511380581859,0.008049276371515304,-30.993473622019934,71.78095776332906,1,1
138,0.5638069142432183,0.4750935766195545,0.5194502454313864,0.009797400064393603,-31.092472741080968,71.79875461620821,1,1
139,0.5636420294870067,0.4779685819514548,0.5208053057192308,0.01013186574879939,-31.0817761789602,71.79771529849108,1,1
140,0.56684575478907,0.4794185304168438,0.5231321426029569,0.009578765009090058,-30.979116230047953,71.66940190151067,1,1
141,0.566014394203334,0.47694477145089526,0.5214795828271146,0.009031639177548146,-30.991535310181998,71.67026880338675,1,1
142,0.5677175890078447,0.4789196989651662,0.5233186439865054,0.00907591648462698,-31.140834893063268,71.67030980423357,1,1
143,0.5658797039566527,0.47295087877504566,0.5194152913658492,0.00829104881329779,-31.096951967804163,71.80080777758256,1,1
144,0.5667765254680905,0.4778677428552841,0.5223221341616873,0.010310395636076577,-30.972727314421114,71.6651590712886,1,1
145,0.5475617311505004,0.4660799846443903,0.5068208578974454,0.007392485637408739,-31.100983278604218,71.80293906893942,1,1
146,0.5554871845490056,0.4689958731817093,0.5122415288653575,0.006436976937097589,-31.089919558085025,71.80565865044427,1,1
147,0.5611293954748656,0.4759222757300762,0.5185258356024709,0.00783943333596403,-31.08187874636661,71.80299556249754,1,1
148,0.5463225009544229,0.46819799193578565,0.5072602464451043,0.007067958962756391,-31.043005753185692,71.79421654569924,1,1
149,0.5497721624379032,0.47209355888228316,0.5109328606600931,0.005578833785623276,-31.005237260138696,71.78535671079437,1,1
150,0.5635225493158976,0.4739662479039982,0.5187443986099479,0.00998082617570952,-30.978157929298515,71.78742916980404,1,1
151,0.5595671054929345,0.4745566238039402,0.5170618646484374,0.01192132970715463,-31.10369999561974,71.80523609668437,1,1
152,0.5532350661395231,0.4697987788100603,0.5115169224747917,0.016061266463604208,-31.070602373472298,71.79973687039066,1,1
153,0.5482665933367411,0.4712829032417298,0.5097747482892354,0.028751062888154932,-30.97219109200823,71.78064661581669,1,1
154,0.5530376302358332,0.47448075087831393,0.5137591905570735,0.05969867385324499,-31.038245519905825,71.79101238908517,1,1
155,0.5575141111675546,0.47947465704233094,0.5184943841049428,0.08893439131908765,-31.04211688097847,71.79200738262145,1,1
156,0.56055167722293,0.4802768502206402,0.5204142637217851,0.13820579366956517,-31.03129961685213,71.78180796473102,1,1
157,0.549607297894806,0.49268073462231726,0.5211440162585617,0.19418182091845243,-30.375119189001612,71.64625851027536,1,1
158,0.5526267226795502,0.48944345296604397,0.5210350878227971,0.19624920694857426,-30.467389409676485,71.6717694593209,1,1
159,0.5534420511854671,0.4724004655212969,0.512921258353382,0.22029619496265618,-30.61239762082041,71.71080748342253,1,1
160,0.5470879764096676,0.4728387186583944,0.5099633475340309,0.2253258598258207,-30.02797728301153,71.60655203781303,1,1
161,0.5480963565408975,0.4742562129660402,0.5111762847534689,0.2535548035914147,-30.564374889060385,71.70534673017472,1,1
162,0.5502195746957401,0.47658927745197677,0.5134044260738584,0.27942463985931587,-30.500760878276665,71.6987455392082,1,1
163,0.5587551821398576,0.4717234485751684,0.515239315357513,0.2778556162505361,-30.055893525645242,71.50883868639231,1,1
164,0.5470774440799892,0.47761661969154184,0.5123470318857655,0.341086234419983,-28.898997932997325,71.2544803204523,1,1
165,0.5779752302072471,0.48916200013473987,0.5335686151709935,0.4210268328900837,-29.779711979340863,71.45867828072329,1,1
166,0.5702409890471002,0.49163291132196507,0.5309369501845327,0.5210155300049436,-30.23910346482191,71.65546500568506,1,1
167,0.5819027200039275,0.48827196270471007,0.5350873413543188,0.5707674104883207,-30.924105883768263,71.80361151372671,1,1
168,0.5633865486776142,0.4912951527019535,0.5273408506897839,0.5951697909710323,-30.832093218085827,71.78507192273425,1,1
169,0.5804201312599829,0.4875089859492668,0.5339645586046249,0.6352124408895785,-30.67541565903397,71.7394037594799,1,1
170,0.5389421975662152,0.46883729057695883,0.503889744071587,0.6642481652763778,-127.8725477108112,28.15623288957807,1,1
171,0.5674874547260528,0.48226892889264805,0.5248781918093504,0.712362638418575,-127.13377232684081,27.799637551722995,1,1
172,0.5744072286667493,0.4907921552367531,0.5325996919517513,0.7654889521842673,-30.80188482367589,71.77394994560728,2,1
173,0.5701859871607238,0.4930281814875605,0.5316070843241422,0.7843435020949102,-30.881074944203615,71.78909566986283,2,1
174,0.5689184826870652,0.4963722172351444,0.5326453499611048,0.7836384399898256,-126.3850623167849,27.50018148275343,2,1
175,0.5750310975070155,0.48850594472352327,0.5317685211152694,0.7608762974121264,-126.42410965196858,27.803267955117754,2,1
176,0.5575351749752407,0.4790418344429112,0.518288504709076,0.8233660704859754,-126.32506482247994,27.34940094571876,2,1
177,0.5564014131244109,0.47724450871845064,0.5168229609214308,0.8509710634922142,-126.13182710887335,27.09195012765001,2,1
178,0.5563188240420588,0.48224895078175306,0.5192838874119059,0.8821418402481328,-125.33149734119714,26.63034240280604,2,1
179,0.5447462534172585,0.47844552708652954,0.511595890251894,0.8816158725163413,-124.81567885439829,26.119989814532357,2,1
180,0.5454669714258665,0.4817592388405512,0.5136131051332089,0.8989538591066685,-124.81908238450067,25.847434218451397,2,1
181,0.5561825250172285,0.4949609845924528,0.5255717548048406,0.894953431233641,-125.10792842963905,26.279587149847742,2,1
182,0.5695042602726123,0.4926487805033264,0.5310765203879693,0.8931633260531092,-125.21229403155725,26.622550243292057,2,1
183,0.5610358414819699,0.49518327027815157,0.5281095558800608,0.8933031408824837,-124.82307968596403,26.265727200617746,2,1
184,0.5570403401241575,0.48361516806987986,0.5203277540970187,0.8835659959798423,-125.01107543713988,26.30813509196384,2,1
185,0.5485784015933972,0.4888780078054767,0.5187282046994369,0.8951124150409678,-125.02683141445478,26.378823269196133,2,1
186,0.5354833875549785,0.4787098262813581,0.5070966069181683,0.9358748130632197,-125.5781865547078,26.641093500628248,2,1
187,0.5280876367839394,0.4777869143747304,0.5029372755793349,0.9418587685940717,-125.32154556331803,26.37690694323558,2,1
188,0.5346504229190083,0.47893383834754716,0.5067921306332778,0.9405491948421905,-125.11770989601467,26.161827645946985,2,1
189,0.5410573563947361,0.47858784972074897,0.5098226030577425,0.9019884927474262,-125.18219195489405,26.09886917170471,2,1
190,0.5675232342679803,0.49761193957124655,0.5325675869196135,0.9110978112265042,-125.30278167326178,26.379502497467545,2,1
191,0.5715820393277182,0.4955471206844991,0.5335645800061086,0.902441404033458,-125.35865063275335,26.31149643286396,2,1
192,0.578610315947721,0.49863504838927086,0.538622682168496,0.8967014111728393,-125.2891150440414,26.24883452963904,2,1
193,0.561284337580992,0.47987657329152755,0.5205804554362599,0.9305739938644063,-125.5702332947461,26.622343984600224,2,1
194,0.5673284280314765,0.4925312631836221,0.5299298456075493,0.89844558664872,-126.6657280227724,27.716589419210056,2,1
195,0.5727002170743766,0.49410131314584244,0.5334007651101095,0.8980323008217032,-126.31574422837497,27.571954369943594,2,1
196,0.5701583735941991,0.49677832362489677,0.533468348609548,0.8865450357613122,-126.6498023548332,27.558108242554436,2,1
197,0.5752894529835825,0.49586057209186585,0.5355750125377241,0.8854512730646863,-127.29885128036209,27.466242286347814,2,1
198,0.5817002478705691,0.4984170065600316,0.5400586272153003,0.8476558994408045,-127.06878619016541,27.562837235332076,2,1
199,0.5792467613140865,0.5027931330759403,0.5410199471950135,0.839573554549432,-126.80799675048235,28.094740069101018,2,1
200,0.5799438679348933,0.5016637143538897,0.5408037911443915,0.8474317222326846,-33.54352610436422,71.82683771078275,2,1
201,0.5737015029985086,0.4928882248078087,0.5332948639031587,0.8494715461783595,-30.85435940134487,71.83920511116504,2,1
202,0.567604685523005,0.4927672533145002,0.5301859694187526,0.853334287814955,-127.24660432241426,27.683929487024887,2,1
203,0.5690512445198389,0.4928283841642509,0.530939814342045,0.8539729543023603,-127.8170250304734,26.386388373660274,2,1
204,0.57929912449504,0.4961776381302967,0.5377383813126684,0.8675169915027946,-32.01104905070277,71.85732980983894,2,1
205,0.5442074268611247,0.4677660399371607,0.5059867333991427,0.8880817616513942,-126.13704528352763,26.894922324170505,2,1
206,0.5454479849650764,0.47998131642025044,0.5127146506926634,0.9009662554479341,-126.83458943201292,26.443451116041295,2,1
207,0.5373018090905154,0.482837532334102,0.5100696707123087,0.8941836017807029,-127.0668699172808,27.141649768398896,2,1
208,0.5834210667302606,0.5016305914305824,0.5425258290804216,0.9071224729523693,-127.0249011833312,25.559902688973008,2,1
209,0.579383160513571,0.49481170059848667,0.5370974305560288,0.9216576472309181,-32.62680932213455,71.94537892883862,2,1
210,0.5687349766087776,0.4877326035112253,0.5282337900600015,0.9175531828442911,-127.48071630510826,24.498467493045833,2,1
211,0.5418958844053218,0.474843166076454,0.5083695252408879,0.9432209335621937,-126.24067237089766,24.956120666878576,2,1
212,0.569486000877284,0.4880730805474018,0.5287795407123429,0.9620076773859476,-126.02675361956348,24.83631386708548,2,1
213,0.5607508112018921,0.481027946709972,0.520889378955932,0.9442404878421485,-126.47057447552649,25.278430727670155,2,1
214,0.5688013219799742,0.4840439108131917,0.5264226163965829,1.0014116447932326,-125.8583729263175,23.984136543655623,2,1
215,0.567157046072852,0.48681233093198145,0.5269846885024168,0.9988753552248651,-125.73949553499189,24.186522706206066,2,1
216,0.5741933651251353,0.48736959591714385,0.5307814805211396,0.9852888490160674,-125.47709211716757,23.84138286435566,2,1
217,0.5520540422638542,0.461122401030492,0.5065882216471731,0.9580451795751852,-127.23590303840226,23.488574534655392,2,1
218,0.5603927841989483,0.46822728749583337,0.5143100358473909,0.9765969254746515,-126.59552204419128,22.864796381792438,2,1
219,0.5651864669176636,0.4746812109550246,0.5199338389363442,0.9683747497992367,-126.8338361564367,23.15626130494352,2,1
220,0.5388376992501581,0.46411015733730016,0.5014739282937292,1.002763143769619,-126.31874094243386,23.074072271427244,2,1
221,0.5284437610599831,0.46654690643163177,0.49749533374580746,0.9712591669018453,-148.24520778124068,43.068871603695776,2,1
222,0.5240996391805688,0.456542109309954,0.4903208742452614,0.9620484201413358,-127.7771634058759,22.450834205337422,2,1
223,0.5316903528186798,0.4600825789625989,0.49588646589063934,0.9426400547377063,-126.49208710271901,23.407430833557385,2,1
224,0.55555599467854,0.47064459474877984,0.5131002947136599,0.9459313334505746,-145.12195549560244,29.001907297470822,2,1
225,0.5183461691524858,0.44928972390667327,0.48381794652957955,0.9365124471066596,-126.81946391737718,23.326732939883883,2,1
226,0.5353324350790274,0.46268936247105896,0.4990108987750432,0.9323910956999857,-124.99312970248188,25.246425625806303,2,1
227,0.54452698258794,0.46542525381798583,0.5049761182029628,0.918912307265582,155.23075218265075,46.88676091199104,2,1
228,0.546803714306921,0.4589647754303741,0.5028842448686476,0.9305846960005586,-126.82688934507121,23.00519647263155,2,1
229,0.517048781704084,0.44135925580383834,0.4792040187539611,0.9173355174025893,-127.14627131579456,23.400645930139323,2,1
230,0.5269285877766777,0.445714214304589,0.48632140104063337,0.9327699028301096,-126.83808621020307,22.98643113817885,2,1
231,0.535231224717475,0.44900256288994145,0.4921168938037082,0.920368038884228,-126.50567853024427,21.79243749330929,2,1
232,0.5405578900763008,0.44908812795147235,0.4948230090138866,0.9380027454024287,-126.45278912046855,21.38746332162539,2,1
233,0.5440656737286652,0.4489961058307894,0.4965308897797273,0.908950831904678,-126.78103489206607,21.202936224511426,2,1
234,0.5067765872751461,0.4340399987749821,0.4704082930250641,0.8749671260247013,-127.34216184695565,21.716342810304067,2,1
235,0.5064791751024206,0.4324553646388813,0.4694672698706509,0.9063431038193415,-127.33400791910672,21.41094955908326,2,1
236,0.4953082361273195,0.4355414095674055,0.46542482284736253,0.861481746132522,-128.54504369244765,22.595240288783597,2,1
237,0.49440235899824164,0.43073378238240584,0.46256807069032374,0.852672338074183,-128.78980880719877,22.123054776598764,2,1
238,0.49540768649275696,0.4354332821413579,0.4654204843170574,0.8408550757680333,-129.24893756844813,22.571267695120007,2,1
239,0.49573973380153186,0.4282601496064429,0.4619999417039874,0.8398024712525075,-129.5974490614286,22.49012984174462,2,1
240,0.49546296859036765,0.4267123602651589,0.4610876644277633,0.835372187325412,-130.11953186573453,22.85799049553666,2,1
241,0.5021567030815158,0.42394485081992445,0.46305077695072017,0.8044820338414413,-128.29962857686436,21.09500085419545,2,1
242,0.5135309563339302,0.43016419453667426,0.4718475754353022,0.8085630354317143,-127.99978711223963,20.69750093635852,2,1
243,0.4911068776506301,0.42047062140319347,0.4557887495269118,0.7920474010665572,-129.39475112828447,21.42374544455833,2,1
244,0.4827961092353049,0.42080790464498186,0.4518020069401434,0.8001163834227544,-129.6402379053356,21.888669960291423,2,1
245,0.49329861687114823,0.4299779907836196,0.4616383038273839,0.7974581167235694,-129.34111391279072,21.439572384833767,2,1
246,0.4824374208285015,0.41765792310276406,0.4500476719656328,0.7876529123966624,-129.41176402704437,21.165717814202235,2,1
247,0.49615784813210206,0.4215351237548351,0.45884648594346855,0.7957112560321424,-129.21466027699563,20.883314374649544,2,1
248,0.4962533285159662,0.4269110567818923,0.46158219264892925,0.789961162828387,-130.2986124703288,22.240879183204246,2,1
249,0.5057465588945695,0.42825127406410457,0.46699891647933706,0.787519521679324,-130.47057036448047,22.16212866024499,2,1
250,0.513598911116823,0.4304121686228997,0.4720055398698614,0.7762609433593721,-129.72938868665412,21.245799450983938,2,1
251,0.5057760246266857,0.43223234558590623,0.46900418510629593,0.7698623330429313,-130.25616984911173,21.87754490071995,2,1
252,0.492727437093625,0.41795631408181116,0.4553418755877181,0.761557343365607,-129.54907008744604,21.13457441057177,2,1
253,0.4898236483732404,0.4140140244259885,0.45191883639961444,0.7709290042455228,-129.4092592398192,21.34348702288633,2,1
254,0.4851631345533465,0.40407790974041013,0.4446205221468783,0.7722297177517782,-129.4089801547884,21.45226337763122,2,1
255,0.4859670689759904,0.41288419124658576,0.4494256301112881,0.7718854173275134,-129.5824013469445,21.677197980087097,2,1
256,0.4880002058472238,0.41636058861083663,0.45218039722903025,0.7757097554886623,-129.38629358948955,21.380846551555248,2,1
257,0.4856667139099511,0.411522362498212,0.44859453820408157,0.7664933292637874,-129.66501257859534,21.60217078807154,2,1
258,0.48025308624402785,0.40966516683204957,0.4449591265380387,0.7612986758775551,-129.8799055947021,21.667729087436843,2,1
259,0.4838566903274438,0.413315238976479,0.4485859646519614,0.746010541492854,-130.08747411408802,21.57167153796383,1,1
260,0.4770891331132184,0.41739609453598375,0.44724261382460107,0.7506868969026675,-130.32851458320673,21.88194679273023,2,1
261,0.47340948248441156,0.41278846398402574,0.44309897323421865,0.7382704699841767,-130.4907101905281,22.175419128442133,1,1
262,0.4699085432678472,0.41403923440263113,0.44197388883523914,0.7366238066711778,-131.23308156193775,21.30982195167352,1,1
263,0.46668380129137443,0.4061216426272588,0.4364027219593166,0.748069884073037,-130.55596134674892,21.131444650048156,1,1
264,0.464992801364298,0.4027668944121205,0.4338798478882092,0.7464288165287124,-129.86829129269546,21.220368799547657,1,1
265,0.4734226351574652,0.4066168510323683,0.44001974309491676,0.7519638320932132,-130.38489518637016,20.284949914041913,2,1
266,0.4772398542880204,0.4043932155784039,0.44081653493321216,0.7523994584698959,-129.81277596083044,20.743024676274626,2,1
267,0.47993947813070553,0.4144411909927106,0.4471903345617081,0.7519924033077269,-129.60459864449342,21.346720931256378,2,1
268,0.4824178202413477,0.4181600529221295,0.45028893658173863,0.7381349891358383,-130.4592329859138,20.160795950393762,1,1
269,0.48404477394264406,0.4182155026491236,0.45113013829588383,0.7362002717030725,-130.44824242434802,20.819504372154377,1,1
270,0.4810382456143754,0.4154579002604972,0.4482480729374363,0.7379490893763019,-129.38965520451112,21.995056712391087,1,1
271,0.49178301293213933,0.41855068632577586,0.4551668496289576,0.7453068076777508,-129.60410738869376,22.367004046895005,1,1
272,0.4962376895512303,0.4228048883621891,0.45952128895670974,0.7514206969976717,-130.86096080791228,21.861217930444667,2,1
273,0.5010059025265099,0.41855159018102117,0.45977874635376553,0.7487953798479123,-131.46322365617115,21.491403655782996,1,1
274,0.5060866948615855,0.4222592661894376,0.4641729805255116,0.7433049079901101,-131.49731101464897,22.932372543403062,1,1
275,0.5084717447115576,0.42317762945398896,0.4658246870827733,0.7501821039153503,-132.1253792396508,21.42696329922793,2,1
276,0.510414017833578,0.41958742130668153,0.4650007195701298,0.7665569615260858,-129.59552829687652,23.326521216191043,2,1
277,0.4827911550920677,0.4006918612253753,0.4417415081587215,0.721009118018822,-131.7732743852128,22.203974468873607,1,1
278,0.49031446446130317,0.4125214413586094,0.4514179529099563,0.7364540602862031,-131.44464886240044,23.27277623233014,1,1
279,0.49318855131504685,0.41703996954723227,0.45511426043113956,0.7489299165950439,-131.08844328555284,22.95610860523338,1,1
280,0.4973576251393705,0.42765324119275544,0.46250543316606296,0.7239452519318503,-131.7938040053813,24.060398184610722,1,1
281,0.506192819313885,0.4306355701449864,0.4684141947294357,0.7287315070391596,-131.62561925813966,24.594539965996045,1,1
282,0.4998989033845459,0.42717902522233764,0.46353896430344177,0.7315745235816883,-132.09938771342965,25.031761489844094,1,1
283,0.5040783938282382,0.42751682260853247,0.46579760821838534,0.7443270578194779,-131.90448759397887,25.05645130262583,1,1
284,0.4994460901305496,0.4203299014183798,0.4598879957744647,0.7647719342434727,-131.3653878285465,24.451037636720955,2,1
285,0.4873828662540918,0.41056153576942866,0.4489722010117602,0.7728447674657208,-130.24100278189337,23.667342149446004,2,1
286,0.48721387658606846,0.40895966250399074,0.4480867695450296,0.7885556469872929,-130.10090826593776,23.594716437711334,2,1
287,0.4799542115254012,0.4098968236768767,0.44492551760113896,0.7981875601473661,-130.4538775641707,23.901895442135586,2,1
288,0.4925669840981954,0.4177837840464996,0.4551753840723475,0.8191552373830143,-129.99125725314565,23.407061817679683,2,1
289,0.46696728061041387,0.4055290280531669,0.43624815433179037,0.8305852623883061,-130.1421719125663,23.431236334663453,2,1
290,0.47073735674723577,0.3993857804959024,0.4350615686215691,0.8246063099161244,-130.62429880730946,23.81729172187118,2,1
291,0.4631048013885499,0.40710638486205103,0.4351055931253005,0.8406177324112467,-130.29471335718557,23.28901137138222,2,1
292,0.4686483744770633,0.4027838156735381,0.43571609507530074,0.8478080899734186,-131.04904580547506,24.252939566714996,2,1
293,0.4664868756003028,0.4030756807472952,0.43478127817379897,0.843415613116235,-130.875951761742,24.1959701918716,2,1
294,0.4612790566392642,0.40227110494028573,0.431775080789775,0.8343793384898914,-131.20117937492816,24.602290347747502,2,1
295,0.4671578056834331,0.4065571921561611,0.4368574989197971,0.82154204970497,-131.68351224517613,24.8079173716626,2,1
296,0.4605702651665716,0.4027824241147863,0.43167634464067894,0.8225390940231799,-131.71004759942713,24.638108483642064,2,1
297,0.4743249931216519,0.4046512655684781,0.439488129345065,0.8242512037158465,-131.60969215931644,24.747976745109973,2,1
298,0.48957124298437976,0.4149289537744589,0.4522500983794193,0.8116695494948045,-131.34624684030746,24.243868846295765,2,1
299,0.489649655263471,0.41457223177996533,0.45211094352171816,0.8114091278992763,-131.17226400042912,24.292713359475957,2,1
300,0.48955627206217206,0.4180653789764785,0.4538108255193253,0.8050611349190586,-131.47395112134507,24.498491679178443,2,1
301,0.5088643444801364,0.41324943615926535,0.4610568903197009,0.7747388785634903,-131.2814382925527,24.44359444496837,2,1
302,0.5078355777337072,0.4272732174425815,0.4675543975881444,0.7449688127507017,-131.35819587826396,24.405387768912508,1,1
303,0.49429965867188785,0.41677636510524085,0.45553801188856435,0.7527797461821831,-131.3837929952354,23.9940691139802,2,1
304,0.4855014827875358,0.4106973173573586,0.4480994000724472,0.7538346092693565,-131.6876931397349,24.31137313084507,2,1
305,0.5003199399937824,0.4192553075709353,0.4597876237823589,0.7519106651331225,-131.50351123563934,24.747536840724358,2,1
306,0.4903899632403914,0.41908521958565964,0.4547375914130255,0.7475931294253081,-131.83184525454558,24.384568548231233,1,1
307,0.5019461480207978,0.41811826362300303,0.4600322058219004,0.765514701930752,-131.4850790401046,24.91898411687986,2,1
308,0.5096538345405242,0.4199716946616187,0.46481276460107146,0.7739025489723902,-131.25292318699016,24.727972867065553,2,1
309,0.5043191011957172,0.41270485110956107,0.45851197615263917,0.7654745991647249,-131.3520402651675,24.701052492528618,2,1
310,0.5005066080675462,0.4110664763754309,0.45578654222148857,0.7510954563885975,-131.62828962160725,25.184298223029263,2,1
311,0.49897132008601286,0.40979843385173825,0.45438487696887553,0.7604937537953406,-131.8954325650157,24.713388543465193,2,1
312,0.505991501116948,0.4078190496614343,0.4569052753891911,0.7510251182168661,-131.0299958744567,23.409974504607614,2,1
313,0.4714410653862819,0.3880351185237713,0.4297380919550266,0.7455880581581188,-131.72187862492933,24.41775339994859,1,1
314,0.48283370232636114,0.3881277494520228,0.43548072588919196,0.7535187403179325,-131.75214204821867,24.492647721106618,2,1
315,0.5171092022940278,0.4125382816918468,0.4648237419929373,0.7914362712538974,-132.1666427911597,24.918058175264633,2,1
316,0.519686674988414,0.41711268646604216,0.4683996807272281,0.772236798273318,-132.29814687283485,24.907399898682915,2,1
317,0.49684990859429823,0.4009023483517679,0.44887612847303304,0.7514089869927428,-131.69313933299378,24.24323894151197,2,1
318,0.5080370128060467,0.40419000997571886,0.4561135113908828,0.7716843638410029,-132.05462386251082,24.76306911233978,2,1
319,0.5226516491397718,0.4184021813948064,0.47052691526728907,0.7636956637514483,-132.29150996397385,24.70970668441204,2,1
320,0.5097689411783325,0.4106211967059622,0.46019506894214735,0.7560747285162925,-132.64570947298938,25.21444509187827,2,1
321,0.5051842082542137,0.40688939544357167,0.4560368018488927,0.7519815027832498,-132.6344244853993,25.012076584217137,2,1
322,0.5215682330409991,0.41541246139472776,0.4684903472178634,0.7562596853419198,-132.49181634909786,24.922368268546073,2,1
323,0.5183831284495494,0.4140030282215622,0.4661930783355558,0.7512953595542702,-133.04818377556245,25.406247978844394,2,1
324,0.5021773008882603,0.4042568398956965,0.4532170703919784,0.7864438299895515,-131.91025459140957,24.41875484417145,2,1
325,0.496025727505438,0.4207063937501312,0.4583660606277846,0.8026438858031317,-132.12976627921006,24.677005131583527,2,1
326,0.4924969704966705,0.41096802691486567,0.4517324987057681,0.7979160525749699,-132.15100671668546,24.459046519708227,2,1
327,0.4853366114706132,0.4047565816380456,0.44504659655432943,0.7911671203710523,-131.83225040955028,24.569894824248887,2,1
328,0.4839133683003637,0.39969766434650605,0.4418055163234349,0.7976665003562131,-132.16043822794077,24.631756370702927,2,1
329,0.48712652009375385,0.4034800031715758,0.4453032616326648,0.7996427338527058,-132.25979604429043,24.711217195216165,2,1
330,0.48349783755789705,0.40263497346121996,0.4430664055095585,0.7886220579713515,-132.2129261546073,24.58216333622906,2,1
331,0.48735636593340387,0.406122443279128,0.44673940460626593,0.7793889085317077,-132.38768484106137,24.883070620341655,2,1
332,0.49102295905321725,0.40800149444619543,0.44951222674970637,0.7744898969962258,-132.2597370431467,24.886068482688966,2,1
333,0.49656994100380614,0.41073993633640926,0.4536549386701077,0.7815683320033292,-132.2480715676112,24.843854061274584,2,1
334,0.4912849107592911,0.40251262444889785,0.44689876760409447,0.7639154250642146,-132.67444483866018,25.333194632394687,2,1
335,0.49332485324648656,0.4039410938799553,0.44863297356322096,0.7547877012392504,-132.69964490578224,25.147203599911233,2,1
336,0.5048046183817129,0.41956034731353214,0.46218248284762253,0.7421698250424262,-133.28468746590767,25.62649784034985,1,1
337,0.502063024146363,0.41504297291876363,0.45855299853256326,0.7353516113466108,-133.00654120945504,25.938505099171838,1,1
338,0.5005584063360107,0.41334684184027076,0.45695262408814075,0.7147758333349397,-132.9442849709543,25.800713536184407,1,1
339,0.49687103219711615,0.40840545840781384,0.452638245302465,0.7170895153251683,-132.6854730247722,25.43458116137076,1,1
340,0.4995636644942964,0.41188619837393625,0.4557249314341163,0.7196798019795221,-132.55626389660196,25.08734649111006,1,1
341,0.508886192156136,0.4191031683084969,0.46399468023231644,0.7209427983287782,-132.60108168532028,25.300504526976074,1,1
342,0.5160301904062755,0.42972580266920507,0.4728779965377403,0.7162114109144995,-133.08026307148444,25.74502439389336,1,1
343,0.5153022452709098,0.42863911924043985,0.47197068225567484,0.7207106505738412,-133.02272613738018,25.790244927734317,1,1
344,0.508623683251838,0.4257241480967581,0.4671739156742981,0.7272779242368484,-132.8286351900463,25.76549459252021,1,1
345,0.5147836662306852,0.42961261173103815,0.47219813898086166,0.739054060743338,-132.55306705432946,25.24338557720861,1,1
346,0.5067784659893549,0.4260785850030451,0.4664285254962,0.7344152353123343,-132.34555321489995,25.26542012203485,1,1
347,0.5200232523992768,0.4301041472326236,0.4750636998159502,0.7375135432399266,-132.37425762346928,25.318709920002053,1,1
348,0.5051560646908019,0.4239825209564069,0.4645692928236044,0.7235497711104958,-132.73602896675348,25.431540879248384,1,1
349,0.46685274596572957,0.38353575175108084,0.4251942488584052,0.7514927003902162,-131.77135396803305,24.356257180237872,2,1
350,0.4730395723831859,0.387720903280476,0.43038023783183094,0.7599077377798116,-131.62750523039622,24.50916679336878,2,1
351,0.48109863256971985,0.3945551374688479,0.4378268850192839,0.7625332546776713,-131.75235533692484,24.651783869213833,2,1
352,0.48578913705367943,0.38905445703752384,0.43742179704560163,0.7556404905024492,-131.35516810462147,24.143014221057513,2,1
353,0.47449083976840767,0.4013498962363282,0.43792036800236794,0.7312283783557376,-131.40355534286263,24.204584412913533,1,1
354,0.48387434063241525,0.4044235174771963,0.44414892905480574,0.6848375599089065,-132.6559528116147,25.357602034684987,1,1
355,0.4837092815728257,0.40909639481457327,0.4464028381936995,0.6803770892539565,-132.5368452355341,25.266995772336582,1,1
356,0.47985697075317413,0.40164519498485524,0.44075108286901465,0.6617674497730923,-133.15210516797376,25.45507001828251,1,1
357,0.46261361610707985,0.39664528920352804,0.42962945265530395,0.6155889163707883,-134.11335496925525,26.47690335358384,1,1
358,0.4765308872933901,0.4016869230773628,0.4391089051853765,0.5922666192736605,-134.59571101496823,27.249292757503017,1,1
359,0.4816707480669229,0.40510621679823494,0.4433884824325789,0.5429389380635774,134.22821975379006,41.38613602486798,1,1
360,0.5076745239148939,0.41835517023339797,0.4630148470741459,0.5071674663697947,-137.16916942428455,33.458478479531855,1,1
361,0.5020484297942096,0.4277397638615659,0.46489409682788774,0.47569539928799637,-134.76154812433234,28.399286856583373,1,1
362,0.4905324723879584,0.42050094226568313,0.45551670732682076,0.4435388241437718,-135.96786249275902,28.269730850028402,1,1
363,0.5048787012001673,0.43199879440015787,0.4684387478001626,0.4146881121773295,-136.39945804099526,27.96625942061535,1,1
364,0.5109736075759862,0.4334222169167883,0.47219791224638724,0.37798047104151555,-136.6748581788169,28.855937277636194,1,1
365,0.5083553419292445,0.43153954670411643,0.46994744431668045,0.37668982232433446,-135.15821893442552,31.057505998504645,1,1
366,0.5107012796438171,0.43253777733842536,0.4716195284911212,0.34213681035638077,-136.29610596988215,31.396376904866898,1,1
367,0.4944730185405794,0.4283607480206865,0.46141688328063296,0.3157964827156589,-137.06099210524607,31.94692996736025,1,1
368,0.4923851634456656,0.42740609041650296,0.45989562693108427,0.2986049368712324,-137.82400487785785,30.444725787190187,1,1
369,0.4848472353562719,0.425280025382883,0.4550636303695774,0.27899856328605643,-135.80523978686028,31.841090147487247,1,1
370,0.4785293579746372,0.4239055107607526,0.4512174343676949,0.2643072996510708,-135.42684413553394,32.15555617424625,1,1
371,0.4990703846754917,0.4328794750985193,0.4659749298870055,0.26587557072252344,-137.11103293819488,32.61809381125487,1,1
372,0.49705987088654935,0.4273149403460994,0.4621874056163244,0.2611459779074336,-137.51551078630933,33.07486133687377,1,1
373,0.48020247678477557,0.4110188745161944,0.44561067565048496,0.23794502147290433,-137.87074431923764,34.921764309759475,1,1
374,0.4827352545387659,0.41630280853510027,0.44951903153693307,0.24366378043073944,-31.110954918160875,72.24054620024938,1,1
375,0.4848994129314554,0.4190279675235195,0.45196369022748745,0.24487536929962422,-31.163786891105946,72.24432743159733,1,1
376,0.48611044839480894,0.4261178702596669,0.4561141593272379,0.22657809322994066,-140.25442377038723,36.77831870532537,1,1
377,0.4947799211601842,0.4320347208177274,0.4634073209889558,0.2174640794483745,-31.02353253585105,72.21451771857802,1,1
378,0.49945889066843163,0.4332534431755089,0.46635616692197024,0.1847137727333117,-31.397102798524198,72.27877520892186,1,1
379,0.4939479984829465,0.43698867869377106,0.4654683385883588,0.18859614966382257,-140.9677858279096,37.80068672403945,1,1
380,0.5002600349959008,0.4400211075221964,0.4701405712590486,0.1857812367419154,-142.24236346394363,38.298268619308736,1,1
381,0.4954254020191505,0.44137312879851337,0.4683992654088319,0.20125985477844469,-31.367610397026564,72.26065107804963,1,1
382,0.49375336750715487,0.44000153123395913,0.466877449370557,0.20642155514558716,-30.889631253236708,72.01025210991574,1,1
383,0.49492496053514745,0.4414939199653492,0.46820944025024835,0.19329859056980353,-31.21341942353177,72.22813211794119,1,1
384,0.4976371439806547,0.4416841404578976,0.46966064221927617,0.20683272642122852,-31.24071930101923,72.2207170829324,1,1
385,0.5106283176178091,0.4594377744690434,0.48503304604342623,0.20655551281498571,-31.17927777352077,72.20773970753329,1,1
386,0.49716732204747643,0.4485111567677042,0.4728392394075903,0.20002569075497773,-142.7964549331849,38.8092441919797,1,1
387,0.482408037409687,0.4394800523221952,0.4609440448659411,0.1655967961903208,-142.3980210172838,38.64023791838469,1,1
388,0.4782929551407819,0.4344375932745609,0.45636527420767137,0.16483467903874174,-30.986752130346783,72.15433790705761,1,1
389,0.4831933322437191,0.43851253302018617,0.4608529326319526,0.17068114190073014,-30.95708531696612,72.143573732252,1,1
390,0.4839065004703105,0.43162085123461114,0.4577636758524608,0.16816569577246518,-31.112190933944998,72.16995992480304,1,1
391,0.4850886549203327,0.4350001306259227,0.4600443927731277,0.15885152742417238,-31.34880864696424,72.20220301628602,1,1
392,0.48450564376948996,0.4330929549291005,0.4587992993492952,0.1395002346102011,-31.35850548793761,72.19099993670305,1,1
393,0.5153553898304539,0.44709693558372954,0.48122616270709173,0.1401713125576198,-26.893341927338888,71.35986579234738,1,1
394,0.5281933942035789,0.4519496207403073,0.4900715074719431,0.12630675052492504,-31.285413041257023,72.16241702009698,1,1
395,0.5215184176472972,0.44993561258237114,0.4857270151148342,0.12324638523739331,-154.91220075473848,45.98206991982612,1,1
396,0.5274377370393689,0.4549021677847703,0.4911699524120696,0.09725633638408204,-31.11701684289001,72.11013225963438,1,1
397,0.5047236791489775,0.4289788214146574,0.46685125028181745,0.03283965222610513,-30.49820008850941,71.97438040891657,1,1
398,0.5151542936202855,0.4377321661452639,0.4764432298827747,0.01106594232609858,-30.974735852535133,72.06238046619859,1,1
399,0.5114928971676056,0.4385576067031241,0.4750252519353648,0.0077473736561650495,-31.265775536464762,72.11348945203788,1,1
400,0.49563771701328835,0.43466628977932276,0.4651520033963056,0.006533534936278109,-31.03256597141254,72.05883146676858,1,1
401,0.510653314554655,0.43702997429241613,0.4738416444235356,0.008586400577410806,-31.233393775729382,72.09154883047357,1,1
402,0.5111915795030954,0.44007851675648246,0.4756350481297889,0.010299801019532534,-31.567081599283636,72.14192327545375,1,1
403,0.4956598721942319,0.4308678334449114,0.46326385281957166,0.00977970832526506,-31.284165441888863,72.08345452046804,1,1
404,0.4981191112338685,0.4323957505855972,0.4652574309097328,0.008893645880869987,-31.26413386727725,72.07154210302154,1,1
405,0.503780841822242,0.43106838238825845,0.4674246121052502,0.007032407898505029,-31.138324050711304,72.03360150051849,1,1
406,0.5002810848401513,0.43519955901661617,0.4677403219283838,0.0082476026274282,-30.706759533118902,71.83908200759255,1,1
407,0.500229355611407,0.4383262056839689,0.469277780647688,0.008913788531734992,-30.398712375307756,71.90643342748997,1,1
408,0.49929939534408496,0.43458194925138915,0.46694067229773706,0.006428738697402787,-26.969070657913345,71.45208719356464,1,1
409,0.5008902818473548,0.4269085151472887,0.46389939849732176,0.007795797750803371,-31.157666429839082,72.01614385436471,1,1
410,0.5028232568484727,0.43079519911976477,0.4668092279841187,0.008193226656165026,-31.14818611893244,72.00679549751814,1,1
411,0.5021116353161104,0.42657764246552554,0.46434463889081795,0.007823003546092581,-31.270547947346042,72.02099763330143,1,1
412,0.5136615431542156,0.43555757070333445,0.47460955692877504,0.005863473940167694,-31.12944076135105,71.98655790064191,1,1
413,0.514047119725161,0.4359712864725941,0.47500920309887756,0.008020849814115208,-31.13153570529821,71.9816021211559,1,1
414,0.4944640437440013,0.42877935506556947,0.46162169940478537,0.01021106226823087,-135.77121504771324,33.83941269175684,1,1
415,0.4989489987000788,0.4337486577798156,0.46634882823994717,0.009556842793340464,-136.43933319669492,33.99127752011573,1,1
416,0.5012881550265313,0.43165711187072253,0.46647263344862694,0.014233027170232582,-137.90703560961222,32.20849177178986,1,1
417,0.5080908133454463,0.4355945118716696,0.4718426626085579,0.01246347129609484,-137.83474835683845,35.026609581869934,1,1
418,0.48456545004855595,0.40489874252210106,0.4447320962853285,0.01050398728616644,-138.35050490345515,32.15535076358046,1,1
419,0.21552950568228402,0.10946614137345957,0.1624978235278718,0.007910142417704272,-30.932275598712376,71.89701644049018,0,1
420,0.11201868214205958,0.020174024509482434,0.066096353325771,0.01036042258526135,-146.04900144383495,41.17684138310869,0,1
421,0.07329999081310945,0.01146050402107285,0.04238024741709115,0.013120313686156375,-147.6783815708033,42.60961574054428,0,1
422,0.06440790126125562,0.01729526565906036,0.04085158346015799,0.010668709851574884,-147.54397577414355,42.11931012419407,0,1
423,0.06859284126219987,0.022108233463897484,0.04535053736304868,0.010286848488620874,-146.4843067999363,41.22022018765447,0,1
424,0.10038587252400853,0.03108351291973459,0.06573469272187156,0.008121245541823533,-145.60797103862544,41.125352074116826,0,1
425,0.1173759340623045,0.04566132359562899,0.08151862882896674,0.007002368849231725,-144.76768738507764,39.970293385321035,0,1
426,0.24411877712427635,0.1527055679245123,0.1984121725243943,0.008113944691647123,-140.98113131809225,36.93075214234593,0,1
427,0.35855556193599586,0.3101542532396231,0.3343549075878095,0.012506753460390855,-143.657391607964,35.95606534215894,1,1
428,0.39130317678525334,0.34290895475955985,0.36710606577240656,0.013653528519033061,-144.06002218674186,36.37795058289876,1,1
429,0.43054919863085733,0.3756231770668887,0.403086187848873,0.014348523356122665,-141.43710305338857,35.56811738721253,1,1
430,0.4570790275935422,0.3930287902748901,0.42505390893421613,0.02032790383937029,-140.42595470463183,35.10724639014731,1,1
431,0.47860659188809723,0.4104157069118478,0.4445111493999725,0.015999585040136276,-143.08289482810437,36.37986541372306,1,1
432,0.48102930707819286,0.4141804686045371,0.447604887841365,0.011152240096549625,-142.4406878729099,36.82630376439268,1,1
433,0.4636091682615715,0.40259944499093286,0.4331043066262522,0.012939874735055071,-141.57257123235462,36.965098634050605,1,1
434,0.46692900024981904,0.4060385105917289,0.436483755420774,0.010237457493974084,-141.6573127014525,37.14137858061783,1,1
435,0.47194719930423124,0.40875145010764774,0.44034932470593946,0.012935401819500269,-142.052917794358,37.54302548972232,1,1
436,0.470883039257229,0.4061011660506717,0.43849210265395033,0.011586703399702717,-142.0057245933467,37.396075509380104,1,1
437,0.47890465884965694,0.40995781161076766,0.44443123523021233,0.014185427202741973,-142.1791573303628,37.698227831094236,1,1
438,0.4713885622827539,0.4068008292541165,0.4390946957684352,0.03288361401210362,-143.98498520098306,38.63657043669479,1,1
439,0.4796222961296568,0.41582231409165166,0.44772230511065425,0.04742583245503357,-142.4469492270536,37.78375578225552,1,1
440,0.47618623383602005,0.41327703892656154,0.44473163638129076,0.06755024525506413,-142.0852308221038,37.81482594746571,1,1
441,0.480381394752783,0.41029956819563235,0.4453404814742077,0.08645496256307532,-144.75463391722715,36.706412054388444,1,1
442,0.4806899019390674,0.40813672819068475,0.4444133150648761,0.1071886899718921,-142.78897661266575,36.22638698163694,1,1
443,0.48197384494778,0.4075255853676492,0.4447497151577146,0.14228160625798844,-144.9148006296869,37.336890512375064,1,1
444,0.46943458899051954,0.403174312595782,0.4363044507931508,0.16202803067295735,-142.62075321332827,36.31228691567298,1,1
445,0.4548557908081478,0.3907595230229835,0.42280765691556565,0.16646665674166555,-146.80656267789539,37.52072053842697,1,1
446,0.4573720871213623,0.39298247454440927,0.42517728083288575,0.17614737608903622,176.28961583274798,47.62162891404847,1,1
447,0.477420101532184,0.4090425926753599,0.443231347103772,0.18493529113801063,-141.96737628968046,37.12626362099796,1,1
448,0.4852720627009906,0.4116119241022702,0.4484419934016304,0.1732243775539577,-145.24787772700338,40.3675418930282,1,1
449,0.49398601298943834,0.4209316986499374,0.45745885581968787,0.17785555544437018,-141.56515730850737,36.75497770650749,1,1
450,0.49719685535677816,0.42315485336276565,0.46017585435977193,0.17718038059092808,-141.34119488897343,35.695875052951195,1,1
451,0.4956508972448968,0.41969535913675193,0.4576731281908244,0.1757504377288196,-139.08170714396744,36.27905044085843,1,1
452,0.4936914719384136,0.41643518354123765,0.4550633277398256,0.1803220363954129,-141.3637786746127,35.34933369735751,1,1
453,0.5019224300262725,0.42850060310829136,0.4652115165672819,0.1862048846305785,-141.3867288749363,36.832757652384956,1,1
454,0.5076117924885266,0.43569594577143755,0.4716538691299821,0.18109966410915937,-141.2992634357861,36.3626939983542,1,1
455,0.5089797390741161,0.4320894007763957,0.4705345699252559,0.18971843356099818,-140.9160906629816,36.64754135760455,1,1
456,0.49357774506994245,0.4176609077457971,0.4556193264078698,0.17067858046922849,-140.30888227055289,36.11812759866705,1,1
457,0.48250128701508405,0.40689635360898535,0.44469882031203467,0.11235987964307824,-138.41320680000433,35.57349118632056,1,1
458,0.4766282490196348,0.40771406774917135,0.4421711583844031,0.1108414310487682,-137.35244033311702,33.668428762950384,1,1
459,0.48184236852210227,0.4085286037087077,0.445185486115405,0.140204742638443,-138.55822241066548,36.172724431795714,1,1
460,0.48186659133725623,0.4093932319309233,0.44562991163408977,0.14867992601162414,-138.92279930298582,35.806518591434255,1,1
461,0.4934653769776064,0.4169569990811886,0.45521118802939753,0.1307433798006896,-30.881860056771764,71.97364167231908,1,1
462,0.4912127901920271,0.4195173477941884,0.4553650689931078,0.06137482794328181,-29.10413151472473,71.42811008476848,1,1
463,0.50885506632582,0.4294038066624714,0.46912943649414574,0.02118585473454354,-30.648667128986542,71.90293905990372,1,1
464,0.489965947363834,0.4209318770450119,0.45544891220442296,0.01623055420924959,-30.40142280702183,71.8406628604149,1,1
465,0.510429037501789,0.4313958398865008,0.4709124386941449,0.014324095511404615,-31.008990503154433,71.96861466803779,1,1
466,0.4898988522604473,0.4255379649172924,0.45771840858886986,0.015173427578523913,-30.885415637337925,71.93420332377937,1,1
467,0.5028344897736864,0.4350479083651482,0.4689411990694173,0.01082724309855652,-30.96202103616294,71.94946165204628,1,1
468,0.5000876838189706,0.4367571425974327,0.46842241320820166,0.008695538222825733,-30.949012111321228,71.9425526095361,1,1
469,0.48780744179397323,0.42183354879428975,0.4548204952941315,0.0074439403734329265,-30.005971836140056,71.76386478439379,1,1
470,0.49240274879724577,0.4311216327475787,0.4617621907724122,0.008249013439089351,-27.07574658075221,71.22568449017153,1,1
471,0.4963187358853971,0.43402859066698074,0.4651736632761889,0.0066759565797330665,-29.91429621425627,71.73434478794462,1,1
472,0.5067390955390593,0.4384176431957506,0.47257836936740494,0.006747072627749214,-30.521283609178713,71.84704799878733,1,1
473,0.5024925867993616,0.43360590517516945,0.4680492459872655,0.006036577650089787,-30.56866244699365,71.86056351317119,1,1
474,0.49212072222719594,0.42970016223028323,0.46091044222873956,0.006204910826304585,-30.278698190081197,71.79408195488561,1,1
475,0.4960754973870695,0.4319117212055049,0.4639936092962872,0.006277326840469708,-30.30642344506351,71.80049523420061,1,1
476,0.4855103692921479,0.4260148974263866,0.45576263335926726,0.006730931750383804,-30.378915332607857,71.81585220697683,1,1
477,0.48965042435090317,0.4300192431689592,0.45983483375993117,0.00673427721767858,-30.709662073389744,71.88762688317111,1,1
478,0.49155317050943803,0.4315366292413432,0.4615448998753906,0.00663458487150181,-30.621364595402504,71.73463463972111,1,1
479,0.4932128552020093,0.43166844632168033,0.4624406507618448,0.004816632026762005,-29.413223958007567,71.56898408121242,1,1
480,0.4817655532917611,0.4234733166668475,0.4526194349793043,0.004894496577972977,-28.947667573605084,71.34115783494155,1,1
481,0.4886989026695872,0.4314264255663085,0.46006266411794783,0.009560719401178069,-30.848496162673932,71.91545878825879,1,1
482,0.4923005958364703,0.43399559323050546,0.4631480945334879,0.00888868170316784,-30.896925310610122,71.92946628059711,1,1
483,0.4945397161643045,0.42998089117640753,0.462260303670356,0.00862919274634277,-30.8649045396463,71.92266615428635,1,1
484,0.49753998011763156,0.43962717534210627,0.4685835777298689,0.008473826665133685,-31.014931075146418,71.95399765116535,1,1
485,0.48421761011334835,0.4240405547731802,0.4541290824432643,0.008963417556802945,-30.587618223131855,71.85236932571567,1,1
486,0.4754820108305158,0.4205353687576424,0.4480086897940791,0.00890256399542157,-30.859717671692056,71.90228622987512,1,1
487,0.4755664087764139,0.42359323447160596,0.4495798216240099,0.007661927101897618,-30.44166615187297,71.81028221162539,1,1
488,0.4680008850423534,0.42140537135318146,0.4447031281977674,0.006274201331539515,-30.471641176380363,71.83935200201478,1,1
489,0.4827060157108708,0.4273515289419426,0.4550287723264067,0.006645368806998281,-30.01661852438616,71.73202141085959,1,1
490,0.4629171482077219,0.41936915046691475,0.44114314933731835,0.008055002873473067,-28.721967067618625,71.29969901147126,1,1
491,0.47145659627613834,0.41974262233735005,0.4455996093067442,0.008459785343503499,-30.322400770198154,71.79434330285385,1,1
492,0.4670352235813564,0.41387454587694966,0.44045488472915306,0.010739669969263937,-30.92701535125801,71.89094228848224,1,1
493,0.4584772590231067,0.4003523564621013,0.429414807742604,0.009148142048435675,-30.99057555438453,71.90328759484164,1,1
494,0.4589844264739568,0.4057527360128787,0.43236858124341776,0.009871232924653747,-30.884764636096346,71.87901370952059,1,1
495,0.47002494206662343,0.4133020269335141,0.44166348450006876,0.008384440218099396,-31.021913458002437,71.90983683166017,1,1
496,0.47586962661430354,0.41715609711089024,0.44651286186259687,0.007754128266912183,-30.99183695452175,71.90422878797682,1,1
497,0.47758322317487334,0.4135299804054954,0.44555660179018436,0.00877009883359612,-30.932650814595032,71.89244906595667,1,1
498,0.48531807897913,0.41775556070196085,0.4515368198405454,0.009265372554573666,-30.950546961861495,71.89857031753658,1,1
499,0.48029610932254035,0.4216249107761143,0.45096051004932736,0.008426867364269432,-31.01858114165822,71.91300485767825,1,1
500,0.47710201578943257,0.4178259760993973,0.44746399594441494,0.007543684005846208,-30.952173848220355,71.89751430725805,1,1
501,0.467920400078025,0.413295733028748,0.44060806655338647,0.008502315029088471,-30.892666935374862,71.88281885154377,1,1
502,0.47537934405588206,0.4182384502234346,0.4468088971396583,0.00946497409010903,-30.99025800957211,71.90300032652131,1,1
503,0.4741084007257667,0.41651599741483347,0.44531219907030006,0.009788916723348024,-27.196268582649317,71.21828946073789,1,1
504,0.4713739655874836,0.41799529170719135,0.4446846286473375,0.012325743943454618,-30.975098573322818,71.90297552398847,1,1
505,0.47859179153362236,0.4154771460436655,0.44703446878864395,0.008147266907517173,-136.91661973990745,36.41093737708891,1,1
506,0.47902954928158226,0.4143988727329776,0.4467142110072799,0.007466166030317219,-137.04804506934894,36.57461119821034,1,1
507,0.4767807069349047,0.4120647846288412,0.44442274578187296,0.008177452997049185,-138.89361530617165,37.19574758168889,1,1
508,0.48517318581074353,0.4121154360393297,0.44864431092503665,0.0066951077017736735,-139.14195710157503,37.27446289651116,1,1
509,0.49378051642431403,0.41946808888299086,0.45662430265365245,0.0073509834376462215,-30.72246702376629,71.84461019741421,1,1
510,0.5052136568755283,0.42719111913256125,0.4662023880040448,0.0074192696629735945,-30.712404451221374,71.83704773947476,1,1
511,0.4949545980176338,0.4258244986283605,0.46038954832299717,0.007745124455990408,-30.719210009965895,71.84147946179262,1,1
512,0.5052561177038023,0.43590008648698364,0.47057810209539297,0.008547132027127296,-30.720410415920828,71.82642617987835,1,1
513,0.5021833560300492,0.43074508171390047,0.4664642188719748,0.008398450067860386,-30.80265316580531,71.83697052618304,1,1
514,0.5047342096182982,0.4355550269473978,0.470144618282848,0.009331074384631597,-30.851423474772826,71.84614046755114,1,1
515,0.49929736463149704,0.43829718194404743,0.4687972732877722,0.010624878460375303,-30.870200062076275,71.8432939208175,1,1
516,0.4996765304204198,0.437521694296109,0.4685991123582644,0.011131444566687727,-30.726007416209445,71.8079848496733,1,1
517,0.48386046867430926,0.4136681175797235,0.4487642931270164,0.009658111478539516,-137.3248895663789,35.98610691128272,1,1
518,0.4896040201151835,0.4183761367691807,0.4539900784421821,0.007518324962376727,-137.13458190081064,35.735828071537384,1,1
519,0.4913381873675698,0.41394204821301234,0.45264011779029106,0.006144754063696171,-30.686547290213493,71.80366597450426,1,1
520,0.492982616225339,0.41618796627110466,0.45458529124822183,0.00549027320879687,-30.7317739081749,71.81244124485973,1,1
521,0.4933083550517523,0.42304142845872106,0.4581748917552367,0.006229148515027035,-30.752456827084238,71.82014614061123,1,1
522,0.5032197396351056,0.43034642296287834,0.46678308129899193,0.010255084483032058,-30.921444678311982,71.84838184230789,1,1
523,0.5001903990771598,0.4225592368875692,0.46137481798236446,0.009528319019630927,-30.138244923375694,71.69191760283539,1,1
524,0.49285487732945577,0.42248021083538306,0.4576675440824194,0.014642302704129695,-30.258297087806117,71.7169471448714,1,1
525,0.5003579883165669,0.42970354808318484,0.4650307681998759,0.12550787253659593,-29.023366267191417,71.25550585252087,1,1
526,0.500792172397923,0.4289575969929467,0.4648748846954348,0.07508748450556835,-29.441668436019825,71.47123975194009,1,1
527,0.5152090261773827,0.44812725737223236,0.48166814177480755,0.21030106107797955,-30.795388481838017,71.81419179194359,1,1
528,0.5192629735774019,0.4409784214466662,0.48012069751203407,0.2787609011669601,-30.828003852342373,71.81800798507375,1,1
529,0.5012412796292708,0.43188363369901217,0.4665624566641415,0.30726274554663785,-131.57795308164785,32.50050505956575,1,1
530,0.5074546288144773,0.43896161383154786,0.4732081213230126,0.31069710741840423,-131.9544946250431,32.293983344618866,1,1
531,0.5175114872274464,0.44389441914357436,0.4807029531855104,0.32844050899713956,-30.757297227246415,71.81993711981636,1,1
532,0.500762209505694,0.43704145153950796,0.4689018305226009,0.30748499276898555,-30.786849593358347,71.83725257902421,1,1
533,0.5055288127561461,0.4472300902565086,0.4763794515063274,0.2935332043124136,-30.789830286724335,71.84507878267915,1,1
534,0.4880105937307899,0.42958668386645066,0.45879863879862026,0.2777458646892348,-30.905769263875246,71.87208152513239,1,1
535,0.5037004065609416,0.44030429627739814,0.4720023514191699,0.2883780171425211,-30.887950464879125,71.87808696728726,1,1
536,0.504823564988975,0.4457152783319907,0.4752694216604828,0.3012441952639587,-29.590274352176337,71.51428716137261,1,1
537,0.519247168351359,0.462316850012724,0.4907820091820415,0.3119465640985098,-29.489316492789655,71.49631948349153,1,1
538,0.5002704569391369,0.44617709101676867,0.4732237739779528,0.34380017912477695,-29.75009320462666,71.79266064567481,1,1
539,0.5052759345210645,0.4491075119530117,0.47719172323703807,0.3597725784340727,-29.804248343881,71.80039744338633,1,1
540,0.5025826622314217,0.44856495682030095,0.4755738095258613,0.38683191220098034,-30.86507906922774,71.88190440007918,1,1
541,0.5270750222714803,0.4693903409893619,0.4982326816304211,0.3758239622679743,-30.90875854268973,71.89745472400763,1,1
542,0.5331277061277494,0.4829843532860216,0.5080560297068855,0.43732998602499606,-30.822070799231785,71.88952756706607,1,1
543,0.5331821577684834,0.47740827464782404,0.5052952162081538,0.49950227702354766,-29.205215920020937,71.46621900677106,1,1
544,0.5505745149406869,0.48126417105918406,0.5159193429999355,0.5682453755658871,-26.662009798552948,71.0233368403655,1,1
545,0.5402531220707993,0.4790385474407476,0.5096458347557735,0.6221560881815634,-127.63408376027527,31.878360811901103,1,1
546,0.5336820994801594,0.472380844430091,0.5030314719551252,0.653953685325627,-126.28469013780253,31.730897492771476,1,1
547,0.528850054693949,0.47935601888603663,0.5041030367899928,0.6536555433933432,-139.52176491782058,32.470465974915854,1,1
548,0.5450767198024681,0.49108049398039205,0.51807860689143,0.6405987170520842,-28.197802992626603,71.45144574843093,1,1
549,0.5454707413180631,0.48312170027067985,0.5142962207943714,0.6922192597288755,-127.15700241896182,29.216034785606283,1,1
550,0.5597977132879638,0.48750037231360055,0.5236490428007822,0.7463574069168805,-126.6011544826421,28.22550708729771,1,1
551,0.5325140779888753,0.4733281263883334,0.5029211021886043,0.7679207399117264,-125.95712964436457,27.512984788479315,2,1
552,0.5209336979461197,0.4695406793875217,0.49523718866682065,0.7734729237324552,-126.56341997119041,28.016827408853946,2,1
553,0.5508908502691391,0.4751683904508791,0.5130296203600091,0.8466348339170408,-124.70428994231372,26.586485665350338,2,1
554,0.5557439794533183,0.48449974572680415,0.5201218625900612,0.8560368743738322,-31.891446659226688,71.74148119237972,2,1
555,0.5440825803445579,0.47661938598667924,0.5103509831656186,0.9226797650039051,-124.37895633613203,26.36099641189132,2,1
556,0.5599030750654194,0.48813645488492313,0.5240197649751712,0.9184347564514915,-32.16615438960046,71.81758377005691,2,1
557,0.5687175906245598,0.4883952507747425,0.5285564206996511,0.954139403181201,-124.23023516297546,25.8965475615276,2,1
558,0.5607489082351637,0.4835999104408527,0.5221744093380082,0.9809703442965083,-124.2762044438709,25.745733699405253,2,1
559,0.5736937622449961,0.48795237961013904,0.5308230709275676,0.9546180321994705,-123.85868417284556,26.658502906237636,2,1
560,0.5618257099178712,0.48290372279819044,0.5223647163580308,0.9734746929049695,-124.8603584329519,26.133502572526865,2,1
561,0.560702406769397,0.48155384435164983,0.5211281255605233,0.95599374413518,-124.27457835513088,26.43790892049204,2,1
562,0.5533955472002732,0.4819367634650764,0.5176661553326748,0.9547542960085496,-124.47149551236734,26.645791885814315,2,1
563,0.5507449421384005,0.47635084546073014,0.5135478937995653,0.9524502736039235,-125.1477986483284,27.4412687384041,2,1
564,0.5525238097433153,0.48064065556154184,0.5165822326524285,0.9766051580127778,-125.72348658551564,26.468389442879346,2,1
565,0.548402377613642,0.4603317411566825,0.5043670593851622,1.0014512570285836,-125.5162163911494,26.202579449949337,2,1
566,0.5527030145444317,0.4688443759563209,0.5107736952503763,0.9921368680728366,-126.38653320523828,27.05031546113496,2,1
567,0.5503263621414944,0.46645525820089273,0.5083908101711936,0.9718163420776312,-126.22101926511442,26.5674358788246,2,1
568,0.5406713260231836,0.4575261924268734,0.4990987592250285,0.9415146616163341,-126.60890812803949,27.121480304033962,2,1
569,0.5454418508254125,0.47034577503662517,0.5078938129310189,0.9988342928949852,-126.56249405804382,26.982105005010535,2,1
570,0.5292863294653835,0.4639548592012396,0.4966205943333115,0.9928615662475128,-126.43659325552704,26.56068433901983,2,1
571,0.5603414296595066,0.48452555668151137,0.522433493170509,1.0179057850939086,-126.350992308885,26.36201535582429,2,1
572,0.5342603362572204,0.468917878995447,0.5015891076263337,0.9995329134993906,-126.52119005003362,26.528353516059173,2,1
573,0.5373114143743426,0.47138362249949173,0.5043475184369172,0.9968527321272936,-126.648662310568,26.549814990112022,2,1
574,0.5233555264886992,0.459638793506968,0.4914971599978336,1.0452964646058343,-126.33094919486143,25.805983603001494,2,1
575,0.5462657498777937,0.4702459007189002,0.508255825298347,1.0488994120341033,-126.0380068168069,25.96669309458485,2,1
576,0.5486576471807623,0.4700700966562555,0.5093638719185088,1.0694155963948757,-125.0829864174143,25.914304481979393,2,1
577,0.5358903768035087,0.4704737670880111,0.5031820719457599,1.0622718039955379,-126.2488645352227,26.175084951562138,2,1
578,0.5106611515745698,0.4582977009915355,0.4844794262830526,1.0586048398802193,-31.983307703006542,72.0660064301933,2,1
579,0.521971558108758,0.46734361118218487,0.4946575846454714,1.0733769261855408,-127.0960026700527,24.703088890891046,2,1
580,0.5271158478505471,0.4619115358911338,0.4945136918708405,1.059828248506814,-124.63894547570733,26.74608033355701,2,1
581,0.5317774211750892,0.46687850475204845,0.49932796296356885,1.0754813532462342,-126.38449276071444,24.89133595605496,2,1
582,0.5418308546415117,0.4730155485241991,0.5074232015828554,1.0772309863080949,-124.71239506595322,26.713229128976863,2,1
583,0.5444883666559119,0.4779293400375252,0.5112088533467185,1.0930029937510526,-125.97772499510562,25.77333196157406,2,1
584,0.5297980265772585,0.47028663523036707,0.5000423309038128,1.0955238639039264,-126.14603985530553,25.601719186468287,2,1
585,0.5400889868085573,0.48660826992650535,0.5133486283675314,1.0848286052427651,-125.75068631812441,25.420007953054466,2,1
586,0.5286163979239908,0.4782169740368882,0.5034166859804395,1.0990341462218378,-125.8218964610472,25.31554179624873,2,1
587,0.5243210146800571,0.47318753664592206,0.4987542756629896,1.0904663961876844,-126.03884726042645,25.559756720565712,2,1
588,0.5257631362097916,0.47466708219770165,0.5002151092037467,1.0810037138598116,-125.98037553003995,25.193032007286995,2,1
589,0.5080410741204813,0.4520231661917044,0.48003212015609287,1.0669121158228847,-125.79510824255158,24.969278273152845,2,1
590,0.5249166000714373,0.4701246005677121,0.4975206003195747,0.9948728490824271,-126.77838054818635,25.97434413834424,2,1
591,0.5157993451290941,0.4583087310777357,0.48705403810341485,1.0760167871524529,-125.88615228518462,25.525547834089366,2,1
592,0.5294663857098246,0.4623138041386624,0.4958900949242435,1.0740473659547491,-125.59887492264146,25.427915461210976,2,1
593,0.5265198934037687,0.46197343114192174,0.4942466622728452,1.0799346810280752,-125.44775471337068,25.4969336633087,2,1
594,0.5231007826800854,0.4580699172019978,0.49058534994104164,1.0664200034979214,-125.47272662819879,25.647244667190925,2,1
595,0.5224042930584548,0.45846850750260754,0.49043640028053115,1.0635586405473192,-125.71014390608647,25.15236761544868,2,1
596,0.5248809682417787,0.46545268463744754,0.4951668264396131,1.0789742619556804,-125.69144832459727,25.340155548767157,2,1
597,0.5152375720923765,0.4619802126717918,0.48860889238208416,1.0969428556466922,-125.36282460423247,25.110178492311615,2,1
598,0.5119268958284137,0.44784033504586157,0.47988361543713765,1.1064449623156667,-125.49470251368663,24.993540324115816,2,1
599,0.5187635221405414,0.4398302813865219,0.4792969017635317,1.0994679166498786,-125.36476647592029,24.403741073058782,2,1
600,0.5247938753038585,0.4411990243647572,0.48299644983430784,1.1041826438193614,-125.5600127409638,24.574362147160713,2,1
601,0.5310370245630964,0.4492527547526536,0.490144889657875,1.0448085783350334,-125.48409904473287,25.335789542292073,2,1
602,0.5341844351325007,0.4535325832102744,0.4938585091713875,1.0470874161096895,-125.8732859013856,24.772318485992603,2,1
603,0.5364791125975658,0.45516318652905047,0.49582114956330814,1.0358979619606299,-125.93189767279785,24.806457122711254,2,1
604,0.5368578457852711,0.45105507516734444,0.49395646047630776,1.044441263783252,-125.65165209567242,24.757729887642768,2,1
605,0.5303860884447932,0.44639384892155576,0.48838996868317447,1.0485326881808588,-125.7599222497335,24.51903910438413,2,1
606,0.5413042602502142,0.45301581884929054,0.49716003954975235,1.0614610880394884,-125.78685872969731,24.472653518703265,2,1
607,0.5383093439425964,0.4561705067901002,0.4972399253663483,1.0382558552802417,-125.91192527175322,24.790376802792185,2,1
608,0.5352278241000391,0.4538955456529339,0.4945616848764865,1.0599531752133453,-125.8910852980058,24.779457656635554,2,1
609,0.532371048759171,0.45275053382108255,0.49256079129012675,1.0508634100234204,-125.7823782990093,25.12020826773286,2,1
610,0.5343171753423251,0.4538778365601453,0.49409750595123525,1.048862927832045,-125.65928132672602,24.86338214092156,2,1
611,0.5310262772649152,0.45153861801020195,0.4912824476375586,1.0583005933686616,-126.02094220915365,24.92380115004931,2,1
612,0.5297422741170518,0.46508747371231424,0.497414873914683,1.0596026145528443,-125.75120237348044,25.391159844227513,2,1
613,0.5285884263096496,0.4647269221315793,0.49665767422061446,1.0469362219721752,-125.91407773173466,24.967118057684253,2,1
614,0.5265789184360512,0.46328569692230037,0.4949323076791758,1.0484141086834349,-125.79143115333603,25.229669205898123,2,1
615,0.5216826653992248,0.45882785774838913,0.49025526157380694,1.0594794357633472,-125.57153649508676,25.0181938455707,2,1
616,0.5238927820983896,0.4652756643764594,0.4945842232374245,1.0752996566396993,-125.5971403806601,24.871346186861306,2,1
617,0.5214173184165181,0.4603992997514133,0.49090830908396565,1.087173387183176,-125.42217031879335,24.67365332265242,2,1
618,0.5326048812567342,0.4711958954630013,0.5019003883598677,1.0851522077111713,-125.49170049054597,25.14052814430257,2,1
619,0.5171195314949036,0.4594114246001405,0.4882654780475221,1.0698402777128804,-125.46067999093697,25.194347770298414,2,1
620,0.535931412075819,0.46723643825860306,0.501583925167211,1.0806873082925252,-126.16032798273876,24.65484958287473,2,1
621,0.5506238681991744,0.4777055249153433,0.5141646965572588,1.0769526464168167,-126.31033723119651,24.36198216839996,2,1
622,0.5485165012354118,0.4747234045817873,0.5116199529085996,1.0792217820785766,-125.86541752726765,24.830061274081316,2,1
623,0.5489378392496798,0.4815699865227212,0.5152539128862005,1.068611754706757,-125.96730767665463,24.74722235520828,2,1
624,0.5460491958713319,0.4743046095036129,0.5101769026874724,1.073756139654143,-125.9208262563687,24.34570021616397,2,1
625,0.5265766850600061,0.4573194547876093,0.4919480699238077,1.0634764801360663,-125.85636060672392,24.2943243027838,2,1
626,0.528138855116739,0.47022936553837424,0.4991841103275566,1.0145551198398286,-126.11324163768307,24.34140754726767,2,1
627,0.5152003597662155,0.4635844998112067,0.4893924297887111,1.032568306073352,-126.24765333658891,24.60130867613556,2,1
628,0.5211947149838689,0.4637592366938159,0.4924769758388424,1.0626712942500116,-125.93015816025712,24.498331632136207,2,1
629,0.5310534426113755,0.46581094079613933,0.4984321917037574,1.0704038635126358,-125.9584113448704,24.386779801013425,2,1
630,0.5380131052553486,0.46371633938734763,0.5008647223213482,1.0672084738244978,-125.92530716932346,24.433435379358144,2,1
631,0.5315227330652761,0.46564001412577977,0.4985813735955279,1.0527738580455703,-126.60608760422593,23.800095520502744,2,1
632,0.5389492625065256,0.4726672326550116,0.5058082475807686,1.037996876601677,-126.26001888801642,24.79119093677617,2,1
633,0.5211208825816783,0.4637069474072866,0.49241391499448245,1.0413262237563115,-126.24541335379057,24.82687724381829,2,1
634,0.5226190440996507,0.45778589869130903,0.49020247139547984,1.0601850115880282,-126.03003898981432,24.337750030136075,2,1
635,0.521103892307305,0.4646753740734294,0.4928896331903672,1.0758608934234444,-126.31471041140145,24.628959731782885,2,1
636,0.519694364857753,0.4643857324110955,0.49204004863442424,1.0060443767017604,-127.30098085451694,24.27947171592116,2,1
637,0.5470617042628915,0.46011683022646177,0.5035892672446767,1.1010930508240027,-125.75950886656197,24.063818058124152,2,1
638,0.5187195917483609,0.4535274572334028,0.48612352449088186,1.067643227035271,-126.11297757231668,24.787627396674374,2,1
639,0.5145499220732712,0.4500757626403937,0.48231284235683247,1.0685501728344555,-126.28937769254702,24.938254449762365,2,1
640,0.5169409800225331,0.4537520814934092,0.48534653075797113,1.0671161443807717,-126.1605722953681,24.69315731673049,2,1
641,0.5227028793704944,0.45694651266042974,0.4898246960154621,1.0870873303012234,-126.37329542446142,24.041255834112754,2,1
642,0.5190531931205463,0.4518617937581549,0.48545749343935063,1.0924971587492602,-125.81874032172055,24.176570904472772,2,1
643,0.5141906311643196,0.4417732900214521,0.4779819605928859,1.0953953184402074,-125.63283671909142,24.256974749166076,2,1
644,0.49605939316239417,0.4336160184523673,0.4648377058073807,1.0941359393670638,-126.03034878173627,24.337366542956108,2,1
645,0.50225094070597,0.4352916965042121,0.468771318605091,1.1025333352058115,-126.13754323185849,24.576952104103853,2,1
646,0.49980169517412665,0.43009488292966686,0.4649482890518968,1.1222455630053005,-31.733095309758085,71.99144096119618,2,1
647,0.5180854805237921,0.43350296225810764,0.47579422139094985,1.1146881683314724,-126.16618969108245,24.316028910300016,2,1
648,0.5034883730956702,0.43391250586189123,0.4687004394787807,1.0791376463385751,-126.43356434525188,24.134646421423035,2,1
649,0.49493014174310274,0.42285913528371505,0.4588946385134089,1.060849480819774,-126.45110327744358,24.434695139052995,2,1
650,0.5021732974141959,0.43274574623124207,0.467459521822719,1.0433457466800005,-31.342846810023143,71.94234682229256,2,1
651,0.48661887757295774,0.4260767444816728,0.45634781102731525,1.0535950020760647,-31.244025602723447,71.92984569927894,2,1
652,0.48288732658372563,0.42395847782247603,0.45342290220310083,1.0395846114875607,-31.151350355758588,72.1079838668418,2,1
653,0.49287177597652543,0.430115192175407,0.46149348407596624,1.0444809822218468,-31.17619820413256,72.12011542123741,2,1
654,0.5088073366398724,0.4377615253557367,0.4732844309978046,1.0349595096865605,-31.13533485037316,71.92887184926118,2,1
655,0.5184084344497596,0.4445824502618726,0.4814954423558161,1.0402025272316804,-31.400314809181914,71.96771028975961,2,1
656,0.5084219524874602,0.44424762730398276,0.47633478989572153,1.0340186820880695,-32.82555556877895,72.1197183254016,2,1
657,0.5197245125665392,0.44757312849643094,0.48364882053148506,1.0143736371490506,-32.00332192340862,72.03448823645988,2,1
658,0.51452785821434,0.4462744966503391,0.48040117743233957,0.9963977410242791,-31.97797720541398,72.03305009926251,2,1
659,0.5236686704481257,0.44956804871977685,0.4866183595839513,1.0024717275727386,-125.52208662801232,24.318429543506724,2,1
660,0.5037679720764745,0.43983690631655487,0.47180243919651466,1.0139243050718352,-126.60889952418529,24.169286333303255,2,1
661,0.5091537771521305,0.44104606871342794,0.47509992293277925,1.0375728589564404,-31.769906907426105,72.01992146407086,2,1
662,0.5109044844052292,0.43998788955828433,0.4754461869817568,1.0275883465488282,-31.765488031639023,72.02373133903599,2,1
663,0.5078049054074512,0.434451315455743,0.4711281104315971,1.035297378923089,-31.506890283655224,71.98969687237937,2,1
664,0.49851636417022105,0.4353354829017255,0.4669259235359733,1.0214699771939741,-31.25675479305195,72.15268386973499,2,1
665,0.4940230499265164,0.4366701150113983,0.4653465824689573,1.0218036137949187,-31.313626604769,71.96860406766518,2,1
666,0.49462108098623964,0.43728212616405937,0.46595160357514953,1.0071554150410178,-31.2895212809353,72.16005855927703,2,1
667,0.49534672049612827,0.44119046191785005,0.46826859120698916,1.0188174353274064,-31.462867809483033,71.99150314834505,2,1
668,0.5127114359462495,0.4501432588236635,0.4814273473849565,0.9997080471831138,-31.686411705609014,72.0207280134432,2,1
669,0.5131115247937437,0.454560156568141,0.4838358406809423,0.972011947968742,-127.20437894597163,24.593274429289522,2,1
670,0.5143081186039412,0.4559649347395078,0.48513652667172447,0.9500070721036329,-126.98153763503818,24.923260679329506,2,1
671,0.5089407920029786,0.4581216826921961,0.48353123734758735,0.9161273643824763,-127.53695886527338,25.35840405434135,2,1
672,0.5062918689870761,0.44613340832916626,0.4762126386581212,0.8979121863683805,-31.56165861497536,72.01590337958659,2,1
673,0.48760524087040175,0.4253217169580747,0.4564634789142382,0.8618489990264692,-127.80126763657549,24.832392741310816,2,1
674,0.490350552856212,0.4255576295039042,0.4579540911800581,0.7792460094548961,-128.69808201476638,25.85091723536301,2,1
675,0.4955509670021268,0.4330798970997665,0.46431543205094666,0.7040399836702692,-128.85255001148127,26.0876991041714,1,1
676,0.491562075233309,0.4365036355171763,0.46403285537524264,0.6514296325271037,-130.2219759201564,26.652616364004025,1,1
677,0.5062834058050415,0.44282766396056406,0.4745555348828028,0.5901100478474167,-130.8446499780418,28.19893808174917,1,1
678,0.5111213676967135,0.44280280914761705,0.47696208842216525,0.5181406713246861,-131.85746928890313,28.756274241227455,1,1
679,0.5230024611497047,0.45151879489795693,0.48726062802383086,0.49793191495451594,-131.8653419439734,28.131439155613464,1,1
680,0.5196891740527761,0.44819578029949747,0.4839424771761368,0.46456119652190686,-131.83896144952,28.63221970066843,1,1
681,0.5328356284601842,0.4529326348494246,0.4928841316548044,0.4138666590796022,-132.50651935490797,29.751482693560508,1,1
682,0.5158579301625472,0.4417584449839099,0.47880818757322857,0.37200828297109784,-133.2328409794159,29.9189979524007,1,1
683,0.528463874056948,0.45130871208859963,0.48988629307277376,0.34343389832689997,-134.39881907413084,28.92039976192538,1,1
684,0.5121498531697478,0.44471304805534295,0.4784314506125454,0.3361317060443421,-134.27850408730865,31.50644837535022,1,1
685,0.4950447859620061,0.42467916082742874,0.4598619733947174,0.2791367229174576,-31.152991117806287,72.20476252091903,1,1
686,0.5064246541032381,0.4250951555008761,0.4657599048020571,0.28332577942597276,-31.174484488760395,72.20047185577849,1,1
687,0.5096486090900096,0.4287599848457238,0.4692042969678667,0.24227485222975445,-137.59059828166437,34.26067000762064,1,1
688,0.5045832987218908,0.42342544276727145,0.4640043707445811,0.22112006140119467,-31.21998993730375,72.19658188282703,1,1
689,0.5086125194861308,0.42593978397763776,0.4672761517318843,0.1925247005696191,-31.099010316422472,72.17285859774992,1,1
690,0.5153469377470407,0.4328172680575453,0.47408210290229297,0.18485633579273478,-31.15726996381483,72.18129738115627,1,1
691,0.5240781476057221,0.4380254883200052,0.48105181796286367,0.18954622065373994,-31.143022305753806,72.17639197128507,1,1
692,0.49807374755225065,0.4167178405051893,0.45739579402872,0.19925229008813913,-31.069643793231702,72.1578580503588,1,1
693,0.5016436926226038,0.42614393131652645,0.46389381196956514,0.17329346360957815,-31.048808176279277,72.14835187420285,1,1
694,0.5122611737736854,0.42672776527443385,0.4694944695240596,0.16393911230184788,-27.195432997471485,71.48341745812922,1,1
695,0.5162467965224486,0.429741616880239,0.47299420670134384,0.14144550034389813,-29.631815325772408,71.82433801125913,1,1
696,0.4955035840144919,0.4241266564792373,0.4598151202468646,0.09446978207676887,-175.97924354881212,52.57078563723678,1,1
697,0.48590851536559077,0.42680548871026486,0.45635700203792784,0.07876585419198161,-31.415894056219628,72.21054867140231,1,1
698,0.4972977532003405,0.42378113362877284,0.46053944341455666,0.0495789344644102,-30.306414445612198,71.87419767565486,1,1
699,0.49418045947104716,0.42524262796322015,0.45971154371713363,0.01771482663727532,-30.518236905005818,72.05799964502437,1,1
700,0.48600795569896105,0.42574779526233303,0.45587787548064707,0.009527759537158544,-29.585456098349344,71.8101124470079,1,1
701,0.4848448906729201,0.4253642037595089,0.4551045472162145,0.008664205720044456,-31.35764303801413,72.18995281709446,1,1
702,0.48628185760233006,0.42642933896812274,0.4563555982852264,0.008675114228716195,-30.26011533064807,71.99816585025626,1,1
703,0.49768498461476857,0.4315109075797634,0.464597946097266,0.007270305122604309,-31.28838415761456,72.16095524465376,1,1
704,0.4942582981047439,0.4319110073816037,0.4630846527431738,0.008959362744079019,-30.425374821635184,72.02984263985566,1,1
705,0.5016575995488761,0.43292928685232823,0.4672934432006022,0.008603490922894095,-30.769928536942235,72.09889611320351,1,1
706,0.4981280729565197,0.42777029733520733,0.4629491851458635,0.008642902034321706,-31.45818814346798,72.06421038005415,1,1
707,0.5049185487257041,0.4308745204651607,0.4678965345954324,0.008860093238170979,-30.849868312103723,72.10517572088548,1,1
708,0.4994068423135418,0.4300325988678873,0.46471972059071454,0.009844348498307572,-30.425630944019467,71.92975525996174,1,1
709,0.4949695739994049,0.4208279762635726,0.45789877513148874,0.008861127119416463,-31.226190754862902,72.12916663126487,1,1
710,0.49246756734984015,0.4161651413615074,0.45431635435567375,0.008558379152348422,-30.95702440466375,72.08158021917176,1,1
711,0.49304389069509214,0.419884955593062,0.4564644231440771,0.007342970789616023,-30.551215223047322,72.03569107251144,1,1
712,0.5115179102525393,0.4320999553987546,0.47180893282564695,0.008603896657081412,-30.77860082031692,72.07760110043375,1,1
713,0.5096632792481153,0.4312728034871878,0.4704680413676515,0.00932585329829245,-31.034903581485693,72.09078994163318,1,1
714,0.5117193516982473,0.434285518524635,0.47300243511144113,0.007607099426411151,-30.817711670836434,72.0516875002525,1,1
715,0.5099283959501982,0.43148827132134754,0.4707083336357729,0.00860788752292017,-30.72088330709398,72.05951048960827,1,1
716,0.5072740591238573,0.43003796870730726,0.46865601391558226,0.006529232192147504,-31.101783160131635,72.09140018750387,1,1
717,0.5026372606401208,0.42977807451779787,0.4662076675789594,0.007853519308574038,-29.92347072997092,71.85034625688506,1,1
718,0.510911688155751,0.4348006747122835,0.4728561814340173,0.007811323569595244,-27.272463640365867,71.4591917696296,1,1
719,0.5098795790625644,0.43449685106111485,0.4721882150618396,0.009808597381463429,-31.505471044381032,72.16438809867492,1,1
720,0.5129386105552151,0.43882881880159796,0.4758837146784065,0.011232732189760739,-31.229509130814066,72.11511019957153,1,1
721,0.49545617084518867,0.43440051911755456,0.4649283449813716,0.007519063003029346,-31.45146945408914,72.14750138759892,1,1
722,0.5003436941507838,0.4383514013049199,0.46934754772785187,0.006606440571026467,-31.43636563949092,72.14414341386112,1,1
723,0.5082218175012545,0.4469118147072748,0.47756681610426466,0.009680158270630367,-31.488412867081,72.15705747582382,1,1
724,0.513956114370728,0.4515026660003666,0.4827293901855473,0.008304802541613155,-29.78377443917361,71.80190353816711,1,1
725,0.5326576882927906,0.4715069159976932,0.5020823021452419,0.010181934410164068,-30.839632044166727,72.04014362426142,1,1
726,0.5350266892875578,0.4682324949901488,0.5016295921388533,0.01107204098069476,-30.77955874792984,72.05743426909288,1,1
727,0.5266891717438165,0.4675767810156797,0.49713297637974807,0.00997601352677768,-30.300331040264176,71.95835615554422,1,1
728,0.5143503521230043,0.45824841446878745,0.48629938329589584,0.009744646563107041,-29.728101042653954,71.79434832589973,1,1
729,0.4931366364214308,0.4412437939478886,0.4671902151846597,0.010102631436872572,-30.0293465788026,71.8704799282985,1,1
730,0.4899354072945458,0.4376466420880744,0.4637910246913101,0.011414238101031178,-31.136427977213472,72.12087017119916,1,1
731,0.5093006845919731,0.45345306265697277,0.4813768736244729,0.010803828497422908,-31.518875656340178,72.17570481915213,1,1
732,0.49963915403726283,0.4520396096594404,0.4758393818483516,0.009385492607886268,-31.13222209981856,72.08857830739272,1,1
733,0.5036004494367712,0.44219253294904265,0.4728964911929069,0.012422738352891344,-31.642334175064743,72.17340942872838,1,1
734,0.5041607447010653,0.44684639363016615,0.47550356916561576,0.011606893449496261,-31.33420257010518,72.11383317694907,1,1
735,0.5117722045180111,0.44923757813385756,0.4805048913259343,0.010450065179283883,-31.098061947478897,72.07575818846081,1,1
736,0.5024567018700178,0.4458455828739366,0.4741511423719772,0.010118997732457852,-31.100029062737466,71.98834045261412,1,1
737,0.509907108266483,0.44838179219148383,0.47914445022898344,0.010168207505604505,-31.267902820176865,72.10338330872449,1,1
738,0.4963430683956545,0.4399003835909414,0.46812172599329793,0.010423143837071243,-31.675877305673882,72.1678692800119,1,1
739,0.4980090628854694,0.44802461967731405,0.47301684128139176,0.012190071959686279,-31.11876552510753,72.07355101833843,1,1
740,0.46793369666851103,0.421274022290684,0.4446038594795975,0.012380213067993466,-31.580066325583946,72.15106597777847,1,1
741,0.4702040426479379,0.42352133641162565,0.4468626895297818,0.013961315296166357,-31.75358185506937,72.17543471734544,1,1
742,0.47845649154026076,0.426195588857735,0.4523260401989979,0.0162391827545451,-31.82960813709708,72.18151724600189,1,1
743,0.4788843317069657,0.4227339877591442,0.45080915973305496,0.013613431126180377,-31.447644801724223,72.15902050770858,1,1
744,0.49757637683736744,0.44117087003624617,0.4693736234368068,0.015428148674351012,-31.674150636580087,72.15777517374846,1,1
745,0.5024975722077639,0.43968774338409955,0.47109265779593174,0.008499631322733832,-31.58097033162434,72.1486287540643,1,1
746,0.49103098796066597,0.44353257308474525,0.46728178052270564,0.011407847464622898,-31.171439316944042,72.12083802731712,1,1
747,0.4965675403315245,0.4352678974435469,0.4659177188875357,0.01385578488401745,-31.284092508562765,72.11442494835536,1,1
748,0.49676004707757565,0.4268326820367978,0.46179636455718676,0.035721442724350676,-31.721182493619736,72.18957943965296,1,1
749,0.4988748037251155,0.4271130953560435,0.4629939495405795,0.08903120878247058,-31.505215225017054,72.17658981533864,1,1
750,0.46260510366451235,0.40141909563423367,0.43201209964937304,0.15532790796515658,-144.55288172416348,36.63968302702585,1,1
751,0.4200411292491441,0.34916205972762854,0.3846015944883863,0.19799456555028827,-142.57283216297284,34.95159417237969,1,1
752,0.4356226562175908,0.3614472772003378,0.39853496670896427,0.22644793161238516,-146.61070035724208,37.773677511615695,1,1
753,0.4684269429268851,0.38679341146646185,0.4276101771966735,0.2650273536002996,-31.580844931524283,72.23723190128037,1,1
754,0.4786726775314953,0.394950248642803,0.43681146308714913,0.26469383400263957,-31.553076992933516,72.26605127888214,1,1
755,0.5017939906705197,0.40196969147994605,0.4518818410752329,0.2677669941554392,-31.690602062221174,72.32106639045361,1,1
756,0.5171131870922148,0.414598157370052,0.4658556722311334,0.31633658945047655,152.62181689254717,47.05761808183577,1,1
757,0.496276798980526,0.40644686335116903,0.4513618311658475,0.30231825369025894,-31.776699750331133,72.40839980539673,1,1
758,0.43193848441066507,0.36670610765997924,0.39932229603532216,0.30414753109121295,-31.807523879447118,72.44995902228223,1,1
759,0.1285581015451899,0.06210198618224465,0.09533004386371727,0.3143295623072933,-143.74083518745442,36.183030213038485,0,1
760,0.08529952267247277,0.04542300210255132,0.06536126238751205,0.3210316573538259,-154.00195432539851,40.412489315765676,0,1
761,0.0844918859946874,0.0441446138279277,0.06431824991130755,0.3150642466899349,-149.57384846619962,39.08681242838204,0,1
762,0.05128757853551269,0.02837055053491931,0.039829064535216,0.30742709131980145,-151.05525052539514,39.398963338461854,0,1
763,0.0521812249102022,0.03333828563710683,0.04275975527365451,0.29116853866457504,-149.37055633566288,38.36336591514043,0,1
764,0.11292534020437968,0.08351255702378424,0.09821894861408195,0.2819520371652477,-146.92303153766323,37.23961346341454,0,1
765,0.30588757353124896,0.22585425463156242,0.2658709140814057,0.24873852945639502,-145.83849912567732,35.025016342660436,1,1
766,0.38183812785494214,0.32570821486165397,0.35377317135829806,0.250295320400224,-146.20443651185875,34.21261792503088,1,1
767,0.41914621524491713,0.36252895801660706,0.39083758663076207,0.2425037044496832,-144.59163074096358,33.09746010383505,1,1
768,0.43975173084420877,0.38879600084292987,0.4142738658435693,0.2518363365358592,-146.76470497796663,37.09025987897014,1,1
769,0.4670173731544312,0.41475815794987203,0.4408877655521516,0.23689922237323624,-144.87226127837542,34.842356155890016,1,1
770,0.4796554028844361,0.4235413216774347,0.4515983622809354,0.24659890140345914,-145.8373049853791,36.23135342081295,1,1
771,0.4858653472746316,0.42857281150518217,0.4572190793899069,0.24261094213809897,-145.30077842560038,35.9356336847331,1,1
772,0.4885072524397606,0.42638071852043835,0.45744398548009946,0.25037858171975996,-145.8402092101355,36.10434601916913,1,1
773,0.48048948954943554,0.427742505880465,0.45411599771495026,0.2502336360314542,-146.23682358878662,37.22894408477083,1,1
774,0.4868588005628867,0.4289655497948295,0.45791217517885807,0.24942331905153817,-31.818628665516005,72.64389514131014,1,1
775,0.4992193066970632,0.4392766172087885,0.46924796195292584,0.25597500300602843,-31.991691994087642,72.66486240657265,1,1
776,0.4962031158608779,0.43703642609111504,0.4666197709759965,0.265324002992369,-31.807593896078107,72.65081802008925,1,1
777,0.4956455420762855,0.4354640938228881,0.46555481794958675,0.26816781703765985,-144.264582093761,36.59450490687751,1,1
778,0.4983583986853269,0.43052439409734483,0.46444139639133586,0.2804973510809385,-145.31573354684414,37.347023930621674,1,1
779,0.49385583116777837,0.43430205344656986,0.4640789423071741,0.27469137224248225,-145.36992291343788,37.472292157379144,1,1
780,0.4937530600499515,0.4336350160279859,0.4636940380389687,0.2720063318350714,-142.89257718147965,33.673525564124645,1,1
781,0.4925902078430217,0.4378366916159632,0.46521344972949247,0.2573695463002641,-145.79380450672986,37.650772746961145,1,1
782,0.48344964951125113,0.43537920943880704,0.4594144294750291,0.27701862984280373,-141.75998171201724,32.83775257928296,1,1
783,0.4831736501712729,0.4366303706500517,0.4599020104106623,0.2639718709205048,-142.38318478945362,32.88911087569283,1,1
784,0.49644441840050463,0.4407245562767126,0.4685844873386086,0.2751807919028167,-142.26910571232756,33.11915693473963,1,1
785,0.48966276794251956,0.4430399431376073,0.46635135554006346,0.27622955261247006,-142.37517328871158,32.57611553963731,1,1
786,0.5033653987796746,0.4469267995157877,0.4751460991477311,0.2547127897968203,-142.91773151651697,32.54179887210627,1,1
787,0.4946874681765569,0.4416086450460896,0.46814805661132325,0.25979405957085316,-141.36030562058372,32.26509065571052,1,1
788,0.47929144741286184,0.4280895367739929,0.4536904920934274,0.27220111902989313,-141.67097992392905,32.23222714608568,1,1
789,0.4015833885007588,0.35869379132714097,0.3801385899139499,0.26990054932427965,-143.99440096483661,32.25165222921399,1,1
790,0.13525874561626866,0.07793417746900415,0.10659646154263641,0.28925744456416286,-145.59553663285482,35.75373609555046,0,1
791,0.11754108018278789,0.06146986494439451,0.0895054725635912,0.30523987657769,-145.42427693947343,35.43000605535564,0,1
792,0.11930032815029902,0.07458323429354384,0.09694178122192143,0.3110648838907458,-144.9443832987846,35.472531899543725,0,1
793,0.24221719645395695,0.12757683615865525,0.18489701630630612,0.31640375368083434,-144.4890999135705,34.81985259352022,0,1
794,0.3120202598908652,0.2541130062582708,0.28306663307456803,0.3254615013295697,-142.56818411144192,33.197465917168714,1,1
795,0.37250219221686454,0.31446902912838753,0.34348561067262606,0.2945492417714703,-142.52886256308312,33.431063379633905,1,1
796,0.3821428147878694,0.331211286862613,0.35667705082524115,0.2974498853217056,-143.08506250945368,33.761446434983014,1,1
797,0.3939985746857443,0.3492417952130032,0.37162018494937377,0.2993219788121779,-143.0294208182193,33.55963042917036,1,1
798,0.39404365973856775,0.35649927667909137,0.37527146820882956,0.2874413077190092,-144.18959230305148,34.60112420653703,1,1
799,0.40677405025339963,0.37053522184805415,0.3886546360507269,0.27914531802038556,-143.78257910348063,34.31079902955088,1,1
800,0.40996687594048353,0.37107636045653203,0.3905216181985078,0.25662670639589547,-144.85169791432256,34.403387434119125,1,1
801,0.45693781352265633,0.40230173933129915,0.42961977642697774,0.24727109789347032,-144.82463708859254,34.22391681884917,1,1
802,0.4536167893239664,0.40656756696498414,0.43009217814447526,0.2259094219761325,-144.00746726626696,33.971510307096004,1,1
803,0.43284321344237414,0.39647320855129276,0.4146582109968334,0.21885922803844923,-143.94956068821008,33.94879603781314,1,1
804,0.43838835242360163,0.4042966412439321,0.4213424968337669,0.2290452535168781,-147.02460707815192,35.96355318774735,1,1
805,0.44038582925782616,0.39403879065694786,0.417212309957387,0.23932453147578173,-144.0247340203146,33.63897575256605,1,1
806,0.4305637601894961,0.4000569530683368,0.41531035662891647,0.24718093265433588,-144.3431504152647,33.96450594649131,1,1
807,0.43252053868398194,0.40157580254855946,0.4170481706162707,0.26201714032169415,-145.0500529072933,34.565327714529936,1,1
808,0.42976795365277787,0.39411483013366616,0.411941391893222,0.25211749183732324,-144.6106646280155,34.15701816816895,1,1
809,0.4326179973262388,0.3942749223732006,0.4134464598497197,0.25896200318868323,-144.94884373089707,34.219187751682156,1,1
810,0.43439423755067313,0.4008703560688236,0.41763229680974834,0.25039993529613186,-145.88427685930492,35.116111080019444,1,1
811,0.4419389278578844,0.4070055655842104,0.42447224672104744,0.2553140498338625,-145.6852726240863,35.00401745952762,1,1
812,0.4357282845312037,0.3992016274748405,0.41746495600302214,0.256882792104278,-145.41884087791362,34.83208207224496,1,1
813,0.4372320329449057,0.39877200161296744,0.4180020172789366,0.2651679594235353,-144.97636981012528,34.532471253553624,1,1
814,0.4234822315619908,0.3978752769437836,0.4106787542528872,0.2513031826855042,-145.54293907083135,34.970061456853045,1,1
815,0.43362964330061204,0.41169379935327893,0.42266172132694546,0.2565400807557157,-145.50196430491917,34.96277537772976,1,1
816,0.42990697037726083,0.39564117915299707,0.41277407476512895,0.2595069523359389,-145.44558155831714,34.936708780648836,1,1
817,0.43871634876086907,0.39880655782596564,0.41876145329341735,0.25749427795749685,-142.5196112812162,33.21449598521664,1,1
818,0.44065616891620757,0.4011255964847302,0.42089088270046887,0.26247079115569155,-142.57072774634264,33.42021539019071,1,1
819,0.4512553933885337,0.40685337628396334,0.4290543848362485,0.25578001256022065,-144.3505082040617,36.57419987124047,1,1
820,0.44734156757800125,0.40503524550530157,0.4261884065416514,0.27282621986274963,-143.11952976023255,33.430818596608496,1,1
821,0.44526946386908467,0.41035335890724667,0.4278114113881657,0.2912197404134517,-143.2442344267255,33.04039213939847,1,1
822,0.44376909771961753,0.4118061803125832,0.4277876390161004,0.27674131787880424,-143.48530480735536,33.34989007524083,1,1
823,0.4469902618197091,0.4132278335821919,0.4301090477009505,0.27839380067709446,-143.2152183171726,33.064564215542084,1,1
824,0.4464733766309229,0.41316491778395253,0.42981914720743775,0.2807645063916038,-143.58339198391485,33.221544226169996,1,1
825,0.44746266520929096,0.41133790295068035,0.42940028407998565,0.26975697665478426,-143.08139159921777,34.19575272909942,1,1
826,0.4572513383309,0.416074881199921,0.43666310976541045,0.27841207344131547,-143.3694711095949,33.12501772389415,1,1
827,0.44975055772581884,0.4142672187345891,0.432008888230204,0.2770759162443688,-143.50441954983194,33.5452919124961,1,1
828,0.4457712736904184,0.4197189141491157,0.43274509391976707,0.2619246830765296,-144.3438059511518,34.055813482760364,1,1
829,0.44631435615354076,0.4129284915710119,0.4296214238622763,0.24684302537120545,-143.15081150803312,34.043322034194375,1,1
830,0.45730150629989336,0.42011322959242986,0.4387073679461616,0.22870662877465714,-141.63283300477255,33.259989296049824,1,1
831,0.45537556358981013,0.4183548772988286,0.43686522044431936,0.14711618318124742,-142.55975168983625,35.820933902756394,1,1
832,0.4642710040603417,0.4251712412650206,0.44472112266268116,0.03601322298904714,-140.46557837100772,36.395641532893464,1,1
833,0.4669848268415015,0.433419329951796,0.4502020783966487,0.019226464135398396,-140.57883872927854,37.322856259632026,1,1
834,0.466186026914684,0.43008837314926557,0.44813720003197477,0.014923647091413934,-140.46532720815296,37.10775033812209,1,1
835,0.4668849435352549,0.4253699195916491,0.446127431563452,0.01044887698118585,-142.59906648430672,33.72021579739755,1,1
836,0.47524766950963837,0.432129510091984,0.45368858980081117,0.011001349702105822,-141.9967715621604,34.1027744672261,1,1
