frame_num,left_ear,right_ear,ear,mar,phi,theta,label,valid
1,0.40855598271766363,0.34923167171678743,0.37889382721722553,0.24909502417380014,-133.85347691823344,33.18867227596062,1,1
2,0.33893567898529603,0.26614531504960215,0.3025404970174491,0.30904963497568666,-128.6930240961988,32.83981091050297,1,1
3,0.41408427402557957,0.3302678849814592,0.3721760795035194,0.3249695313618675,-131.55912419153333,32.57058190070923,1,1
4,0.45242719981097185,0.3812974651178896,0.4168623324644307,0.29965107941497826,-133.38783900063228,33.913862899610066,1,1
5,0.4691034893412024,0.40649286662744233,0.43779817798432236,0.27296586062741707,-134.61744191797018,34.955857239005105,1,1
6,0.476518119007865,0.41413653493633534,0.4453273269721002,0.26719107876593784,-131.01701687631552,35.76790525746111,1,1
7,0.478675577802142,0.4205686894661593,0.4496221336341506,0.2970143169454853,-133.4353602035305,35.16464084394222,1,1
8,0.4915612010713577,0.42584579832661074,0.4587034996989842,0.31226900543766417,-132.44838832657442,32.92912669791309,1,1
9,0.48481777707413853,0.4147816484557378,0.44979971276493813,0.336161200917665,-128.85182465668623,33.72036166163485,1,1
10,0.4616464094837414,0.392139733332385,0.4268930714080632,0.3215652410702531,-129.77419289422156,34.780815731014286,1,1
11,0.45470401511986136,0.3911729837561669,0.4229384994380141,0.2979108890492699,-133.6807110241683,35.08056526045055,1,1
12,0.4490064999917967,0.39042672831860187,0.4197166141551993,0.257991920206067,-132.11918008851933,35.48646960414824,1,1
13,0.44740445703401094,0.3870335915830303,0.41721902430852065,0.25522526028716247,-131.1263699942131,34.48209751892321,1,1
14,0.4340940700989439,0.3781730409056888,0.40613355550231633,0.24279397113151932,-136.80508647791982,36.442675784104026,1,1
15,0.43798784351678033,0.3822456157815325,0.4101167296491564,0.25357996514789316,-132.96623221822088,36.18083826988868,1,1
16,0.4382112823277719,0.3897515081833913,0.41398139525558164,0.25406034228040414,-128.8145114719531,31.856609210642052,1,1
17,0.4383049907439525,0.38486463863749637,0.41158481469072444,0.26362985547000917,-131.71576552687478,35.80960581508786,1,1
18,0.44284646919573184,0.393053624763297,0.41795004697951443,0.2584345252425366,-131.76033409114476,35.83150158675569,1,1
19,0.4368668533747804,0.39116826561376167,0.414017559494271,0.26549135725969525,-131.30835729563276,35.50390206454049,1,1
20,0.44333912287450145,0.39341160421732285,0.41837536354591215,0.24752678575139545,-129.32017500604437,32.589916635034854,1,1
21,0.4415028112803252,0.3939999044414154,0.4177513578608703,0.25662118310933296,-133.14927206345905,35.66948082049998,1,1
22,0.4352695423778944,0.390461680190224,0.4128656112840592,0.2569826049372152,-122.62841158820883,24.661613481796984,1,1
23,0.42574558552530384,0.37789087279951283,0.40181822916240834,0.2524118556752173,-133.9019928143134,35.70424885371826,1,1
24,0.4187176070783846,0.3704756861636634,0.394596646621024,0.2550055814664763,-132.35390630575623,35.83259042329842,1,1
25,0.4297632749164994,0.3679779476847048,0.3988706113006021,0.25669640959175155,-133.8090308147807,36.395428660557755,1,1
26,0.4142967423299498,0.35954992531779345,0.3869233338238716,0.25752736063163123,-134.5467601575993,36.59920434876297,1,1
27,0.3814705956066879,0.32662648219476875,0.3540485389007283,0.2577421238059549,-134.7089431632379,36.55927560472095,1,1
28,0.3553884431793647,0.30612054470216826,0.3307544939407665,0.2690802246223969,-134.81244553707447,36.08148276065608,1,1
29,0.3652977404660159,0.3123532346523114,0.33882548755916364,0.27261063920272544,-134.45615900712494,35.976137130150654,1,1
30,0.35597123343004244,0.3109924332637091,0.33348183334687576,0.2715744481025906,-136.04429938686908,37.41199179906947,1,1
31,0.3556357484832478,0.3259132198661947,0.3407744841747212,0.2707766248496692,-134.48386652935426,36.2387441475113,1,1
32,0.3432538864481335,0.31956870069807436,0.33141129357310395,0.28052344283652775,-134.02995191773343,36.690405080211605,1,1
33,0.3693274890216478,0.3188967773885348,0.34411213320509126,0.27992177781892813,-134.15464991680105,37.540206242130516,1,1
34,0.20724535354025825,0.2388464008071188,0.2230458771736885,0.2658598158052733,-132.97013563101666,37.19174591576947,1,1
35,0.11390465677540189,0.1631218566275538,0.13851325670147785,0.23453478207544826,-131.97186321093113,37.48733422756777,0,1
36,0.09261816046549128,0.14433700953908918,0.11847758500229022,0.1774161486176649,-131.87082937479164,37.25575135692034,0,1
37,0.2059000882599038,0.30005464304385765,0.2529773656518807,0.19213533127561783,-130.65263610294582,35.10773468582634,1,1
38,0.3706370859241874,0.4563761983026433,0.41350664211341537,0.20975789765172326,-126.89524297903746,31.80240913377321,1,1
39,0.404254194467622,0.4935229912144308,0.4488885928410264,0.2202159462254245,-125.90224861208064,29.489976789290303,1,1
40,0.43780010538873265,0.5209265995315733,0.47936335246015294,0.22750862503314,-124.89181200952315,27.966177599054866,1,1
41,0.45180138420024546,0.5135379770151018,0.4826696806076737,0.24093195547193463,-124.30688726627493,26.202376945801355,1,1
42,0.4451683356326451,0.5004424675507964,0.4728054015917207,0.25679628955631884,-123.71493409339405,26.237237758422186,1,1
43,0.43582051960524015,0.49252787286679406,0.4641741962360171,0.26712752318976574,-123.76773651642388,26.373954853346145,1,1
44,0.4413915737637802,0.49736423462816076,0.4693779041959705,0.27723468490826103,-124.33029680640992,26.219853253445923,1,1
45,0.4427159057210635,0.49242246093521375,0.4675691833281386,0.2694284832075412,-124.05934250889194,25.4596540338173,1,1
46,0.443307894710977,0.4983019302837548,0.4708049124973659,0.27787956092911853,-124.20178109187896,25.23201617965842,1,1
47,0.4625772649275145,0.5242004901960395,0.493388877561777,0.27865727439788934,-124.33150720474318,25.824605313293535,1,1
48,0.44164855586813234,0.5054693109415966,0.4735589334048645,0.2788513626804829,-124.82325107601172,26.547603222413912,1,1
49,0.4271768531555482,0.48578807976066235,0.4564824664581053,0.25383097113490144,-125.05949292834123,27.29314919528498,1,1
50,0.3349282495730699,0.42895407232704175,0.3819411609500558,0.24307503617954357,-125.03305400058558,27.789106227417182,1,1
51,0.08416024117400288,0.12980667495763848,0.10698345806582069,0.23454807739140082,-126.44888939111767,31.94725807261663,0,1
52,0.049141860924474284,0.0759895282662893,0.06256569459538179,0.238355632862283,-126.12474554793273,33.960317435678235,0,1
53,0.041254418706794985,0.0933937427520426,0.06732408072941878,0.2074131613004968,-127.64225206419553,37.31482588751476,0,1
54,0.07637131311765089,0.11351900362085675,0.09494515836925382,0.21240150550052703,-126.94894891222084,37.88614047784766,0,1
55,0.15051666951450698,0.1384589910620885,0.14448783028829776,0.18418587984558335,-125.89684435821411,37.71830710074232,0,1
56,0.2026222407010336,0.2572489865825446,0.2299356136417891,0.13458647578867033,-124.66354000188542,37.97056568555724,1,1
57,0.3074465505936349,0.31924916882824284,0.31334785971093887,0.11082538955126627,-125.42662797404971,38.196601655986456,1,1
58,0.3119239468065114,0.3108546274777112,0.31138928714211134,0.07087943407490117,-125.8482976742069,38.60674894572994,1,1
59,0.3362941667431042,0.3284079967224412,0.3323510817327727,0.04074469814972139,-125.5807005638978,38.279602926130366,1,1
60,0.3647694450759392,0.34550905923337993,0.3551392521546596,0.039571858278710195,-125.55159620049947,37.72752809382806,1,1
61,0.37178803092092183,0.3334795997151386,0.3526338153180302,0.04847219419352872,-126.61471968323332,37.45723853179541,1,1
62,0.3699011859007406,0.33790358182968533,0.353902383865213,0.13057027719626763,-125.73107636526935,36.809509714547005,1,1
63,0.3850908385164493,0.3440989789618015,0.3645949087391254,0.18391137568912766,-125.24478959557723,36.22594124826981,1,1
64,0.40840549893207917,0.34509698683354495,0.37675124288281203,0.20754267806319807,-124.40324419956953,36.962189615565485,1,1
65,0.41530830536957686,0.34312755282220686,0.37921792909589186,0.23003318755601543,-123.99862173940028,35.32992465475365,1,1
66,0.4260674028691669,0.3497633894481983,0.3879153961586826,0.25273625111113696,-123.3035443562784,34.50003808875684,1,1
67,0.44801100277187456,0.3629077032395687,0.40545935300572167,0.28865931703748654,-123.65073230262168,33.35327547482892,1,1
68,0.47631848957718076,0.38324572627433584,0.4297821079257583,0.31552681004977123,-124.16951861325805,31.003269477449905,1,1
69,0.4941021810214027,0.39779234809793623,0.4459472645596695,0.3381839870387585,-123.2245329129541,31.91491877993427,1,1
70,0.504741915260818,0.39541614244972556,0.4500790288552718,0.38017057685392625,-123.5860954813083,31.335348542000872,1,1
71,0.49963491214056377,0.39072423224034636,0.44517957219045506,0.38903703399985645,-125.42015450508664,30.409789556644984,1,1
72,0.30507558842726823,0.17588372518826206,0.24047965680776515,0.35430694145449954,-124.98762483992014,31.836071950007966,0,1
73,0.15366041507527992,0.07682594977038561,0.11524318242283277,0.27624206663282175,-125.38890375170025,34.38732480002113,0,1
74,0.10992069900834718,0.04877998420322559,0.07935034160578638,0.14920499121114564,-126.47068157175,36.520918542250165,0,1
75,0.1997939733704885,0.1610360725042738,0.18041502293738115,0.05676493069177207,-124.78532629628998,34.9831522336424,0,1
76,0.3436726709572138,0.31122976136799696,0.3274512161626054,0.046286278681180404,-124.79396783094099,34.16832038713359,1,1
77,0.4365074503234918,0.3541420888585326,0.3953247695910122,0.14786386332752013,-124.87711734199219,33.70205908690857,1,1
78,0.45372190620167513,0.37392319263838014,0.4138225494200276,0.19499359559792262,-125.56249453174054,33.734282199378065,1,1
79,0.4720343780853971,0.3917922839781117,0.43191333103175444,0.2467656740361503,-126.62116791610408,33.05862544387895,1,1
80,0.5064237134826268,0.39525422685294204,0.4508389701677844,0.2884429445625072,-127.01098661382649,32.78213101432199,1,1
81,0.5121432369860149,0.39002061659750975,0.45108192679176234,0.3078457186986448,-125.86320289150153,33.183201151217524,1,1
82,0.5185455789221064,0.4145260069206368,0.4665357929213716,0.3136920821168296,-125.94287053335118,32.985755941440544,1,1
83,0.5026916756250671,0.41523402041633306,0.4589628480207001,0.31986679567880494,-125.75272625383413,32.73496969299551,1,1
84,0.5276979806747252,0.4219857862350956,0.4748418834549104,0.2831319618946146,-124.87224313524045,31.64547693508735,1,1
85,0.534494276920345,0.423973410841461,0.479233843880903,0.2900625946571382,-126.17330793970683,30.846156715503867,1,1
86,0.5448444054457692,0.4303643593525718,0.4876043823991705,0.2667867388444601,-125.54417038024353,30.347235638777338,1,1
87,0.5441596644057678,0.4318405628009486,0.4880001136033582,0.259592238833791,-125.32481778616669,31.299330038461708,1,1
88,0.550343642101628,0.42670240686562166,0.48852302448362483,0.24088986798937165,-124.74850697276968,31.11108849662179,1,1
89,0.5398914934180888,0.4260343742564863,0.4829629338372876,0.23394485227356968,-125.39224312132743,31.554695698284437,1,1
90,0.5385980108222795,0.42493552254569666,0.4817667666839881,0.2641428400092044,-124.6257529408364,30.605396689819084,1,1
91,0.5226328310380236,0.4188246575518537,0.47072874429493866,0.27909151418343014,-125.45625646802914,30.96996536891144,1,1
92,0.5112794919631751,0.39590048444245046,0.4535899882028128,0.2961800733687733,-124.43562523665298,30.348513833792868,1,1
93,0.48693556815646294,0.3808664481408598,0.4339010081486614,0.305020441818753,-124.85843055579997,30.476120119379292,1,1
94,0.47549185336811006,0.37800829136590836,0.42675007236700924,0.3264512806819625,-124.46399780638711,30.07969302512866,1,1
95,0.5056223432427769,0.39767663024353944,0.4516494867431582,0.33491076416884924,-124.5867551822686,30.000930122296747,1,1
96,0.49073926957960906,0.38523843489065884,0.43798885223513395,0.32307513505766605,-123.49617270421534,29.368258721366164,1,1
97,0.5212535359064063,0.4188837312745257,0.470068633590466,0.3095040787334763,-122.59368934059826,29.292106631423625,1,1
98,0.5168268218816264,0.4172543317680087,0.4670405768248176,0.3037339452212812,-122.28267629643271,29.147862174683887,1,1
99,0.5524978031746085,0.43003285738636543,0.49126533028048697,0.3269965058791986,-121.42850563843622,29.163666014476547,1,1
100,0.5537585232783703,0.4298688107087458,0.491813666993558,0.3115080402623342,-121.21116143998478,28.841577120543672,1,1
101,0.5146921546631468,0.4119453927676878,0.4633187737154173,0.27874615893511906,-120.67281795094615,28.872935862206234,1,1
102,0.44569807536453004,0.34532234392543354,0.3955102096449818,0.21037442519227467,-120.61031515731392,28.872647900155624,1,1
103,0.33043158400490164,0.2584917267152127,0.2944616553600572,0.05126928772632806,-120.95323804055049,29.956154116068934,1,1
104,0.24711703516100697,0.20972562586983234,0.22842133051541966,0.026405420501729858,-121.93384281928114,31.194168035539153,1,1
105,0.17424066572267066,0.15160375226903658,0.16292220899585363,0.024330042950830626,-122.67434966185773,31.673062437275778,0,1
106,0.15305390235350483,0.11861588980248734,0.1358348960779961,0.11185053067758607,-124.24143508410425,32.503238854948584,0,1
107,0.24329578657599332,0.16112353432496715,0.20220966045048022,0.28166565201899146,-126.46658143279713,33.17750753254802,0,1
108,0.37287962581126616,0.2748927668088708,0.3238861963100685,0.3047607468169605,-126.60541411213114,32.47955471785394,1,1
109,0.417954734348729,0.33094954003967286,0.3744521371942009,0.32308883851692655,-128.05039554933265,33.34063860175041,1,1
110,0.46792022657799753,0.35394237463126776,0.4109313006046327,0.33928142518541876,-127.51249984831978,32.45092869766368,1,1
111,0.4867946585074246,0.37038946959619967,0.42859206405181216,0.37887683970690944,-125.18570411357224,31.910058715238208,1,1
112,0.5008309044233854,0.3808418065766476,0.44083635550001654,0.40806335070153266,-125.27555237354156,30.925382106550384,1,1
113,0.504205817125407,0.38403431847716685,0.44412006780128693,0.3927829433664755,-127.30319170267597,29.661475319076335,1,1
114,0.5014616059316604,0.386591879948613,0.4440267429401367,0.3631709099103037,-126.26207487577351,31.28818807948314,1,1
115,0.513350378774625,0.40436087551299615,0.45885562714381056,0.3148414253765204,-128.1054973994908,30.40563287820947,1,1
116,0.535937328077577,0.4294747530686354,0.4827060405731062,0.27269299131490243,-126.0456028692426,31.073286717515934,1,1
117,0.5252722812368704,0.4151595958416163,0.47021593853924337,0.22869762018992865,-125.25871777658091,30.89634925531483,1,1
118,0.5216133957353792,0.41505473774261953,0.46833406673899936,0.21211201234916638,-124.19312447177798,30.644163537315002,1,1
119,0.5271058708475421,0.4247148351134089,0.4759103529804755,0.17874787499304998,-124.04264929303217,30.515204470217633,1,1
120,0.5148531526090786,0.4198445184034034,0.467348835506241,0.11550826256702847,-123.69626921250186,30.610789335601538,1,1
121,0.48541155505228156,0.3998556457346519,0.4426336003934667,0.04707813811521489,-123.96656780202217,30.94850745383711,1,1
122,0.48808151239436404,0.40660238590492204,0.44734194914964304,0.0206015150979206,-123.97118442164886,30.829789233923265,1,1
123,0.4292226040219732,0.35589482410394274,0.39255871406295795,0.01792340328509527,-123.5170101447712,30.645018011634306,1,1
124,0.18750936506369492,0.14958203485484728,0.1685456999592711,0.015823547264256953,-124.06974337717332,32.24274900323919,0,1
125,0.15219472409877427,0.1438288594217989,0.1480117917602866,0.020627430475304902,-123.52695165711557,32.37566180355583,0,1
126,0.13212655671332882,0.1002604742324331,0.11619351547288095,0.1036686084463352,-123.25104519433225,31.49478921774151,0,1
127,0.23316474713387014,0.1809527737638942,0.20705876044888216,0.2741035945178704,-123.87833358014456,31.5259841841799,0,1
128,0.3566433085460141,0.29458718503122955,0.32561524678862186,0.16675391925944946,-122.59534424075379,30.1109177741154,1,1
129,0.42290302099006605,0.3438992067061486,0.3834011138481073,0.016986761255654074,-122.88250256896595,30.89515891528871,1,1
130,0.4600375366223683,0.3670334526805725,0.41353549465147044,0.016182957795605194,-122.96291288674509,30.778607283888164,1,1
131,0.4690094957829496,0.37639981885166457,0.4227046573173071,0.05927999072965213,-124.11065819218791,31.393391880934278,1,1
132,0.49067730141808635,0.3950291398938919,0.4428532206559891,0.2806970748267756,-123.97872402534273,30.723727791111525,1,1
133,0.4836566135405285,0.38797413180587165,0.4358153726732001,0.3200542149438297,-125.76444445868074,31.790562235675708,1,1
134,0.4619049610498082,0.37178558545571416,0.4168452732527612,0.3050630105339583,-126.44138627158686,32.24690804006271,1,1
135,0.48095994408344733,0.3728762943746099,0.4269181192290286,0.3260748945657762,-126.59997566500672,32.627879958816386,1,1
136,0.4936157562717146,0.39029649072097117,0.4419561234963429,0.3414307328733553,-125.61029189378665,31.617743446854966,1,1
137,0.4979169046424864,0.38680453980852797,0.44236072222550715,0.3400028439316207,-125.2957666095833,31.120122685766642,1,1
138,0.5186946109471231,0.4010978158407677,0.4598962133939454,0.3216635498673691,-124.38932310268687,29.10274951741906,1,1
139,0.5079645985156708,0.3990057018638129,0.45348515018974184,0.21574461830951486,-123.44451938642958,30.118977880400834,1,1
140,0.5005080814072644,0.40406138038435235,0.4522847308958084,0.021455869338002694,-122.4109710663416,30.205504009355405,1,1
141,0.5039827524444684,0.4138469821240488,0.4589148672842586,0.021007620506193963,-122.13976076705318,29.919028737781037,1,1
142,0.5232267696324675,0.42453154371420004,0.4738791566733338,0.027513215597208613,-122.01002193957214,29.580685901981845,1,1
143,0.5306784512250512,0.4286272074507959,0.4796528293379235,0.1728555768661795,-122.9224373571725,29.54276394141183,1,1
144,0.549289875044002,0.43254871108691206,0.490919293065457,0.32738227887552496,-122.47018921016543,29.114995044292318,1,1
145,0.5606818538370794,0.44382402443776436,0.5022529391374219,0.3813810045161,-122.42598011606658,28.537548045198747,1,1
146,0.5552480541771517,0.4471540739491319,0.5012010640631418,0.40445485053321134,-123.1195280829271,28.845781800908625,1,1
147,0.5299540934965687,0.43333978888973307,0.4816469411931509,0.3668128372379176,-122.7835870374779,28.293506343272693,1,1
148,0.5016308322405759,0.41234130081854126,0.4569860665295586,0.21685890058976828,-123.40930813457418,28.96781245799976,1,1
149,0.5118793760203922,0.4146463529747135,0.46326286449755283,0.12733443720531123,-123.80216101641818,29.868493079034494,1,1
150,0.48585130345524175,0.4078100440853683,0.44683067377030505,0.10383868710404863,-124.48617090380156,30.639248226999992,1,1
151,0.5043339026958387,0.41515402921310623,0.4597439659544724,0.029776557336898286,-123.3543709495967,29.778520618302878,1,1
152,0.5231862669663152,0.4161853636835085,0.4696858153249118,0.019495809347579073,-123.21476202642496,29.95247850295841,1,1
153,0.5138938439438538,0.4192604508531333,0.46657714739849354,0.023116841251536027,-122.86810511558551,30.24954393992072,1,1
154,0.5099120100803858,0.4116816931394449,0.46079685160991535,0.06051750317054495,-124.26960956607411,31.165110175472872,1,1
155,0.46046313235803116,0.36667811193924327,0.4135706221486372,0.23297402638669526,-124.95396707599248,31.45673370089181,1,1
156,0.15385784061936683,0.12900256861535017,0.1414302046173585,0.32395973346951196,-126.97700732572781,33.06562133572637,0,1
157,0.11829446915975353,0.09469989215235551,0.10649718065605451,0.34847568438872106,-127.32248029148091,34.10050453552369,0,1
158,0.15486049915630787,0.10986917056135777,0.13236483485883282,0.40398427882493293,-127.5164858035102,33.704405220232125,0,1
159,0.24344376015102442,0.18914453144105878,0.21629414579604161,0.39782744697860745,-126.4724256502889,31.78146370865864,0,1
160,0.34078246219221303,0.2883802378129422,0.3145813500025776,0.35494534886038365,-125.37930143228606,30.502882328449413,1,1
161,0.42535905453003925,0.3268556367223085,0.3761073456261739,0.37077289156868926,-125.74170523770128,30.91802710552592,1,1
162,0.44528714919116436,0.3500728931744751,0.39768002118281975,0.3430335296565559,-125.98377088835538,30.988964810205843,1,1
163,0.4705621835794125,0.36686285701222343,0.41871252029581796,0.3326235021449733,-126.03865244810149,30.95984444983843,1,1
164,0.4612916962003354,0.37799807700877924,0.41964488660455734,0.2674084973575166,-125.48690957052891,31.04455767909018,1,1
165,0.4810479910818812,0.38492501307625376,0.43298650207906747,0.09055474672273792,-125.6156190706743,31.625239458286895,1,1
166,0.4873086018133796,0.38317320452709813,0.4352409031702389,0.013549108083992248,-124.15411315848456,31.23905181549573,1,1
167,0.48602707061382894,0.3823908902476518,0.4342089804307404,0.01856120362884332,-123.46116244174202,30.62602895997188,1,1
168,0.5151105788441659,0.3969224105050368,0.45601649467460137,0.1381930388737016,-123.8804416694405,31.096627442365943,1,1
169,0.5283587953923066,0.40926219076156695,0.4688104930769368,0.20983526768400976,-124.04839125867491,31.609088250008284,1,1
170,0.5093479971128425,0.40333985487811297,0.45634392599547774,0.252097615455329,-123.85179109566046,31.193621951414016,1,1
171,0.5009172509066544,0.4001295589129825,0.45052340490981846,0.27973960092121614,-124.40851768074802,31.503917827554055,1,1
172,0.49571255083874044,0.39574294924836184,0.44572775004355114,0.3022678429273245,-124.90058165164207,31.481459419619917,1,1
173,0.49016418242586995,0.39345962889035374,0.44181190565811185,0.33698360330313243,-124.7475233818159,31.52051736818809,1,1
174,0.5011034654581067,0.4024580937996492,0.45178077962887797,0.3321838081460958,-124.92326080322242,31.38265801083572,1,1
175,0.5009288666323202,0.40125412560657014,0.45109149611944516,0.3321501473653379,-125.34646252393364,32.17135783888618,1,1
176,0.5075156458462976,0.40757652530859295,0.45754608557744525,0.3550880350725656,-124.5482144493503,31.451998220414865,1,1
177,0.5095290784924135,0.404068934702164,0.4567990065972887,0.2596738328825745,-122.74333100834849,30.175311507503288,1,1
178,0.44977312988773543,0.3577112074958234,0.4037421686917794,0.03067528777322501,-122.17290646649172,29.918249086845332,1,1
179,0.15157963748017692,0.10719101806935168,0.1293853277747643,0.017633845676126556,-122.95330939870148,32.07918705248524,0,1
180,0.10811829418034122,0.07666289856223,0.0923905963712856,0.01717261536709015,-122.67874974266076,32.21716763829779,0,1
181,0.1448063512888511,0.06415635439046957,0.10448135283966034,0.07638343319391272,-123.28755547505914,31.915495737782383,0,1
182,0.22554126356646756,0.1066428905072761,0.16609207703687184,0.2302728515640335,-122.76310056343421,30.851808027818862,0,1
183,0.31174169162206466,0.17863581046570184,0.24518875104388327,0.3426860832936062,-122.13864355632053,29.369010504341347,0,1
184,0.38082127629328294,0.26768840965301843,0.32425484297315066,0.42679316513350674,-122.23717562027215,28.090218900584176,1,1
185,0.44470842298782814,0.31730596039357817,0.3810071916907032,0.45689673785186014,-122.90000688857855,28.162085838666172,1,1
186,0.49458536974027295,0.3453581980237526,0.4199717838820128,0.4469286616374641,-124.9267261237566,28.387521388663647,1,1
187,0.4746556225252792,0.3529372504577537,0.41379643649151643,0.40802977721939115,-127.66082472674573,29.693183480534316,1,1
188,0.4849130334254105,0.35065240973319395,0.4177827215793022,0.36407032478694595,-128.77133326208508,30.45114754870161,1,1
189,0.4930533590231761,0.3592209998513538,0.4261371794372649,0.36876739071228914,-128.79925535479268,30.449567941233152,1,1
190,0.5037384710117571,0.3672723111917744,0.4355053911017657,0.3728088994828055,-128.94807664208088,31.9870574658161,1,1
191,0.5060964236649396,0.37031550497698457,0.43820596432096204,0.3511250371095211,-128.35955017604132,31.65896050787169,1,1
192,0.48999488489925747,0.3602725659059901,0.4251337254026238,0.31592863123885095,-127.83885103553492,32.90887021473848,1,1
193,0.5024606953679776,0.37804778703441116,0.4402542412011944,0.2664115235498462,-129.31584403378662,32.2850220536525,1,1
194,0.5005603733319205,0.38360998964023313,0.4420851814860768,0.2122722020469116,-127.56129389116926,32.23153547341522,1,1
195,0.4998288729046584,0.38812867696414965,0.443978774934404,0.08834538916623969,-127.0903750670757,32.77210562702435,1,1
196,0.4997669431082007,0.3899614301305451,0.4448641866193729,0.017005792148991433,-125.58885965002585,32.285845746632496,1,1
197,0.4963313967729838,0.3913023508080785,0.44381687379053114,0.01959646514953611,-125.00283496874268,31.720529548557515,1,1
198,0.5195060852689793,0.41165901751061884,0.4655825513897991,0.029890355854195118,-124.97353927019263,31.479246054341427,1,1
199,0.5351922254207155,0.42048903476729416,0.47784063009400485,0.1528445288807104,-124.76928428888596,30.90266271467473,1,1
200,0.5384387326196141,0.4318990680564042,0.48516890033800913,0.1784389138241776,-124.44215176607588,30.38186636615884,1,1
201,0.5566362310983838,0.4452812498407579,0.5009587404695708,0.183572104182715,-123.56731107382933,30.31824219222994,1,1
202,0.5589689571861046,0.439392656597561,0.4991808068918328,0.2239866284813022,-123.73338641662058,30.345875183414034,1,1
203,0.555516378992282,0.435926869154626,0.495721624073454,0.23839676905552973,-123.3582112495292,30.077522052392652,1,1
204,0.5208672749346095,0.40862891193531165,0.4647480934349606,0.24538144788880614,-123.22111019796957,29.613637924840287,1,1
205,0.517243535316429,0.40124124378266385,0.45924238954954644,0.2894437962869209,-123.83612745695173,29.885514955563057,1,1
206,0.5327048467350535,0.39733760367913773,0.4650212252070956,0.36382629842164277,-124.47347098548899,29.877175527729936,1,1
207,0.49857956898663136,0.37512587828202676,0.43685272363432903,0.3965640979707217,-124.0551479439704,29.227941656507163,1,1
208,0.5024509937410117,0.3624519243395653,0.4324514590402885,0.4218032525148398,-123.46076631580489,28.710265751260177,1,1
209,0.5170143935493896,0.37492074387041874,0.44596756870990417,0.4285650908782747,-125.11399996571346,27.37503355947439,1,1
210,0.5118064573522465,0.37440468803637256,0.4431055726943095,0.43213447806597993,-124.01388447898948,28.453000182384947,1,1
211,0.5307814351549031,0.38950971462429307,0.46014557488959806,0.41027377862965536,-124.01558741510333,28.359291990382154,1,1
212,0.5106545708493888,0.37754477685134685,0.44409967385036786,0.3851771589263875,-123.63175352506333,28.51006475416118,1,1
213,0.5237685368931542,0.3856926870193889,0.4547306119562715,0.3206671616581151,-122.78756856627267,29.02361647370987,1,1
214,0.49954911962092186,0.38152872025926043,0.44053891994009114,0.2482107797987724,-123.78561707564486,29.21166500935423,1,1
215,0.4956495379284591,0.3921048466007483,0.4438771922646037,0.1670682023102329,-123.88834753383077,30.04021508455979,1,1
216,0.49314303281961375,0.38802518271147507,0.4405841077655444,0.03351153369189899,-123.29554961120459,30.388533225143703,1,1
217,0.4408993164279223,0.3519145564332181,0.39640693643057023,0.020233431870627285,-123.10764939004908,30.451037591862562,1,1
218,0.2346332395690505,0.17587521109646004,0.20525422533275528,0.023371896227561,-123.54532833928559,31.501788931205663,0,1
219,0.1342793944202499,0.11127627830351365,0.12277783636188178,0.06381734242220093,-124.01822197667596,32.289027296486104,0,1
220,0.15081268958866986,0.09832566769598758,0.12456917864232872,0.20070826917077764,-123.83951975348972,32.07171741484955,0,1
221,0.23472256705941122,0.16408068037150447,0.19940162371545783,0.2597600998522931,-124.84635212433123,31.688318658091752,0,1
222,0.32204214080228216,0.23587036737611763,0.2789562540891999,0.2972106440241024,-124.77831806102783,30.73812031077799,1,1
223,0.4371737172198423,0.32911690186691256,0.38314530954337744,0.321981485561291,-124.29247515881593,29.41947540251224,1,1
224,0.4527445958841025,0.3425606025925988,0.3976525992383506,0.3352085614092738,-124.36401553561093,29.156824385882405,1,1
225,0.46672180665600843,0.3548397695248583,0.4107807880904334,0.31229847656592324,-124.96135430754562,29.587005240534694,1,1
226,0.4842345210045371,0.36129504144867075,0.42276478122660394,0.28076457302056435,-124.72830229335933,29.920257565687667,1,1
227,0.4807098260242347,0.37019597688922756,0.4254529014567311,0.2078879525302963,-125.00628457594621,30.692093332139976,1,1
228,0.4724892513698023,0.3740166157782116,0.42325293357400695,0.025083867477075115,-123.54049041038006,30.601638644075383,1,1
229,0.46440703038673686,0.36374045466120364,0.4140737425239702,0.012379397675665347,-123.47164605077661,31.403009515550067,1,1
230,0.4704855143399268,0.3730009276491427,0.42174322099453476,0.013503977465988122,-123.29122866594926,30.872541488122224,1,1
231,0.47223305022505474,0.37030345054264807,0.4212682503838514,0.029580720705764178,-122.6887397865715,30.633664445123355,1,1
232,0.47431535456366175,0.37387553353950237,0.42409544405158206,0.021366558167416023,-122.7121915148494,30.75374574642293,1,1
233,0.473083998440946,0.37382491716159266,0.42345445780126933,0.016078741217852625,-122.83775483527187,31.255961441742837,1,1
234,0.4671300523776931,0.37410016809769026,0.4206151102376917,0.02107893258880134,-122.91158683857604,31.12585561584742,1,1
235,0.4678005065924512,0.38476710226448874,0.42628380442846997,0.1511967021886609,-123.43774672877909,30.47335035319581,1,1
236,0.4603466788721433,0.38282511693536253,0.4215858979037529,0.2691585299231523,-122.89472864883143,29.753342024225468,1,1
237,0.47428102272659073,0.38386038737941336,0.42907070505300204,0.2917841139005728,-122.80227690274654,29.812561189419164,1,1
238,0.47387835092120545,0.3860289506963507,0.42995365080877807,0.031209727282182926,-124.39302440624314,31.20877726025692,1,1
239,0.47819142519313457,0.37602055499952264,0.4271059900963286,0.01209698480041535,-124.54077270826787,31.58710264447522,1,1
240,0.4755830058290668,0.37386771516993034,0.4247253604994986,0.012005999389578647,-125.56617916086616,32.10782294551079,1,1
241,0.479065431244679,0.38421206325386237,0.43163874724927065,0.14476893529243418,-123.83682545085576,31.136131484147924,1,1
242,0.4913773310944471,0.39239438848870606,0.4418858597915766,0.29014399504755556,-124.39351107195408,31.622224930292838,1,1
243,0.505124477341757,0.39398235002088633,0.4495534136813217,0.2823381338229292,-123.52834213125283,31.074745279377648,1,1
244,0.49929507197110756,0.4000091818897098,0.4496521269304087,0.0967150095130031,-123.14200927438412,31.165683004885313,1,1
245,0.49791461291105726,0.39274013488301296,0.44532737389703514,0.017568800708270133,-122.2939163567537,30.604877364766093,1,1
246,0.49287266024865517,0.3862605508834921,0.43956660556607363,0.025474958279522765,-122.09624508470051,30.498357856107024,1,1
247,0.5032398633115244,0.39842633935616306,0.4508331013338437,0.1731404929351923,-124.04322531317652,31.0974372541643,1,1
248,0.5197187930248399,0.4111312664720698,0.4654250297484549,0.28082149921674127,-124.85040754050786,31.06805012783248,1,1
249,0.5332795491191227,0.4229986494919301,0.4781390993055264,0.307373292052489,-125.56052884790728,31.252214157299992,1,1
250,0.5475962395955934,0.4379115005351688,0.4927538700653811,0.3284040014805313,-125.37896906054009,30.934587388776073,1,1
251,0.5386247268788987,0.42244809562876723,0.48053641125383295,0.3552166637479039,-125.14883357938729,30.518960209549267,1,1
252,0.5447531557489962,0.44226841792561894,0.49351078683730754,0.3391471276149449,-124.24596462035755,29.825254843691187,1,1
253,0.5431666350359537,0.44112673023871785,0.4921466826373358,0.1978779828241593,-123.60112869877996,29.704028637571632,1,1
254,0.53216071396821,0.4395647083052606,0.4858627111367353,0.027433972746868828,-123.3934557302052,30.298343406484243,1,1
255,0.533307351285843,0.4403068443653605,0.4868070978256017,0.018676089420588116,-123.6521484652039,30.824102785597525,1,1
256,0.5107206201548778,0.42353075417183755,0.4671256871633577,0.02794041696485035,-123.82624268466333,30.872593248154317,1,1
257,0.5137683967200938,0.41791396744925824,0.465841182084676,0.21649648184408568,-123.76498910899979,30.60063466126109,1,1
258,0.5192107747168645,0.4233365591657543,0.4712736669413094,0.2899441371118494,-123.54479578823124,30.41128863606777,1,1
259,0.5059054829918438,0.4095601586639104,0.4577328208278771,0.3018994786563559,-124.03862015041052,30.88706764137764,1,1
260,0.5113635381975412,0.41395324088717,0.4626583895423556,0.3307786777602958,-123.33447319820974,30.59796015900389,1,1
261,0.5256097738753872,0.42036256366008895,0.4729861687677381,0.3603430428027249,-123.00559101515451,30.269452487191643,1,1
262,0.5096323561507331,0.4261996085300383,0.46791598234038567,0.3887487888140676,-122.80871916683897,29.94754929675603,1,1
263,0.5263970952217548,0.43245574053357055,0.4794264178776627,0.43414557310035373,-122.25481087675932,29.175292324445287,1,1
264,0.532987632960521,0.43104459485328317,0.4820161139069021,0.34308251418877733,-124.28380862245572,30.570997202151187,1,1
265,0.501980797596721,0.40003407465889285,0.4510074361278069,0.3030466699227243,-125.17615011049776,31.458001912149754,1,1
266,0.26037198534141165,0.22203920440042949,0.24120559487092058,0.25534679870503685,-125.35951151632393,32.078599162614296,1,1
267,0.15761190900596325,0.13795659246163974,0.1477842507338015,0.24965551684495693,-126.48763660300695,33.65128886636067,0,1
268,0.21241498559907024,0.15746362302001737,0.1849393043095438,0.2735651154170822,-126.52130779959289,33.246499734958526,0,1
269,0.33529995436746274,0.2811544554898621,0.3082272049286624,0.2723737481706061,-126.22186651957347,32.442744075308994,1,1
270,0.43007749265410233,0.338136097745108,0.38410679519960517,0.27572065620838526,-125.97218943225747,31.993865414556897,1,1
271,0.4685060868091815,0.36448446664662504,0.41649527672790326,0.25470847537313895,-125.44347408662404,31.488423637885724,1,1
272,0.4868143458359571,0.3770457876096666,0.43193006672281187,0.21046778888264758,-124.43255633506124,30.9272682362226,1,1
273,0.5199110671288552,0.3971283400808143,0.45851970360483474,0.20570108888310235,-123.19028789631818,30.621376248130268,1,1
274,0.5092178814336951,0.3905351571269267,0.4498765192803109,0.21868106449106425,-122.55085320104301,30.42581927916122,1,1
275,0.538533722781744,0.41105242416245225,0.47479307347209815,0.2335926469638684,-122.48724666079185,29.955099190553867,1,1
276,0.5227263913364841,0.4062310416087831,0.4644787164726336,0.24672996592744054,-122.84075943816269,30.123903237293007,1,1
277,0.5150991609996985,0.40272343547838496,0.45891129823904175,0.29273127735838944,-122.8014423401459,30.08311928015999,1,1
278,0.4998837658778095,0.3972194953934581,0.4485516306356338,0.1278065467352795,-122.98190787019344,30.682428844738336,1,1
279,0.4977334364645184,0.39377665247816035,0.4457550444713394,0.018185966699129745,-123.69681295789249,31.524755670033585,1,1
280,0.51145955873729,0.40186312746102326,0.4566613430991566,0.014248941236074834,-123.7440305138867,30.929733986340214,1,1
281,0.5130700534800674,0.41128753151797265,0.46217879249902005,0.12129782182481444,-125.90419046957247,32.34560021125913,1,1
282,0.5148849350118,0.4041199951756383,0.45950246509371917,0.20285440267893334,-126.9844958373037,33.115916272821124,1,1
283,0.51849602883169,0.4048214396136201,0.461658734222655,0.23441299444949948,-127.23230174596202,33.08374378823627,1,1
284,0.5117586626602791,0.4074229525685605,0.45959080761441984,0.23141090060603656,-127.00055897443853,32.8063011695282,1,1
285,0.5135435914739065,0.41124076330757403,0.46239217739074023,0.22393860302620086,-126.47674606231593,32.532193937199274,1,1
286,0.5065465656809941,0.41121465742146956,0.45888061155123183,0.04607683599981005,-124.97572671244151,32.02521740986912,1,1
287,0.5291999591815318,0.4223350986678791,0.4757675289247055,0.025442745244812087,-123.75210132579834,31.297864342167752,1,1
288,0.5373618778426129,0.42484661872679463,0.4811042482847038,0.023311622231151553,-123.38068556993285,31.629796096146674,1,1
289,0.5239736659318084,0.4226628452891452,0.4733182556104768,0.023821446154388963,-122.77792678867206,30.920395192337043,1,1
290,0.5246347691177642,0.428880771269804,0.47675777019378407,0.028916249985556145,-121.32914617297894,30.173551282576536,1,1
291,0.5230378223957926,0.425546066203137,0.47429194429946475,0.09061245239063977,-121.40416432665252,30.08639281092586,1,1
292,0.5172256399188003,0.4239144036381529,0.4705700217784766,0.18503801150179036,-121.46495524877014,30.1119625406516,1,1
293,0.5697058000293332,0.4546974139739528,0.5122016070016431,0.3030449081412348,-122.86377771706076,30.52105568318527,1,1
294,0.5339998462116259,0.4331385951873965,0.4835692206995112,0.43027699631652866,-123.10189303673643,30.347701772205067,1,1
295,0.5509526297458399,0.4375467825132304,0.49424970612953517,0.5829283298931948,-123.64791758170145,29.50592500295628,1,1
296,0.5693441890750379,0.44635994405546925,0.5078520665652536,0.5833760915995072,-124.9398071814015,28.451561426996445,1,1
297,0.5658188970097593,0.4381564710823475,0.5019876840460534,0.6348227144408711,-123.72719187567891,29.379972401417113,1,1
298,0.5694643950278874,0.44168182884840984,0.5055731119381486,0.6470699390398211,-123.25969040584492,27.078342380278947,1,1
299,0.5739433238090556,0.44155964471377873,0.5077514842614171,0.6647678256245038,-122.92424572194535,26.758233202739508,1,1
300,0.5685504955357095,0.4459594606574971,0.5072549780966032,0.6868570921491366,-120.22345099088732,26.886030599241856,1,1
301,0.5486881368964748,0.4350282780698888,0.49185820748318176,0.6839431176829586,-121.21103863731743,25.454622014467862,1,1
302,0.5730251906643306,0.4537173410066249,0.5133712658354778,0.6957861211053021,-121.4727976056187,25.751149466024124,1,1
303,0.5589022135015025,0.44115556588783106,0.5000288896946667,0.7017307079018102,-122.54098504331665,24.43476343011664,1,1
304,0.5672198784052642,0.44294191203009786,0.5050808952176811,0.710997802192734,-121.6552573785866,24.673182091584717,1,1
305,0.5710374399763511,0.4487512862131896,0.5098943630947703,0.7006446187808254,-121.76070346776093,24.58106613047484,1,1
306,0.5652969011475629,0.4434677910510119,0.5043823460992874,0.6849493437636037,-121.38902045981409,24.24884374649702,1,1
307,0.5633556448981688,0.43958649703100394,0.5014710709645864,0.6801298483282338,-122.63144469197431,25.38196548508575,1,1
308,0.5687718319139908,0.44688691556183147,0.5078293737379111,0.6702741980284947,-124.62651029366467,24.773295671582666,1,1
309,0.5621882807277371,0.4352211824682993,0.4987047315980182,0.6821615625140067,-122.54093924021171,25.091107220063193,1,1
310,0.5406644155360188,0.40562313543948186,0.47314377548775033,0.6636111078744985,-122.5992791270296,26.63480089870547,1,1
311,0.5609972983254624,0.4178112561147747,0.4894042772201186,0.6429334561798525,-123.0903991860556,26.633564993280316,1,1
312,0.546293178924264,0.42021571462438084,0.4832544467743224,0.5959959050905307,-126.70697384663846,26.88279985202995,1,1
313,0.5395493940621948,0.41041401419080403,0.4749817041264994,0.46887336857758477,-131.95946848278976,29.274374557935108,1,1
314,0.5220971215848793,0.39297374042777106,0.4575354310063252,0.39207046704130816,-129.0563493375932,30.107064123784863,1,1
315,0.5256308495487158,0.40670715827341314,0.4661690039110644,0.3302783044183268,-131.74177961864265,35.05680411442855,1,1
316,0.5129074463322012,0.38204028451311506,0.4474738654226581,0.32745739542589153,-131.89682554473757,32.7664744511505,1,1
317,0.4930580151367418,0.36658469510712866,0.4298213551219352,0.3321932034334434,-133.95758014934606,33.01450333306659,1,1
318,0.5064035216228328,0.3748441229155975,0.44062382226921515,0.3278680489576982,-131.48490935959038,32.263148661353725,1,1
319,0.5064966556323512,0.38040460586026725,0.44345063074630925,0.3211072645777461,-132.33983578425438,33.25051688016305,1,1
320,0.4921971580399915,0.36873098738813054,0.430464072714061,0.3082170766028754,-133.2478260525564,33.97570858599576,1,1
321,0.4887509773604248,0.3709693564294121,0.42986016689491846,0.31356924714714046,-131.67009493408398,33.797620630114125,1,1
322,0.503266091338567,0.38679802246687545,0.44503205690272124,0.31105912190308604,-130.86309194036463,33.37982992005806,1,1
323,0.4906497521132886,0.37246797432207907,0.43155886321768383,0.2954435710649958,-130.0325023694972,33.488140942423016,1,1
324,0.38291098507439747,0.30472357136092354,0.3438172782176605,0.2523340853662145,-128.39595566803732,33.066646503749865,1,1
325,0.21201347677215812,0.1584946977172282,0.18525408724469317,0.17313340484818604,-126.66353881200142,33.156585902491784,0,1
326,0.24258306902895843,0.1577707962607048,0.2001769326448316,0.04162622940858018,-124.96797997126815,32.831337968982744,0,1
327,0.32858270476555806,0.26778464136984426,0.29818367306770116,0.012511878785360628,-124.41147677873637,32.78639705300027,1,1
328,0.43779781920917377,0.3385156336394269,0.3881567264243003,0.016171453884386247,-123.33906417247199,32.128782257570954,1,1
329,0.44530378012277555,0.34841025210052246,0.39685701611164903,0.012815927374196043,-123.13331029633038,31.843269624436523,1,1
330,0.46456633404500414,0.363514969996077,0.4140406520205406,0.015405155471310945,-123.39901376806635,32.17805146591909,1,1
331,0.45149864186847827,0.36421625259165263,0.40785744723006545,0.013239482191844443,-123.4489199748548,32.268565606990315,1,1
332,0.4629425899633847,0.3600652707245679,0.4115039303439763,0.011514803879129567,-123.72594577460077,32.49016118400052,1,1
333,0.4789857916985726,0.3705633544180543,0.42477457305831345,0.026033461431337467,-124.25412588264342,32.7287276133519,1,1
334,0.503241978681709,0.38263114033211976,0.44293655950691435,0.18505536791174956,-124.53911309912277,32.32067157013744,1,1
335,0.5032810180602495,0.39267115637972505,0.4479760872199873,0.24422331021985066,-125.106610953909,31.991379179089147,1,1
336,0.5058162614978078,0.38723519309954785,0.4465257272986778,0.28853560106941845,-124.53157023930615,31.491811089847843,1,1
337,0.5148594793436737,0.40329785331234946,0.4590786663280116,0.34878657664027374,-124.15990766796116,30.37498160892155,1,1
338,0.5102134387632067,0.39799072755456255,0.4541020831588846,0.33487146288700764,-124.0016240277988,29.802779401308637,1,1
339,0.5245739110899376,0.4086163131152882,0.46659511210261284,0.34100314572194707,-124.11091884892616,29.518005122125015,1,1
340,0.5222988031002429,0.4059814675320056,0.46414013531612425,0.3353469298088074,-124.02812897649456,29.130266290117753,1,1
341,0.5309370828381317,0.41546988642455585,0.47320348463134376,0.3164600650129663,-123.93183562063828,28.821734115610873,1,1
342,0.5409830210279821,0.42322473085828505,0.4821038759431336,0.293759154207613,-124.2561502700789,28.789959524124566,1,1
343,0.5358756772841601,0.4173276702906834,0.47660167378742174,0.289100442244037,-124.27559667530396,28.65876250788601,1,1
344,0.5194811997650022,0.40907514046070126,0.4642781701128517,0.2920076434833367,-124.52456498628476,28.10690266801745,1,1
345,0.4774649437425965,0.36624373940229743,0.42185434157244694,0.27414032749333705,-123.6432847079575,28.135787321141372,1,1
346,0.4677209332777507,0.3199668070163616,0.39384387014705613,0.29270262614823256,-122.57485702539546,28.00713154223567,1,1
347,0.464721300926816,0.31958766582439874,0.3921544833756074,0.29482738689191657,-123.245926806817,26.610831500587857,1,1
348,0.4829595187943234,0.3204224625933912,0.4016909906938573,0.2775906699382328,-123.88369409618443,26.899267472663205,1,1
349,0.46662013344727565,0.31178253696505953,0.3892013352061676,0.3060820659387515,-122.71866064319909,27.95454269537048,1,1
350,0.4811235157158387,0.3232993696161357,0.4022114426659872,0.28908244327898064,-123.74162509677102,27.022808300771253,1,1
351,0.4808623029293512,0.33172858223978,0.4062954425845656,0.2904539146662095,-122.73046523708678,27.902431062640233,1,1
352,0.47768812912681347,0.3278604261485098,0.4027742776376616,0.31375001624221566,-122.77347867665092,27.76781104862623,1,1
353,0.4826263087412679,0.3310304634904628,0.40682838611586536,0.30010100472575857,-126.54035476864362,26.66758613413721,1,1
354,0.4768433068380855,0.3425185402866587,0.40968092356237207,0.29363804844919245,-125.0335948230461,29.001094858583933,1,1
355,0.47135082667747663,0.3340075349393606,0.4026791808084186,0.29572904798010574,-125.36913437020824,29.518725330535734,1,1
356,0.4792209026938391,0.33809267415367555,0.4086567884237573,0.2913513909222823,-128.40647176564545,28.218271954141468,1,1
357,0.4885581396039575,0.3421809613970181,0.4153695505004878,0.3009403603154667,-126.84058963327328,29.888047880033493,1,1
358,0.48860450518231885,0.3509364352949938,0.4197704702386563,0.3257298364209534,-129.60182067176586,29.04717426005101,1,1
359,0.47868668993622715,0.3328502153055211,0.40576845262087413,0.3072596364615055,-127.33306249346266,28.417736702550698,1,1
360,0.48261918906958307,0.3316826702114922,0.4071509296405377,0.3022416044114893,-127.51543613734964,28.76698354855776,1,1
361,0.4867408002863822,0.33633493320038826,0.4115378667433852,0.3107666765365426,-127.91813818816927,29.197154188264285,1,1
362,0.48315552520394683,0.3376850686825474,0.4104202969432471,0.31048761564817445,-127.86961417829446,29.125528436365858,1,1
363,0.4891107744698701,0.3434053619076848,0.4162580681887774,0.29135491390759855,-127.05423807567955,29.115238496783654,1,1
364,0.4789748599007107,0.3409915469856462,0.40998320344317846,0.2824777211656778,-124.28536718339977,29.438813568208214,1,1
365,0.4797690308494124,0.34776231750359776,0.4137656741765051,0.2069498157080118,-125.4377260271597,28.86574325385809,1,1
366,0.4515461259275386,0.3301607968664186,0.39085346139697863,0.03339400282054786,-123.77126830203525,29.276333912372035,1,1
367,0.4140986913211748,0.3202559533639993,0.36717732234258704,0.022602394172342374,-124.55088468923539,29.89831110980746,1,1
368,0.3940200470630585,0.3052819298010929,0.3496509884320757,0.019928636833823465,-124.86432842573313,30.313411418791425,1,1
369,0.2796537216781041,0.2105369012465253,0.2450953114623147,0.1452013991134288,-125.69546332523034,31.157951676771194,1,1
370,0.16816611786253988,0.12382095417180111,0.1459935360171705,0.2814838703878055,-127.72188592976488,32.48706439024218,0,1
371,0.17542224316416427,0.1196306892041677,0.14752646618416598,0.33728119575681453,-127.14727955845264,33.17710084037304,0,1
372,0.214317826642674,0.14427922033103002,0.179298523486852,0.35937779233347716,-128.3020867049631,31.814227602825703,0,1
373,0.3041388334938789,0.21448106944377246,0.2593099514688257,0.3827674429398946,-129.06908876577012,30.511419439190664,1,1
374,0.419824595721721,0.3070921017519123,0.36345834873681665,0.39201179047760076,-128.4671517485021,29.60360136399271,1,1
375,0.4668748970165684,0.3264379925688992,0.3966564447927338,0.4035445903840948,-128.38367855124147,29.32786593450689,1,1
376,0.4607386632298546,0.3275740103139112,0.3941563367718829,0.4167142614693944,-127.82897280131367,29.340688197329072,1,1
377,0.46102411845486857,0.34635001477903504,0.4036870666169518,0.435119552011195,-127.55344257810354,28.03801863137244,1,1
378,0.47232943413922723,0.35663753978686696,0.4144834869630471,0.4301628314839383,-124.71385752683983,28.185398925175637,1,1
379,0.49772419518174776,0.3688294636856961,0.4332768294337219,0.31234533805134573,-123.39682459413343,29.578208267557667,1,1
380,0.48355188948134725,0.3650275676302936,0.4242897285558204,0.09810946572226306,-124.89370154322296,30.01735131242787,1,1
381,0.4770174120569881,0.36929751952726264,0.4231574657921254,0.019012424143100854,-124.64019386976945,30.599709178299147,1,1
382,0.47894537256498165,0.37520884149269906,0.4270771070288404,0.01746927174501818,-125.28639616185318,31.455205370144284,1,1
383,0.467286811002454,0.37336794208732377,0.4203273765448889,0.030169691277900326,-125.03357156307322,32.21232725383343,1,1
384,0.5092326416740982,0.3857017901124542,0.4474672158932762,0.20276554909688854,-123.8007909591624,31.054624029021248,1,1
385,0.5230557940268149,0.39655199994540147,0.4598038969861082,0.293012587662058,-123.84465191366907,30.82129125077638,1,1
386,0.49265811199462667,0.3859406622771195,0.4392993871358731,0.3838775774778813,-123.16826969895857,30.178956796470533,1,1
387,0.499729148569335,0.3810783588793833,0.44040375372435914,0.4162588677052926,-123.4898028946174,29.775160958085735,1,1
388,0.514111753709422,0.3978265171791617,0.45596913544429185,0.45936245747729115,-123.64591076990115,29.45089137339252,1,1
389,0.5061436269558222,0.39469242608205235,0.45041802651893725,0.4348949794174285,-123.20982290671006,28.65077972235415,1,1
390,0.514982575892743,0.4011661282790128,0.4580743520858779,0.3146586648203392,-124.80116607808802,29.955494109987384,1,1
391,0.5102547675130735,0.4070176514106812,0.45863620946187733,0.1951997536128269,-124.89781479165461,30.58525335815546,1,1
392,0.501502123348046,0.40661752252101,0.454059822934528,0.12503838980819482,-125.07690560112225,30.785458459866035,1,1
393,0.5080137889055097,0.41396914640503263,0.4609914676552712,0.01682584079454496,-125.60612828869428,31.506199864772338,1,1
394,0.52244735854879,0.4213450962455818,0.4718962273971859,0.01550073056582642,-125.58885475307359,31.443740260152122,1,1
395,0.5212103278268064,0.4240026641587631,0.47260649599278476,0.020108995350070588,-125.76316156369319,31.469430186046488,1,1
396,0.5354722227100728,0.4206291238672502,0.47805067328866147,0.15534349550944898,-127.3017371293324,32.31193559361174,1,1
397,0.5039048555411774,0.41796417554081533,0.46093451554099635,0.26683869309798985,-127.94286580800178,32.44469442379023,1,1
398,0.5080162387224715,0.4169741659996466,0.462495202361059,0.32647220606593175,-126.81494027379821,30.716271956759577,1,1
399,0.5223979415852847,0.42732619999222987,0.4748620707887573,0.32470849126408136,-125.78146615063332,28.817789542690456,1,1
400,0.5190556788626031,0.4358833506605323,0.4774695147615677,0.21355077423698474,-125.33569034035003,30.387363576974504,1,1
401,0.5314328581317098,0.43486714953262895,0.4831500038321694,0.018932136025469958,-124.30857373860654,30.31688882050656,1,1
402,0.5318586534604065,0.4367965495319996,0.484327601496203,0.018645001059397943,-123.93491805222524,30.568446180748644,1,1
403,0.40481268043891866,0.3609106203001277,0.3828616503695232,0.02738211733067922,-124.32640965431885,31.181255174049316,1,1
404,0.1082233016487356,0.06401054665359812,0.08611692415116687,0.19912487889886005,-123.62928837746021,32.15315682302547,0,1
405,0.11951433667401351,0.026909058169866745,0.07321169742194013,0.34277567830169187,-125.38402024180317,33.52465134556475,0,1
406,0.09589523133314405,0.037757327028917244,0.06682627918103065,0.3916845764680232,-127.26130624091826,34.09186112705309,0,1
407,0.15461446107671395,0.07681531903880258,0.11571489005775826,0.3892088227494481,-127.7376865426937,33.76048762603629,0,1
408,0.37253050115509473,0.2639352431406813,0.318232872147888,0.40116453573845995,-126.42742934985714,31.942371396806042,1,1
409,0.4435343877969701,0.3444214209245998,0.39397790436078495,0.4265253031227386,-126.13807758891977,31.67146870492389,1,1
410,0.4791479217899522,0.37359660272471934,0.42637226225733577,0.5362885547506626,-123.35371581347894,30.064828644121878,1,1
411,0.5109859642896224,0.40508782670247384,0.4580368954960481,0.5981878757755434,-121.22569304046354,29.00155147778843,1,1
412,0.521850616900529,0.4140333606340039,0.46794198876726645,0.6179460143116744,-120.12426568933449,28.328188070388144,1,1
413,0.5263157215587877,0.42519562382122406,0.47575567269000585,0.6561035994218215,-119.33944492911432,28.033917856733073,1,1
414,0.511875385815151,0.41705318823144666,0.46446428702329884,0.6370719668698086,-118.7892854932681,27.664860992239923,1,1
415,0.5232342869165827,0.42862305840567433,0.4759286726611285,0.6392717274089629,-118.39085835523895,27.638142928949073,1,1
416,0.5352675947491755,0.4239696787658419,0.4796186367575087,0.6638392926465275,-118.6613158199061,27.545634806092664,1,1
417,0.5547904517029172,0.441815760405165,0.4983031060540411,0.655185693157006,-118.42359412814707,26.816406660272104,1,1
418,0.5532019432316759,0.43942024164116694,0.49631109243642146,0.6686950564508111,-118.90736189124286,25.919891108264892,1,1
419,0.5611361764625848,0.436768094896208,0.49895213567939645,0.6246364691475361,-119.78895034325464,26.012741879854115,1,1
420,0.5540146949332405,0.4237036887582889,0.4888591918457647,0.5905780418060099,-122.33109052564255,25.39972783683563,1,1
421,0.5578090582152934,0.43213902860725595,0.49497404341127466,0.5222122008366226,-123.9917166764535,28.231623151670192,1,1
422,0.5477999903935268,0.4293698135504614,0.4885849019719941,0.4619926415855381,-122.69296723027898,26.146277846819988,1,1
423,0.5419387384606686,0.4315703970428331,0.48675456775175086,0.3653215665252489,-125.79348886851999,29.608524650167837,1,1
424,0.5496593929323061,0.43343733899306364,0.4915483659626849,0.303510952194469,-128.08583287035975,32.32076491008718,1,1
425,0.5463418125755297,0.42774590888455233,0.487043860730041,0.18207030591051926,-127.10665728136215,32.4046162072393,1,1
426,0.5198951603273153,0.4186771881655724,0.46928617424644387,0.03663851309365934,-125.98691027579515,32.09229641288996,1,1
427,0.5217584561113491,0.4231848912457715,0.4724716736785603,0.07230567112051794,-125.4930209931472,31.782004023921345,1,1
428,0.5192992968234813,0.42312434565878526,0.47121182124113326,0.16244898753097667,-124.20886302145973,31.228899365913154,1,1
429,0.5449722340501334,0.4412349207597689,0.49310357740495114,0.23406579537790592,-123.77136168329143,30.671888785403002,1,1
430,0.5432807699832113,0.43833913761193743,0.49080995379757436,0.20868251156597487,-123.61165177956836,30.541171698837367,1,1
431,0.5319455096987605,0.42909232796711727,0.4805189188329389,0.1670212975917245,-123.64174119008214,30.63313848436638,1,1
432,0.514928013612916,0.4094111345094836,0.46216957406119974,0.13259524495452726,-124.6774126255638,31.24155247375606,1,1
433,0.49592761121694734,0.40650944706582076,0.45121852914138405,0.09324331086854337,-124.59340494487061,31.339598513318172,1,1
434,0.49496446421383367,0.4075265207475557,0.4512454924806947,0.06492638899729593,-124.32155215899553,31.12343428163404,1,1
435,0.49980265030760107,0.40399637621480944,0.45189951326120525,0.11364274194114193,-124.51765459425306,31.02011411573481,1,1
436,0.5086403991796092,0.40511708675719765,0.4568787429684035,0.22833519134532532,-124.89049047229267,30.22349569092681,1,1
437,0.5066868717001339,0.38015077816410014,0.44341882493211704,0.3234806519274111,-126.46899796417762,31.200597116288744,1,1
438,0.4935827937934553,0.3880338054916305,0.4408082996425429,0.3300963040551829,-125.84067100567978,30.347098689134953,1,1
439,0.4872552822834741,0.375113357909994,0.431184320096734,0.2918327296408465,-125.32920344900262,29.710318533355657,1,1
440,0.48321342570467046,0.37336518262336205,0.4282893041640162,0.28460887665963325,-126.29078463037047,30.77838827228729,1,1
441,0.4948207753566666,0.377397654733162,0.4361092150449143,0.2538501911519845,-126.58112101877268,30.90826543869642,1,1
442,0.4856227373553054,0.38021237966774163,0.4329175585115235,0.19455856754789988,-126.52368581659654,30.971527566974984,1,1
443,0.4863616876566704,0.3683840151666399,0.42737285141165515,0.16385515841461992,-125.6333719933677,30.085975997993632,1,1
444,0.4295569642742407,0.3324151305579163,0.38098604741607855,0.17322985441065736,-125.04810291407738,29.552395055513916,1,1
445,0.2373163629102778,0.1757164525345554,0.20651640772241658,0.2441252125124593,-125.63608280583495,30.963929890446966,0,1
446,0.21487728985905155,0.15801856027217054,0.18644792506561103,0.3803081769272892,-125.31624440741705,30.30643574967528,0,1
447,0.2953580516249078,0.19047615581051996,0.24291710371771388,0.4612922903345104,-124.24542981620712,27.954902643020063,0,1
448,0.37618803808910445,0.26221321356515054,0.3192006258271275,0.4841927152821579,-124.28070539294269,27.657457730740614,1,1
449,0.4532100418284775,0.3283270684362188,0.39076855513234815,0.42726593071063024,-124.81293819471563,27.698293728738598,1,1
450,0.4662941405079206,0.34349352754776324,0.40489383402784196,0.4476191376425677,-125.81561109776459,28.37514173628118,1,1
451,0.4555935906787512,0.35253170248645505,0.40406264658260316,0.3916584123403932,-127.42336336418573,29.790923633120233,1,1
452,0.4808388869879983,0.3588383282202745,0.4198386076041364,0.36285256933027593,-128.35554143841645,30.819146579658177,1,1
453,0.4798309449371256,0.35974022993259513,0.4197855874348604,0.35898844826202875,-129.5839606513462,31.99067338392236,1,1
454,0.4920357183146779,0.36712353597241637,0.42957962714354714,0.3944677772281704,-128.91423608794136,31.183379514242095,1,1
455,0.4850781069188785,0.35516799979283864,0.42012305335585853,0.4083176189266465,-130.51479484767944,32.07150245560876,1,1
456,0.49733168493022106,0.3577403095411178,0.42753599723566943,0.399666291568094,-130.8396885775953,31.710048897745445,1,1
457,0.48999808630591785,0.3654015289638568,0.42769980763488735,0.3891292997196597,-132.76443427185623,29.56277259476307,1,1
458,0.4998997858430475,0.36919942723800037,0.43454960654052394,0.3720452653746098,-124.71951095733951,29.917896348939447,1,1
459,0.5032814213020066,0.37104432216824246,0.4371628717351245,0.37401491000388987,-130.14972721630807,30.57169530936191,1,1
460,0.5044366486611276,0.37421498596186464,0.4393258173114961,0.3657236251042144,-130.3915569509653,30.50509059679863,1,1
461,0.5146178346854657,0.38090205145066625,0.447759943068066,0.3544361731195963,-130.88584781611436,31.114757185465553,1,1
462,0.5070378657795774,0.37538211514056047,0.4412099904600689,0.3670526546181339,-131.30252131782734,32.85399530325134,1,1
463,0.5123281472876712,0.3764658562463687,0.4443970017670199,0.44226634155020095,-126.8103919187759,29.11155101005073,1,1
464,0.4118656925823059,0.28847398089631754,0.3501698367393117,0.5495303818426831,-122.9335770684158,26.34932005634648,1,1
465,0.21621500937631324,0.15777454678096578,0.1869947780786395,0.5933428178315058,-120.94382422402816,25.76220797006418,0,1
466,0.2498780865850879,0.1715948747476606,0.21073648066637424,0.5989526614675245,-120.91605008811547,25.72197833204089,0,1
467,0.26483541798390287,0.18840373905747065,0.22661957852068676,0.5291714403385558,-120.58676300194459,25.394453726084176,0,1
468,0.36554620854845193,0.29691330585502124,0.3312297572017366,0.3901414247007079,-120.87603480560804,25.99916621169214,1,1
469,0.39313409960819123,0.32418074959745563,0.35865742460282346,0.11348737529657342,-121.55043643892265,27.036168075148368,1,1
470,0.43493946667550215,0.34470181075169903,0.3898206387136006,0.017384655445326337,-123.2917366845425,28.71183191580439,1,1
471,0.4791257516254753,0.3620494315956197,0.4205875916105475,0.01526791769625707,-124.40184571578578,29.45916074440138,1,1
472,0.48864035603566247,0.37908125954823263,0.4338608077919476,0.017154227686595813,-125.98557835287656,30.834630796330064,1,1
473,0.4571604939361143,0.3619362143278779,0.4095483541319961,0.2175376900203016,-125.80975659737288,30.07216286345755,1,1
474,0.46164265759129847,0.36847654466943036,0.41505960113036444,0.39233613021583896,-123.58225361292538,27.846499353376608,1,1
475,0.469330477991906,0.36997198774796025,0.4196512328699331,0.5042541356316823,-122.32053885741168,26.410321191683053,1,1
476,0.48071186627260676,0.3750244882095141,0.4278681772410604,0.48571111012071233,-122.72435525146,26.29816056278145,1,1
477,0.4946641157369178,0.39140911549218976,0.44303661561455376,0.473678810707386,-123.30846680547454,26.353497207381974,1,1
478,0.5130199737925031,0.39671851649709294,0.454869245144798,0.448227777653768,-124.683470639118,26.802066885413392,1,1
479,0.5186279672902651,0.4009254234299909,0.459776695360128,0.45211939996512607,-124.67695834506654,26.876695441583966,1,1
480,0.5170666573788264,0.4008173740731258,0.4589420157259761,0.40958406102500566,-124.42734529322068,27.00308549972625,1,1
481,0.5033142682643881,0.40226978659343793,0.452792027428913,0.3093336468049564,-124.71796989491894,27.29344391002826,1,1
482,0.4943006100731483,0.39833051272632936,0.4463155613997388,0.21863116109931977,-126.8940230574732,29.335960473057995,1,1
483,0.5035102754444001,0.3861306203306157,0.44482044788750785,0.1446994158695511,-127.13137066737247,28.761682830050376,1,1
484,0.4800918778519134,0.36180893951628484,0.4209504086840991,0.1382821233351809,-127.4067205605413,31.039943923160234,1,1
485,0.4754576123624698,0.36481662181489755,0.4201371170886837,0.18832995964844093,-128.65891845678112,31.61399068424568,1,1
486,0.47638786482824697,0.36676066300191534,0.4215742639150811,0.2842528095810575,-129.06873483999078,30.88407916167928,1,1
487,0.486284772284722,0.36542914044341046,0.42585695636406623,0.35545450487980973,-127.317964072493,28.279462090082465,1,1
488,0.5036453907482529,0.37060883694841096,0.4371271138483319,0.4282579307062837,-126.31261659628497,27.857357712485992,1,1
489,0.4936631828322306,0.37195299398884263,0.43280808841053664,0.46343598679555487,-125.3909408908961,27.14759334110668,1,1
490,0.5146366734758366,0.38883787545048,0.4517372744631583,0.43551983074979406,-125.81944526774596,27.29850800540521,1,1
491,0.5045076769337037,0.3861578508215864,0.44533276387764503,0.36970960711325757,-126.84434988996566,28.622608201293826,1,1
492,0.48776761296310556,0.3695044084700555,0.42863601071658053,0.2576675276609515,-128.37998321564365,29.950533647717915,1,1
493,0.48005620632489054,0.3684472266039942,0.4242517164644424,0.16481738535707988,-129.19632163020415,31.935810217466255,1,1
494,0.45487971386949355,0.36248858785310933,0.40868415086130144,0.09510082341032117,-129.94708432885614,32.566260116443665,1,1
495,0.4573086771393369,0.3655022608102465,0.4114054689747917,0.09538199796290797,-129.32451527345805,32.05056778025226,1,1
496,0.46120007025288495,0.36528946278557656,0.41324476651923076,0.1776760982129356,-129.4845174820077,31.11833112850427,1,1
497,0.48101837676028725,0.3756219537838377,0.4283201652720625,0.266830657636689,-129.86745649468367,31.41572626565601,1,1
498,0.5052061539854266,0.376387126145883,0.4407966400656548,0.3498592828165518,-130.12945783750297,31.307405582605526,1,1
499,0.5034306174079757,0.3697438551731401,0.4365872362905579,0.3986917525547228,-129.37525524109395,29.704686472872716,1,1
500,0.5008536791892046,0.3626340172570503,0.4317438482231275,0.4175082642172377,-130.29350388373604,31.5398790529458,1,1
501,0.4750825963800236,0.35542228590033775,0.4152524411401807,0.41320828303213974,-130.7980585406252,28.094758528090836,1,1
502,0.4662076568661106,0.3508849353869167,0.4085462961265136,0.3854358985998346,-138.27197105301136,30.26022936113292,1,1
503,0.4504691715589249,0.3528128013438109,0.4016409864513679,0.34163376846372145,-131.73031904377416,30.88277562992027,1,1
504,0.4671916844894114,0.3643518039412305,0.4157717442153209,0.30391518701995013,-141.71834261110277,38.85394479489679,1,1
505,0.46627217917030045,0.361796902775586,0.41403454097294323,0.2971383892189097,-132.04151890815865,35.16049660258584,1,1
506,0.4581726527996132,0.36485310965351364,0.41151288122656343,0.30310531381973715,-132.67164446207707,31.741338170963214,1,1
507,0.47278648184454397,0.36893809962840235,0.4208622907364732,0.33181211830264423,-131.8387180071318,37.683337326225825,1,1
508,0.4828205953153474,0.36531159555298587,0.4240660954341666,0.4182475192009176,-129.7104452365402,29.493297529218612,1,1
509,0.47776303534157133,0.35570980807078945,0.4167364217061804,0.45218822049295904,-127.99950002203265,28.12649176518734,1,1
510,0.45598902761321036,0.3313359942230087,0.39366251091810955,0.4344493395019499,-127.24132905058235,27.021368093009084,1,1
511,0.43768113916246154,0.3193879251488417,0.3785345321556516,0.3950748023523672,-130.4114914505678,28.946177575271662,1,1
512,0.4563705318877742,0.35016193106495913,0.40326623147636664,0.3103225427248458,-127.65344865387287,28.62700986619641,1,1
513,0.45663777890974244,0.343583974191369,0.4001108765505557,0.246706489229409,-128.55487273673867,29.474859470706427,1,1
514,0.4417923974110436,0.3263527207430474,0.3840725590770455,0.24830961720043954,-127.76364370647312,29.358793338522062,1,1
515,0.44721072326627614,0.3294902356927289,0.3883504794795025,0.3530511527730674,-127.23361558065885,28.94836310538108,1,1
516,0.45136711157215803,0.3237919132267544,0.3875795123994562,0.38703764583333683,-127.93404677101591,29.694700339741388,1,1
517,0.4763461159648868,0.34360012451965866,0.4099731202422727,0.35650564524323697,-130.696912240983,32.00374845295251,1,1
518,0.47071217977539914,0.33842334416049086,0.40456776196794497,0.33491961892166544,-132.08599945003064,32.46689122279779,1,1
519,0.4834811859221728,0.34587314954064075,0.4146771677314068,0.32500485052927425,-131.31878353910213,32.03069446727633,1,1
520,0.4809209368509178,0.34443109729229937,0.4126760170716086,0.3363407253363215,-129.54483973684395,31.05318523502731,1,1
521,0.480500020624763,0.3376595706301244,0.4090797956274437,0.3778561296173066,-128.67102316771155,29.983416176617073,1,1
522,0.4475402463881829,0.31182005767610405,0.37968015203214345,0.42107082501229276,-125.30058427871731,26.799690875692228,1,1
523,0.48179508508596847,0.3240896001663564,0.40294234262616246,0.5114322398591924,-124.12931799665758,25.668242465523672,1,1
524,0.48722065879337867,0.3306325795320359,0.4089266191627073,0.5418152525577793,-125.49910939469652,23.01506435435361,1,1
525,0.4903673915321871,0.3178044138281814,0.4040859026801843,0.5427544074715177,-122.75164076830247,24.064996344176688,1,1
526,0.44853047371753785,0.31034762691327644,0.37943905031540714,0.5607406232704162,-122.56903005053509,21.920259523014078,1,1
527,0.4515204941234726,0.3248537461867614,0.388187120155117,0.5422422200952995,-123.33492870837442,22.33040882638038,1,1
528,0.4395701795788845,0.3189711353947876,0.3792706574868361,0.5186627118683812,-123.81450112370601,22.544694174747086,1,1
529,0.4571669559584226,0.3078723228445073,0.38251963940146494,0.5055789977194135,-124.11334615659123,22.111205343702146,1,1
530,0.4607872492201391,0.31510015708744843,0.3879437031537938,0.5147273279245129,-124.81469025930039,26.474532665715813,1,1
531,0.4506668036581531,0.3120465224354689,0.381356663046811,0.5164722681922693,-122.72224568546419,20.640885126631368,1,1
532,0.45633190968581655,0.31495942975360136,0.38564566971970893,0.5087290905369118,-124.29973103494426,22.34124143751814,1,1
533,0.4528530541771246,0.3152623909267542,0.3840577225519394,0.5008102396676237,-124.3347888947094,23.67870569568273,1,1
534,0.458708228961963,0.32746760349567977,0.3930879162288214,0.48307623481215867,-125.71039455209981,24.36447282287509,1,1
535,0.46848082474417585,0.33322739112806654,0.4008541079361212,0.4843047748257782,-126.91230824084883,25.19109173692231,1,1
536,0.4694310857527242,0.34203876077940376,0.405734923266064,0.4964427126586609,-125.43983769674892,23.116551734020586,1,1
537,0.4574296003408129,0.33585068878160845,0.39664014456121066,0.4932744787423534,-126.9414529438522,24.949039531541846,1,1
538,0.4561161088210058,0.32692665255323844,0.3915213806871221,0.5004386034748701,-124.07787897116457,21.07442586390664,1,1
539,0.45105185774957524,0.32971021250312227,0.39038103512634875,0.4769741018071398,-128.8627451417242,26.17880597266308,1,1
540,0.4441736063325774,0.31480531015006497,0.3794894582413212,0.46211184780166104,-126.63227127393584,24.32897111136463,1,1
541,0.45974965353230235,0.32494530286192885,0.3923474781971156,0.40018438433435594,-126.1180342213147,23.64508738216504,1,1
542,0.4638667311257087,0.33804577925996643,0.40095625519283756,0.37941765215731205,-128.0065383670976,27.394992085056604,1,1
543,0.452388183086288,0.33279054317993545,0.3925893631331117,0.3552428804975139,-132.69776522788058,27.842667692023827,1,1
544,0.43504903578300264,0.32508129739351554,0.38006516658825906,0.28213896597654986,-131.53071744332615,28.9652022035203,1,1
545,0.44012953510674185,0.3273924010217664,0.38376096806425414,0.24649184121132348,-134.66387432263224,31.21641552913404,1,1
546,0.44895698960067254,0.31985656804936746,0.38440677882502,0.2378376694884732,-135.2618461700467,33.680322951226664,1,1
547,0.4380281765805792,0.3246135936640935,0.3813208851223363,0.2382302054555667,-134.0728418769706,32.32511954650054,1,1
548,0.4686604344532231,0.3418685095229653,0.40526447198809423,0.27984408920461673,-137.6659141863444,34.16713483768544,1,1
549,0.4826439024300439,0.3481015111638014,0.4153727067969226,0.34552195260010343,-135.30405133428462,32.474247261669305,1,1
550,0.47096449378406763,0.3377579913474605,0.40436124256576406,0.42086289359249307,-128.34243642742283,28.835137811929666,1,1
551,0.48496290311385104,0.34009111843600126,0.41252701077492615,0.3962012741356324,-135.3355694422498,29.65803086178763,1,1
552,0.5008439918987423,0.3636397283193829,0.4322418601090626,0.3747229113002157,-131.11448777134223,29.590313241473446,1,1
553,0.49524298295283864,0.3584612107409104,0.42685209684687453,0.3747849692616174,-128.72497321130356,28.660994987410756,1,1
554,0.4853969965482606,0.35612009422489876,0.42075854538657964,0.3594248134777699,-129.5765997459699,29.38413770576952,1,1
555,0.4926747590276994,0.36018632113428184,0.4264305400809906,0.3458253949902496,-129.83784691136967,29.738539701292297,1,1
556,0.48359461323814773,0.3575345887075403,0.420564600972844,0.3553145486261883,-142.91793071643374,38.05624056852719,1,1
557,0.48096227960352017,0.35616172668106805,0.4185620031422941,0.3518133583849729,-132.57469469712163,32.610688909433485,1,1
558,0.45982167354189823,0.33394629263181874,0.39688398308685846,0.3448351515583666,-132.80022453004503,33.134882485068715,1,1
559,0.4551693486023775,0.328399034559074,0.39178419158072575,0.38663171234691796,-132.52160669953278,34.3015735688774,1,1
560,0.46066942621515294,0.3264683549974612,0.39356889060630706,0.4049716520443838,-131.05577293898102,31.056080979034522,1,1
561,0.4493801931505301,0.3284589147993876,0.38891955397495886,0.4326138759503365,-130.74697957383114,31.864491487342736,1,1
562,0.44678352554857476,0.33083575723158365,0.38880964139007923,0.4406401014175751,-133.811086029441,29.550686925850293,1,1
563,0.4821943923703238,0.3293536158900138,0.4057740041301688,0.46022091854267333,-137.55420670255592,34.78976590652251,1,1
564,0.4697891147193753,0.3289478024421097,0.3993684585807425,0.4519867749782524,-133.2426160526823,31.237080735518024,1,1
565,0.46617227137575445,0.3242625036869591,0.39521738753135677,0.45128851191242025,-130.65485652709194,29.566287599605083,1,1
566,0.46533499268046635,0.3305073281728795,0.3979211604266729,0.4778166947613973,-132.02371039577469,29.7409164585866,1,1
567,0.47805731628316334,0.3354895646393337,0.4067734404612485,0.4850306120001171,-129.84896815493292,26.947206026718806,1,1
568,0.478424415319976,0.33557325142933025,0.40699883337465315,0.5134829304428261,-130.2266106071777,27.610002100961044,1,1
569,0.48714087046039445,0.3417879873289206,0.4144644288946575,0.529979801895505,-129.12419469409062,31.01301722937574,1,1
570,0.49063532166203333,0.33304841935106216,0.41184187050654775,0.5691860359378347,-128.3537798532554,23.938597993710154,1,1
571,0.49481357453371105,0.3381925263527591,0.4165030504432351,0.6153791591038894,-125.57640487431658,23.31837260235855,1,1
572,0.5113315966294701,0.3371573423617955,0.4242444694956328,0.6338705299563725,-126.17642125240525,25.616355003719757,1,1
573,0.508497301017259,0.33358167840379166,0.4210394897105253,0.6290808347027653,-127.02317702753724,24.947436166847666,1,1
574,0.5013590224193216,0.335216963146473,0.4182879927828973,0.6017839891869078,-125.42509453438588,22.525693335683986,1,1
575,0.48288661862330257,0.32822962577468007,0.40555812219899134,0.6099510257764295,-127.04574109689239,24.42944787159559,1,1
576,0.5168751973328007,0.33539817193634835,0.42613668463457455,0.6295145502888164,-128.48739558913218,26.876713791863793,1,1
577,0.49051850445094825,0.3272650409183098,0.40889177268462906,0.6229655865020319,-127.78304652529565,26.480608559857775,1,1
578,0.5006313019260596,0.33540347895358913,0.4180173904398244,0.6273212981028711,-136.26014063673472,27.08041572427131,1,1
579,0.4839449296444526,0.3289920188000551,0.40646847422225385,0.6179340336759064,-127.40662587493368,25.251515363800518,1,1
580,0.4849706806093016,0.3251526065733617,0.4050616435913317,0.6106869636284966,-128.6838045331049,24.388491765562907,1,1
581,0.49041889103651076,0.32125228509459575,0.40583558806555325,0.6303638227011134,-126.6040921213225,24.531090479773805,1,1
582,0.49191656242197984,0.32644786687175176,0.40918221464686577,0.6132851717421736,-125.78098271055843,23.13826885892588,1,1
583,0.48284842939587247,0.3239446736021043,0.4033965514989884,0.6269606645835614,-130.4534174414685,26.50646080725954,1,1
584,0.4895339941481744,0.31274126495328103,0.40113762955072774,0.6353896081442567,-126.5643731441904,24.46027867081422,1,1
585,0.5173831199504673,0.32363259218679485,0.42050785606863106,0.6521862083647388,-125.77332321520869,25.373591237279157,1,1
586,0.515841176560958,0.32617183588005905,0.4210065062205085,0.63462186672006,-126.27484390459482,26.05569010555027,1,1
587,0.521667501040481,0.32524723060722616,0.42345736582385357,0.6195854375353081,-134.766561354697,26.649785985456063,1,1
588,0.4955281227164136,0.32435996486607543,0.4099440437912445,0.5959927288693528,-123.7338853671393,20.221274026874887,1,1
589,0.4842753592023583,0.317404713901199,0.4008400365517787,0.5694093967671986,-129.003687816917,26.88624417210475,1,1
590,0.4714496877098847,0.32751807065321104,0.3994838791815479,0.5675061922640341,-129.54489271994353,27.834819115168887,1,1
591,0.47284512585715166,0.33135599510611635,0.402100560481634,0.5752644641169233,-131.1605002999499,26.976897508188923,1,1
592,0.4696886932138251,0.3350550026113143,0.40237184791256975,0.5303294233335277,-130.4976804945978,28.066482778493295,1,1
593,0.40676046502298907,0.29373813385491937,0.3502492994389542,0.47937175688778566,-131.69732134858506,29.71377515897374,1,1
594,0.2927397457581387,0.20100934543989463,0.24687454559901667,0.4160374272413398,-130.82835482486942,28.288023140438955,1,1
595,0.17851803674526479,0.1427827126708446,0.1606503747080547,0.36840821068186586,-131.5378663185055,27.951520861836872,0,1
596,0.21921403759087565,0.16792907476263685,0.19357155617675625,0.361660392667527,-161.89219676641397,42.793492037478515,0,1
597,0.3410535655443474,0.2485821889940963,0.2948178772692218,0.3631522230365823,-132.41768669106736,28.935644075769076,1,1
598,0.3585229265625233,0.27179964231482373,0.31516128443867353,0.3861823244496445,-145.08119037229477,39.71484869721065,1,1
599,0.42974378249980627,0.30399180687187444,0.36686779468584035,0.42795063581535325,-152.72908473771375,40.94455046078639,1,1
600,0.41228693321351206,0.311541118809553,0.36191402601153255,0.4186243843578741,-131.48054578668854,28.89179462371821,1,1
601,0.44574187987278835,0.31755246411861443,0.3816471719957014,0.4625973831475985,-136.84852774247258,38.83947644327499,1,1
602,0.44342936298041297,0.318353789371318,0.38089157617586544,0.45404239709410393,-144.07447885472837,31.974525028694664,1,1
603,0.43448392703156,0.3098814420054284,0.37218268451849423,0.4366537702176689,-151.3174543903333,43.88712909317845,1,1
604,0.4290612611818093,0.3158336960356083,0.3724474786087088,0.43208112093500795,-143.39086696437258,37.16124453934319,1,1
605,0.4159174459596951,0.3181790042329235,0.3670482250963093,0.41162263432823704,-144.8735962786494,41.06028955989278,1,1
606,0.42423307560964907,0.31602077137834245,0.3701269234939958,0.4125193298133316,-151.73768688363273,44.824177341703084,1,1
607,0.43153968386877295,0.3179807798119771,0.374760231840375,0.43372690789361246,-160.68341014156104,50.892239764893375,1,1
608,0.45985471839223635,0.3316618537056527,0.39575828604894453,0.4539854344086879,-144.93023183739035,41.158389194973054,1,1
609,0.46770600970339726,0.3314375359452609,0.3995717728243291,0.47450492425552715,-126.1099583268069,23.493691828725947,1,1
610,0.45845247370254383,0.3177825510442883,0.3881175123734161,0.5258068192018419,-131.44706764005352,33.73952610211227,1,1
611,0.4822500337730047,0.3390148623649813,0.410632448068993,0.527879416554851,-133.06548330068634,30.689485224309948,1,1
612,0.4868432469047977,0.3581035464963842,0.4224733967005909,0.5057266124526233,-136.3015056756143,28.28396242268092,1,1
613,0.49246102307970024,0.3601792237953752,0.4263201234375377,0.47238137577753886,-129.54625210500035,27.309895830935137,1,1
614,0.48715235902252507,0.35981701004184363,0.42348468453218435,0.4695514743184212,-131.91433326600836,30.547392461620422,1,1
615,0.4841770506124784,0.3598955449113816,0.42203629776192997,0.47575312785659324,-150.82613742415722,39.99524682817238,1,1
616,0.4711538491611905,0.34650098932392603,0.4088274192425583,0.4527321784575754,-135.54028575219115,33.700576678770446,1,1
617,0.4677493186871706,0.3429375129094882,0.40534341579832944,0.4103864611484108,-128.93314999286696,25.790540195360222,1,1
618,0.490305648403344,0.36258697422785624,0.4264463113156001,0.4144259631678618,-130.85708232177143,27.865115500846006,1,1
619,0.4850804642383682,0.3592259914384549,0.4221532278384116,0.40453051431449816,-134.7386967815795,31.638313986666958,1,1
620,0.4744508034761644,0.3498730029912283,0.4121619032336964,0.40349488668676453,-134.84886469789393,31.466192855363378,1,1
621,0.4784065021825415,0.35609768346878135,0.41725209282566145,0.38961300735930565,-136.00529860833234,31.55595629788197,1,1
622,0.4952580454225551,0.3708716133576792,0.43306482939011715,0.41110220702971395,-132.58373638611263,29.659273653453422,1,1
623,0.4761061650188761,0.3577827611659185,0.4169444630923973,0.4497395703365783,-133.28306399626297,29.29192270462978,1,1
624,0.5055622710420611,0.37169630065175674,0.4386292858469089,0.4701583612653808,-132.9708273746592,30.811598886687012,1,1
625,0.5016633664537674,0.37107153881543226,0.43636745263459986,0.5048050972137641,-127.81995671538546,24.84965562664049,1,1
626,0.5191859457673826,0.37720705825064776,0.4481965020090152,0.5165646415505024,-129.804650430967,26.755246425545046,1,1
627,0.5081299849309734,0.38143250324086436,0.4447812440859189,0.5082106808939817,-130.53289978725172,26.392995884366666,1,1
628,0.5154261002410468,0.38628534829761046,0.45085572426932863,0.5138468710400604,-129.73844489200258,25.89790662181121,1,1
629,0.5082303399712534,0.38657753317806903,0.44740393657466127,0.5144329940992082,-130.7308020099936,26.52651609760284,1,1
630,0.5276720157978625,0.3901106162488545,0.45889131602335853,0.5332242549008857,-153.7538382132388,43.54287249184451,1,1
631,0.5431429198204862,0.402222809154245,0.47268286448736563,0.5371078482880085,-146.30145067623707,39.616048493947225,1,1
632,0.5258482605339432,0.39447707502073237,0.4601626677773378,0.5362158537507948,-150.1643891265788,41.781276725032185,1,1
633,0.5154549612097891,0.3891942100404838,0.45232458562513644,0.5470885762374831,-129.77528946407762,25.38852726667161,1,1
634,0.5064144403960785,0.3810143590924043,0.44371439974424143,0.5548518939212298,-129.33285960563228,24.77757230654065,1,1
635,0.5036711036906826,0.38624589033904455,0.44495849701486356,0.5451697741516861,-175.24829995884838,42.42941736169624,1,1
636,0.5120750926922164,0.38927661742037495,0.4506758550562957,0.5026594647513831,158.07814868998426,57.690158354575054,1,1
637,0.47898445094590403,0.3754117117134993,0.42719808132970166,0.4261409735107252,145.21174339225917,40.37821077342139,1,1
638,0.47254655002635043,0.3794485370052662,0.4259975435158083,0.349144505566305,169.16011414482534,52.84845639672732,1,1
639,0.4468999591478091,0.3598570489448779,0.4033785040463435,0.32068773898757585,169.46909970921826,40.38874783540101,1,1
640,0.44761557437064436,0.3637444649964052,0.4056800196835248,0.3035385488049191,-139.0896320026075,33.59995828692796,1,1
641,0.45309702229892596,0.36557697262997085,0.4093369974644484,0.3207166184096454,-144.25917697768483,36.413142318901166,1,1
642,0.44946888232084314,0.36704272094468865,0.40825580163276587,0.35101628318149947,-138.2492932838774,35.15691611151374,1,1
643,0.46359646889300904,0.3669006991092789,0.41524858400114395,0.3559672639487424,-136.03210404916234,34.166070835332356,1,1
644,0.4737815581416428,0.3731551132781254,0.42346833570988407,0.36836314510551293,-132.62563964207,32.58971211509498,1,1
645,0.48181315623492826,0.3853915262824734,0.43360234125870084,0.3710163282156122,-133.84258610106946,31.995091414764474,1,1
646,0.4801455101710207,0.3784858317328149,0.4293156709519178,0.30323868429243456,-130.63018046146243,29.704267739892373,1,1
647,0.46867797487640417,0.3626667934896026,0.4156723841830034,0.248910479165845,-128.62581047384288,28.20974732713587,1,1
648,0.3798611149572435,0.26408249292238417,0.32197180393981384,0.15796770680981434,-127.59369677129531,28.04621980775809,1,1
649,0.2281886385265342,0.15576666251102006,0.19197765051877713,0.025159529330109787,-128.86266379917882,29.511604654938424,0,1
650,0.17479848149568195,0.11493150454193336,0.14486499301880765,0.01754024393171408,-128.31900874868046,29.689696612047353,0,1
651,0.22606093440793243,0.1474093390471057,0.18673513672751907,0.019808229860834792,-127.5587185481584,28.17417164132075,0,1
652,0.2631840536381919,0.20203227126562054,0.23260816245190624,0.07166323760926213,-127.78927527174015,28.912548351957675,1,1
653,0.40420789207316005,0.28876164461053855,0.34648476834184927,0.16775932665247165,-126.03924995611658,29.648622514757346,1,1
654,0.4340531637501729,0.31894212199664684,0.37649764287340987,0.1728362360472485,-126.7997801670468,28.687185780234454,1,1
655,0.4539494026958162,0.3388593034808034,0.3964043530883098,0.17338688773746858,-126.29445103449426,28.459180739967366,1,1
656,0.44417526656189105,0.3445576558619853,0.3943664612119382,0.08406834914073134,-126.57433194393175,28.996686528431283,1,1
657,0.4772363724487293,0.3655112677117903,0.4213738200802598,0.02228907704643665,-125.99057494468937,28.39524806973943,1,1
658,0.48498066900224823,0.37479556601485886,0.42988811750855355,0.02031093766411703,-126.04849362942699,29.07994766544053,1,1
659,0.4673927702122339,0.3631620559938941,0.415277413103064,0.027486615458973032,-125.70241570772649,28.172158604402636,1,1
660,0.4464867850197087,0.3623539455395457,0.4044203652796272,0.10901713976409554,-126.15390455654827,29.703657700625428,1,1
661,0.47657482800094847,0.3730810545010191,0.4248279412509838,0.23802957092911772,-127.75743144626328,30.351388876335307,1,1
662,0.4841271745504597,0.37906008253397216,0.43159362854221595,0.23513718729802968,-126.63800155048106,29.964467746719162,1,1
663,0.4748579238608613,0.37094454700904655,0.42290123543495395,0.22405820447981964,-126.68127685002392,28.869060983630952,1,1
664,0.48024914244818856,0.36929438988634694,0.42477176616726775,0.21519373978656914,-126.78743182551432,28.83814845662725,1,1
665,0.48172645255241003,0.3765715746966632,0.4291490136245366,0.22781815173312786,-126.36485188544248,28.568121758946504,1,1
666,0.48415255728819806,0.38223784617834694,0.43319520173327253,0.22865699716558704,-127.52090244182587,29.142718312273878,1,1
667,0.4921606182023195,0.3880811966709196,0.4401209074366196,0.22897225276675778,-127.35081282070857,29.05669163500444,1,1
668,0.48681452414313386,0.3827674498139521,0.434790986978543,0.22224315928076066,-126.17711040524827,30.53772737937343,1,1
669,0.4852594090521709,0.38866445529486093,0.4369619321735159,0.1598802995905869,-126.5875141921665,29.890631197427453,1,1
670,0.47277390356953874,0.37657680553386674,0.42467535455170274,0.03210944312836044,-127.99097526279624,29.38956331847031,1,1
671,0.46894115616987153,0.3771538303120189,0.4230474932409452,0.020381691896616785,-128.52143824847712,29.72977356682574,1,1
672,0.47202661397614715,0.3792882633185096,0.4256574386473284,0.016677832389563562,-128.01303160337892,29.162601420085924,1,1
673,0.4707179734941116,0.36915910044130423,0.4199385369677079,0.01826418373387991,-127.9776300513186,28.611255576393077,1,1
674,0.4754579520513528,0.3718041715630596,0.4236310618072062,0.017096608442302583,-127.93800090988765,28.846291734861317,1,1
675,0.4887838916336,0.37896320834490693,0.4338735499892534,0.021793526853819613,-128.3423621963444,29.372404064336752,1,1
676,0.4828990472727381,0.3770871447483314,0.4299930960105347,0.0351819027054766,-127.99623731764817,29.3931493309468,1,1
677,0.48412681983869554,0.3819164611736525,0.43302164050617403,0.08120056088815972,-128.36618188839228,29.795902662970594,1,1
678,0.45179601207298975,0.3388948267251919,0.39534541939909085,0.2100518095850516,-129.54012654006146,30.603541361900024,1,1
679,0.17603069763282306,0.0959319341270648,0.13598131587994394,0.34322358016646354,-131.64615778798685,33.23025337446866,0,1
680,0.1605543953585328,0.08371942906912848,0.12213691221383063,0.42307338422059526,-134.8705551022309,35.462610349552286,0,1
681,0.11224577700194718,0.05574517227002687,0.08399547463598703,0.44306150258800303,-138.72472931257596,37.877140656866246,0,1
682,0.246331066525168,0.17495977286627248,0.21064541969572026,0.4381626187949552,-136.62030139700303,34.97948160944448,0,1
683,0.4234877967738992,0.32225721630394116,0.3728725065389202,0.4233896868039949,-136.66530551992608,36.266095349645795,1,1
684,0.501480449873991,0.3893885295581463,0.44543448971606864,0.3588345660364663,-135.6799312661995,34.15577399739468,1,1
685,0.505663266070154,0.3960047551698446,0.4508340106199993,0.22447529526315727,-134.42435152319092,34.11138024303588,1,1
686,0.5056360831018016,0.4030661236957895,0.4543511033987956,0.03927436410521035,-130.6635761492078,32.09926743795053,1,1
687,0.5105170037061958,0.41068275104192453,0.46059987737406016,0.015267810088729858,-129.90745047979874,31.606161090096034,1,1
688,0.5023598360179752,0.4072069191432204,0.4547833775805978,0.01652055823502589,-128.81505612887264,31.406461755249616,1,1
689,0.4904723403899506,0.39605903225165867,0.44326568632080465,0.04780673416524136,-126.43758475962298,30.00513123859591,1,1
690,0.4622913024829588,0.3706041758771028,0.4164477391800308,0.1331337420456897,-125.83654514890829,29.706818806297377,1,1
691,0.47216785979828846,0.38272357151877573,0.42744571565853207,0.16923930239794607,-126.78209495883715,30.4816203885399,1,1
692,0.49078156878876006,0.3927838600714607,0.4417827144301104,0.1532739789534112,-126.6477071917137,30.159583245486747,1,1
693,0.4970885728476511,0.3949451931308228,0.446016882989237,0.15106179836479225,-126.93449748998331,30.528304611643765,1,1
694,0.4939578929435184,0.39902030238725933,0.44648909766538886,0.13205678707439703,-126.71667407702311,30.37073775795971,1,1
695,0.4936544573461789,0.3952446164370469,0.44444953689161293,0.13014374245730784,-127.31674716994684,30.706794858695407,1,1
696,0.49745714060111873,0.3964323701909934,0.44694475539605605,0.11886699573986098,-127.3579824224313,31.090240526021095,1,1
697,0.49674830150334814,0.39780770135227017,0.44727800142780916,0.07783923713791796,-126.40949633204433,30.093702111265337,1,1
698,0.48341623671987255,0.39705767528547187,0.4402369560026722,0.019764171311736956,-127.39327716435307,30.56535986711409,1,1
699,0.47754899676718765,0.39342044154042083,0.43548471915380427,0.03947121985455814,-128.854119841555,30.398647411750872,1,1
700,0.4773033460849361,0.39876483040883576,0.43803408824688594,0.02645712975500243,-129.04750283378158,31.085691820818486,1,1
701,0.4749696124932474,0.3971290532611162,0.4360493328771818,0.02785877623532322,-127.79852155213385,31.656613394351243,1,1
702,0.48083605693254544,0.39907106105287876,0.4399535589927121,0.038345625704741385,-127.94574421637779,30.730687892596265,1,1
703,0.4836068650718727,0.39744816997796095,0.4405275175249168,0.07994382260967951,-129.3850877807896,31.39282295411665,1,1
704,0.4845312668186733,0.3930193803011225,0.4387753235598979,0.1484459017991012,-130.56973527923657,32.12747335845935,1,1
705,0.471221753999067,0.3829196312881029,0.427070692643585,0.17708451514640555,-132.1316239890914,32.17729082626576,1,1
706,0.4863074575416504,0.389755215648739,0.43803133659519466,0.22639070684899013,-132.84043709190956,33.43563992591551,1,1
707,0.4716841489425916,0.37837026587249717,0.4250272074075444,0.26768206885698964,-133.61829604699997,33.72645870272399,1,1
708,0.4757598268433823,0.3741677630408715,0.4249637949421269,0.27798372788737086,-135.257938576707,33.1013960250422,1,1
709,0.4566704463255994,0.3598436480562837,0.4082570471909416,0.2803496076307824,-146.9223048380121,40.52917817812056,1,1
710,0.4681722630589839,0.363622430651429,0.41589734685520646,0.29823889618389854,-145.12406352160997,39.53230607208337,1,1
711,0.4775394595568732,0.3661758472585473,0.42185765340771025,0.30771218916205484,-143.7950064967703,38.13021465071358,1,1
712,0.4698041241127042,0.36801373137084115,0.4189089277417727,0.33152491434751574,-147.3047261960961,40.59620121510971,1,1
713,0.46514117362855356,0.36439768943674694,0.4147694315326502,0.3539976715780552,-147.20511641050297,40.32712923268577,1,1
714,0.4582049516926082,0.3566579945117626,0.4074314731021854,0.39097009244151115,-139.45198206319728,36.17114317369884,1,1
715,0.4314126820241528,0.3072286183726123,0.36932065019838256,0.441385065718206,-135.04350964289875,33.80911667509603,1,1
716,0.16698175435948906,0.11624141244396227,0.14161158340172567,0.5575199070955136,-133.22977876003552,30.028426809015055,0,1
717,0.13956229374777154,0.09604506095227425,0.1178036773500229,0.6343904045535438,-131.89364719960136,29.4111855930009,0,1
718,0.2643085236262938,0.13605109027219714,0.20017980694924548,0.6821279524188211,-129.77352750353515,28.891306650182564,0,1
719,0.3218893886856184,0.16804570258979418,0.24496754563770629,0.7122248671584389,-127.02816777603005,28.089009304562392,0,1
720,0.40956378880971844,0.26956683284625427,0.33956531082798636,0.7162136690691162,-122.92117881411014,22.545033668864743,1,1
721,0.4534349298538074,0.3185908972890396,0.38601291357142353,0.7598135654175241,-122.08599866934661,23.2845398956322,2,1
722,0.4634462155261709,0.3621464305750404,0.41279632305060565,0.709080599354102,-122.0516198705841,24.234677439723015,1,1
723,0.47055890493603814,0.36778279101660216,0.41917084797632015,0.4175959399499162,-123.60621028441469,28.655428602987193,1,1
724,0.45265490106852335,0.37310717791206593,0.41288103949029464,0.028464157994728758,-123.94257457495459,28.217090620728577,1,1
725,0.4596580328160133,0.372471141396474,0.41606458710624367,0.03159731943161728,-124.72447253748965,28.95390907667012,1,1
726,0.4771942155610691,0.3809117004427911,0.4290529580019301,0.25862197486244537,-123.61617143391763,27.838380283307277,1,1
727,0.5172372637206071,0.3970352826347355,0.45713627317767125,0.38718065076879915,-124.69198619486035,28.701831394688703,1,1
728,0.5124819479440279,0.39552769273233673,0.45400482033818235,0.3486435918807337,-125.46382745225841,29.382686289957025,1,1
729,0.5111752306808797,0.3981206660276797,0.4546479483542797,0.2467876151878539,-125.31289150035066,29.027256035075645,1,1
730,0.5055877026163488,0.4030091692784703,0.45429843594740954,0.1918344108001624,-124.86301329385735,29.38935647666269,1,1
731,0.5054024313214178,0.406288870021013,0.4558456506712154,0.16069304157429784,-124.27749802934795,29.203516495382353,1,1
732,0.506441514976866,0.40514649901669425,0.4557940069967801,0.03255596389245808,-123.88092841198014,29.5901961534312,1,1
733,0.511357397197696,0.40418728561064915,0.45777234140417256,0.03214894984360847,-124.18728181607379,29.742321548656978,1,1
734,0.49929233653146193,0.3960489948668813,0.4476706656991716,0.02983739958698511,-123.57356387757088,29.215529140744277,1,1
735,0.5032000142090227,0.40695699425839293,0.4550785042337078,0.09126813862412135,-124.42409915763525,29.545545991922513,1,1
736,0.515899106076496,0.413758527331816,0.464828816704156,0.25513787927261816,-124.46351994553804,29.4986553261738,1,1
737,0.526292426735077,0.4203743958650417,0.47333341130005935,0.34524274222984275,-126.08000481546733,30.084608055272756,1,1
738,0.5224282427044714,0.4160592980585505,0.469243770381511,0.4724823683841914,-124.31625925211829,28.511100365664973,1,1
739,0.5276515369476341,0.4135575637215981,0.4706045503346161,0.4942633273213877,-123.72052961239369,27.815016826047774,1,1
740,0.5179441869393957,0.4113849107285168,0.46466454883395625,0.4067754467432445,-123.24282603063139,27.25171107045267,1,1
741,0.5239275382799176,0.4230365796339369,0.47348205895692724,0.2474476570422556,-123.33112778265583,27.50304988182303,1,1
742,0.5245766144768574,0.42681477753737573,0.4756956960071166,0.030061747950959315,-123.07141519351232,28.036557373477706,1,1
743,0.5229545850980426,0.4255986289763066,0.4742766070371746,0.024110336248230203,-124.08511002674037,28.522152432208742,1,1
744,0.49034831577546906,0.4065078674022,0.44842809158883457,0.016803675909832762,-125.55295283016393,29.299112458985768,1,1
745,0.5016085244103358,0.411661524001579,0.45663502420595736,0.04125607923752177,-126.06971910310516,29.4087965285169,1,1
746,0.49838428939193474,0.40570630435726857,0.45204529687460165,0.07065510613651334,-125.68748162122523,29.167192925532877,1,1
747,0.5007183144151759,0.40689942700074055,0.4538088707079582,0.0934444287776805,-126.12214915395482,29.47463702088824,1,1
748,0.5019856002126626,0.40466135470223835,0.4533234774574505,0.09641344410764603,-126.53675719079666,29.617031036059352,1,1
749,0.4952761738338632,0.4003232245319356,0.4477996991828994,0.11334842600877175,-126.32901496770671,29.66124940650229,1,1
750,0.3618288262326617,0.27630654682819905,0.3190676865304304,0.28757354944986246,-124.81989582974566,28.802631893235443,1,1
751,0.14386769140416036,0.09771016165002197,0.12078892652709117,0.4741933866849203,-125.54197885576059,30.614685276156365,0,1
752,0.11268955820407896,0.07116962716875916,0.09192959268641906,0.33390811483095845,-127.6145080189714,32.08466724034407,0,1
753,0.1092311743407571,0.06389073140543446,0.08656095287309579,0.19263132664740115,-125.75291115045881,31.774210217356085,0,1
754,0.11733848357772593,0.07015823603207191,0.09374835980489893,0.22101407444139085,-129.02312414842837,31.223052199367693,0,1
755,0.1808185835841094,0.10882610659933832,0.14482234509172387,0.4358255599999605,-127.67227589785976,30.93110071427655,0,1
756,0.20543630534612392,0.12865765735271492,0.16704698134941942,0.48550799880300627,-127.49042265004472,30.442685970449105,0,1
757,0.3535536849192645,0.24198518202489572,0.29776943347208007,0.480199353958785,-125.21636467695956,28.855830926651837,1,1
758,0.45402748140355903,0.32293784621558413,0.3884826638095716,0.4128261268760381,-124.14091090463158,28.967705447080387,1,1
759,0.46992401287418994,0.34231478282403927,0.4061193978491146,0.435453517132399,-125.11579748344673,30.08577378566495,1,1
760,0.4819871717959145,0.36441970572063387,0.42320343875827415,0.4412372318657421,-124.96382810645048,30.181155097820866,1,1
761,0.48171296127466134,0.37814751312585687,0.42993023720025914,0.3792068866380237,-124.74156271611791,29.771381762067538,1,1
762,0.48829049977708155,0.38692869344487407,0.4376095966109778,0.06350193193169411,-124.80678324862961,31.190466020583166,1,1
763,0.49152679719282377,0.39387250126840356,0.44269964923061367,0.01821211717912162,-125.61881704389339,31.787244452046615,1,1
764,0.4962810336665845,0.3945262496382063,0.44540364165239543,0.16205020387509217,-127.14350118761858,32.06009759893305,1,1
765,0.4997056687703242,0.3993886269217574,0.4495471478460408,0.19397819233732697,-126.56449391695554,32.10579650962232,1,1
766,0.48532279552693297,0.39168219357982204,0.43850249455337753,0.21440383194210505,-125.81931714832423,31.63193579802682,1,1
767,0.49675977857218206,0.40314239754936687,0.44995108806077444,0.1941516191064664,-125.31267935356544,31.34125333775536,1,1
768,0.5161272182568842,0.4140191698355057,0.46507319404619496,0.17149643166899986,-125.21669396373066,31.38983649054545,1,1
769,0.521596370677076,0.42398289836888653,0.4727896345229813,0.1758428507182717,-124.81199154416981,31.081273975836908,1,1
770,0.5142091193296625,0.4183444447632697,0.4662767820464661,0.06375450478044023,-123.68948855261209,30.360296302269454,1,1
771,0.5189821216470868,0.4177199731508848,0.4683510473989858,0.01658569674017319,-122.34864801051535,29.65390964439993,1,1
772,0.509559060322767,0.4107689896035271,0.460164024963147,0.018301909147685303,-122.19471687837081,29.612553400918138,1,1
773,0.506425354156182,0.42500595644590117,0.46571565530104153,0.07129932498378705,-121.85812595989898,29.395397282036402,1,1
774,0.5541202064212843,0.4505544428575999,0.5023373246394421,0.2745760399403473,-122.33180950942385,29.554796964572798,1,1
775,0.5575050525453151,0.45712242136326686,0.507313736954291,0.35410286765204735,-122.91055355333587,29.55137401912603,1,1
776,0.5590911708316231,0.4584529476304657,0.5087720592310444,0.3139222390081082,-123.08227628549145,30.238835848032192,1,1
777,0.5229318610246333,0.43216596068001417,0.47754891085232376,0.023940445958384758,-122.4404180534445,29.975895274781255,1,1
778,0.5327046984796152,0.435671578551893,0.4841881385157541,0.015566941727341584,-122.14603083854801,29.55524278067235,1,1
779,0.5504617034472827,0.4540250331835869,0.5022433683154348,0.018477476444076896,-121.96977616773991,29.211865915832316,1,1
780,0.5498201637291874,0.43963131417963164,0.4947257389544095,0.023106678964169947,-119.92867998207943,27.41897056798993,1,1
781,0.5706571430722952,0.4592659265312427,0.514961534801769,0.04831790093863955,-117.96372200810922,26.272648671965957,1,1
782,0.5624241614710772,0.45451315161533,0.5084686565432036,0.7073861675712839,-116.10233611125265,24.559351897555203,1,1
783,0.562648056239304,0.4517503983447024,0.5071992272920032,0.9700846125287517,-115.34173710107947,23.561136198145526,2,1
784,0.5480611157748813,0.4436504940828982,0.4958558049288897,1.1388862746339667,-114.46545538152769,23.78233863530494,2,1
785,0.5258515964565778,0.4324185793133722,0.47913508788497494,1.3602602908615395,-114.26580808506598,24.050646780595947,2,1
786,0.5205931958080607,0.42607828208023374,0.47333573894414727,1.3851437584213588,-114.48242794273597,23.986136903641864,2,1
787,0.5360734179153458,0.4455302457061837,0.49080183181076475,1.4625214741966894,-113.84961559667381,23.181633310638908,2,1
788,0.5430430357748501,0.4419082688062288,0.49247565229053947,1.4532193016774686,-114.21919821878343,23.696796705517173,2,1
789,0.5422018756524581,0.44807960947786396,0.49514074256516105,1.4435071419755043,-113.9318154409629,23.53942322051485,2,1
790,0.5514939117301226,0.4556955341001792,0.503594722915151,1.5362554525093506,-114.03309653660696,23.50212455197928,2,1
791,0.5693810413268628,0.45939867455125305,0.514389857939058,1.4754153467886206,-114.04147803393096,23.097983647456445,2,1
792,0.5608744779861671,0.45844189433699006,0.5096581861615785,1.4094862149397342,-113.5351608792276,22.442422790331783,2,1
793,0.5547082380555357,0.4519157495745749,0.5033119938150553,1.062067193831366,-115.89144431956028,22.311798564188827,2,1
794,0.5491896661347253,0.45524768336749655,0.5022186747511109,0.8681314920539712,-118.46915431031367,23.974714420596257,2,1
795,0.5278511253323537,0.43757304246386625,0.48271208389810993,0.7000333092411158,-121.21184243975772,26.020165274826322,1,1
796,0.5698116705437862,0.45571182211985256,0.5127617463318194,0.6117428752060855,-121.34789643755197,25.920154693979217,1,1
797,0.5525008142553764,0.4355697468266672,0.49403528054102186,0.5639008513808706,-121.34933196978542,26.023520054752662,1,1
798,0.44472209242514865,0.35483204344218316,0.3997770679336659,0.25499099976059536,-121.36538018984155,26.701625507192684,1,1
799,0.35883622655057207,0.29101572421432703,0.32492597538244955,0.03799744259896749,-122.0911993240789,27.510003775835933,1,1
800,0.4054123649564472,0.29629511761430327,0.3508537412853753,0.01907439745038832,-122.54727157251534,28.071949900615397,1,1
801,0.42414445152646313,0.3050361532572615,0.3645903023918623,0.032568875474207934,-123.19551830946375,28.618559783652383,1,1
802,0.44161109132842735,0.3301153654164864,0.3858632283724569,0.022679556896482798,-123.39592526560492,28.84658864095618,1,1
803,0.4700157104711881,0.35686059640347606,0.4134381534373321,0.019283771579505553,-123.7752368201373,29.07697488680569,1,1
804,0.4832012402415645,0.36772202887823563,0.42546163455990005,0.01800238238016652,-124.10803003512801,29.422964945247543,1,1
805,0.4836880557773965,0.36954545894289725,0.42661675736014687,0.022525627381347835,-123.02238175910134,28.123916699041075,1,1
806,0.46297561362854966,0.3734913625947313,0.4182334881116405,0.19304089244945521,-123.11732026037669,26.7857483033385,1,1
807,0.48985233227836916,0.36970849216656504,0.4297804122224671,0.39474045028403926,-123.5645369435932,27.105523398302957,1,1
808,0.47316838242284465,0.3460940981957491,0.4096312403092969,0.3714227237845207,-127.70517610680095,28.821671589865918,1,1
809,0.4751544870558014,0.34748462790586593,0.41131955748083365,0.2902712968337214,-129.4823949411869,29.03744089040882,1,1
810,0.47230455092101775,0.35510264590086915,0.41370359841094345,0.25837857487588006,-135.4105581247545,33.505425690190314,1,1
811,0.4710056358881785,0.3491632039527515,0.410084419920465,0.279790742866543,-136.1359246091466,33.57890558830206,1,1
812,0.46994289298293473,0.3503007734943262,0.4101218332386305,0.2892352376323739,-137.0272262163455,34.13526899861832,1,1
813,0.47715589547772347,0.3650303304362232,0.4210931129569733,0.301666406591302,-136.31016680928153,32.27936352919216,1,1
814,0.46407914829214897,0.35800996228081033,0.41104455528647965,0.30557412324814687,-135.79700021273365,31.588483006582052,1,1
815,0.4623513021084599,0.35502730778954333,0.40868930494900163,0.3050900604143556,-135.9266411636884,31.744476919084587,1,1
816,0.4552489525185897,0.3570479311439163,0.406148441831253,0.3080311341616386,-135.08467952409072,33.58143366170544,1,1
817,0.476843853547679,0.37661075658787824,0.4267273050677786,0.3641296584564463,-129.9979802278293,31.004185436821547,1,1
818,0.4966797050205795,0.4007044493839148,0.44869207720224713,0.3449283239989934,-125.85227210786294,28.544996848092595,1,1
819,0.5000422564366933,0.3920940433142034,0.44606814987544835,0.089239302272314,-123.45767879810613,27.978778686448447,1,1
820,0.5034110476596583,0.39214694675632306,0.44777899720799064,0.01911185318824188,-123.00875278685903,28.286020830501027,1,1
821,0.4977197094605719,0.4014691169605181,0.44959441321054505,0.018318287901049158,-122.97150240317448,29.417505001411907,1,1
822,0.49378168378483445,0.4057026894200874,0.4497421866024609,0.14176111822273604,-121.72092825668364,28.63875110280731,1,1
823,0.5138373367080578,0.42217666224885414,0.4680069994784559,0.3072101113623847,-121.35580864445546,28.638247540586033,1,1
824,0.5220738671832018,0.427597906749067,0.47483588696613444,0.3751212641504714,-121.90368591617077,28.181105053813145,1,1
825,0.5278470907838967,0.42425824312668947,0.4760526669552931,0.41845352334748337,-122.3057341976355,28.264391780701988,1,1
826,0.5289737048263233,0.4250285746539057,0.4770011397401145,0.401770364018596,-123.75906019034774,29.527576663559877,1,1
827,0.5151699384492453,0.4152970695905784,0.4652335040199118,0.2630412248304888,-125.15867649094888,30.656701942910058,1,1
828,0.5001070226426161,0.3974735553248821,0.44879028898374906,0.011767193044957141,-124.62971435155696,30.505102337422116,1,1
829,0.505817370069275,0.4055843860550835,0.45570087806217924,0.015912347084381776,-124.22255817875745,30.222347820036333,1,1
830,0.5066203518795384,0.40779826604222014,0.45720930896087925,0.021927977898704938,-121.98507235146984,29.04140814662492,1,1
831,0.4197040687791664,0.3163452673043691,0.36802466804176776,0.03406342623516635,-119.62730474544287,27.501535357403217,1,1
832,0.19976332679643743,0.10142306403132098,0.15059319541387922,0.38375316692367045,-117.63039293964447,28.935062871356475,0,1
833,0.17952193805619274,0.09441755997442514,0.13696974901530895,0.5257663755799339,-117.46153328829575,28.82922350284324,0,1
834,0.22719521375892726,0.13578917713457825,0.18149219544675277,0.7834825790152082,-118.04469447490378,28.029770869342816,2,1
835,0.2817158589241746,0.18635908572148316,0.2340374723228289,0.7701697683981057,-117.40384707252659,27.767710424405895,2,1
836,0.39777269238461743,0.29958013794657595,0.34867641516559666,0.5826054017351532,-119.47427741595497,28.073261551124638,1,1
837,0.40584414920589096,0.31679015489897067,0.3613171520524308,0.4049083565065618,-122.11832412722516,28.774812825220977,1,1
838,0.4291033006217413,0.3603577948001877,0.3947305477109645,0.2149580066637241,-125.3105481664409,29.54237076359021,1,1
839,0.4759660650457413,0.3722035031828593,0.4240847841143003,0.01919882984469312,-125.18978455808741,29.42071274938514,1,1
840,0.47963766468387115,0.3616625432459833,0.4206501039649272,0.013461437038089753,-124.72947036244769,30.61273989873923,1,1
841,0.48285704151864306,0.3700670363505178,0.42646203893458046,0.014605296248132345,-126.64452102644708,31.694461119858893,1,1
842,0.4817474608529248,0.38033194219083755,0.4310397015218812,0.11177176028120095,-128.9179073105493,32.13873435889781,1,1
843,0.49937507412136456,0.3990550770858977,0.44921507560363116,0.3200182422071374,-127.47576318935423,31.091882001310154,1,1
844,0.5000419795197051,0.39462803821468145,0.44733500886719324,0.4771053290948448,-124.11893639042421,28.867906998300995,1,1
845,0.49692064203078723,0.40342563791872016,0.4501731399747537,0.5577541780146056,-121.93543359167977,27.905069827963867,1,1
846,0.5017539077468924,0.40158565004628477,0.4516697788965886,0.552114423380863,-122.1791177929248,28.018575592032988,1,1
847,0.5086452853233616,0.40445202737247515,0.4565486563479184,0.49854858364526466,-122.88846902195337,28.189522905748074,1,1
848,0.528362235930968,0.4214426350968216,0.47490243551389477,0.47662058920990436,-122.70861329243235,28.031656595285718,1,1
849,0.5145377973720557,0.4050911772580351,0.45981448731504543,0.4063028427580457,-122.18177446778151,28.041617204373235,1,1
850,0.5089451906235603,0.4027702663781552,0.4558577285008577,0.38147948116564345,-120.01363104286929,27.057899343750588,1,1
851,0.5383684401688152,0.4257837136595862,0.48207607691420074,0.38065967555834046,-119.20330208035134,26.601628716114625,1,1
852,0.5276335081369941,0.4223956621202109,0.4750145851286025,0.08914337049931605,-118.92240519812279,26.711685406504863,1,1
853,0.5168394847924823,0.4084589648283345,0.4626492248104084,0.025301616779756116,-119.46247634017391,27.214428949274534,1,1
854,0.5136743862208062,0.40600592651414075,0.45984015636747344,0.019655863292914667,-121.02779771179519,28.05343987767999,1,1
855,0.4914400148066916,0.38616029455389733,0.43880015468029443,0.01930627543289734,-122.50617515105391,28.560215396751744,1,1
856,0.4654899402790874,0.3692477672975079,0.4173688537882977,0.1621208036361677,-126.42783237507587,29.877607716189736,1,1
857,0.4789620053572162,0.37820466686385046,0.42858333611053334,0.22977074444720572,-128.0958077130267,30.91597456485672,1,1
858,0.49929901075528565,0.379554179422145,0.4394265950887153,0.37298549104742523,-127.29895453618889,28.873681139886976,1,1
859,0.4969973928333232,0.38082911847785933,0.43891325565559125,0.5342366675918423,-126.98974901444068,26.529100267512607,1,1
860,0.4975999498309233,0.3814745432687006,0.43953724654981197,0.5219565388804863,-127.52556201222914,26.218049223814912,1,1
861,0.4941380006787719,0.38440214291755187,0.4392700717981619,0.4861106306869223,-127.73107765501588,27.970725288910245,1,1
862,0.5082673728862804,0.38733734560563804,0.44780235924595924,0.43872676858961124,-128.64607779133547,30.28648161660197,1,1
863,0.5016242867211781,0.39048984482918475,0.44605706577518145,0.3164290018044407,-126.37833375859661,30.016333187344536,1,1
864,0.501823526176705,0.4078703914970226,0.45484695883686377,0.024538385337233782,-124.94397721381038,30.02709438896493,1,1
865,0.5183855086493917,0.41036572992908177,0.46437561928923676,0.01446306128572865,-124.98641753254125,30.932559617523218,1,1
866,0.5106448604646697,0.4088396818801883,0.45974227117242905,0.013114696509761553,-125.33979126986121,31.30377375605235,1,1
867,0.5063775130460489,0.40640661778426285,0.45639206541515587,0.01684838895290938,-124.9580540616302,31.78936497302383,1,1
868,0.5185372411680211,0.4181770701159919,0.46835715564200653,0.08161619369324559,-122.88178150275156,30.548791956278347,1,1
869,0.5191034733773283,0.4239111388896154,0.47150730613347186,0.15079173473657934,-120.89131811653083,31.034834094570545,1,1
870,0.5150958872811876,0.42495226476843095,0.4700240760248093,0.269203407150099,-120.01476130638653,28.219076371574058,1,1
871,0.5239741987868057,0.4341939036887015,0.4790840512377536,0.3355813993818077,-118.18444352539902,28.64191572289505,1,1
872,0.52358338983066,0.4304782329126214,0.4770308113716407,0.2726127470255377,-119.47992424385043,28.885920540405237,1,1
873,0.5241151261367123,0.4327518623567047,0.4784334942467085,0.30590783305096025,-122.0873517031768,29.707690196027443,1,1
874,0.5132885116891327,0.41944628785546256,0.46636739977229763,0.34306211572900713,-123.44392386053191,29.76106640056016,1,1
875,0.5244882863644722,0.4198589541394138,0.472173620251943,0.30158927061552315,-124.7165472574494,30.270151722986604,1,1
876,0.5298239533139161,0.4220131412738733,0.4759185472938947,0.23672654864394854,-125.64431626157337,30.260243309759545,1,1
877,0.5181683971363448,0.4020635209593218,0.4601159590478333,0.1995635929660547,-127.25018745590484,31.302337862952598,1,1
878,0.5022766373402721,0.39207992268540864,0.4471782800128403,0.13526098950063958,-128.6507685336755,32.57643439402684,1,1
879,0.5028773994141149,0.38881953165514715,0.44584846553463103,0.08868401438554431,-128.5213784294486,32.750666227506805,1,1
880,0.49033424451029733,0.3819642441634192,0.43614924433685826,0.05821315183135019,-129.44721834589964,33.34053106637731,1,1
881,0.4878904770972297,0.37834786149289523,0.43311916929506245,0.051211296634148265,-129.22443651316962,33.08001928005612,1,1
882,0.48453592992140654,0.3760283926914897,0.43028216130644814,0.05999928990723753,-129.87140326990573,32.77070268151647,1,1
883,0.4754846206505725,0.37268515271068525,0.4240848866806289,0.03560615165596002,-130.47001409288825,32.671077300302294,1,1
884,0.4737722412383933,0.3703103999743762,0.4220413206063848,0.01679503728724673,-130.34085118282806,32.46872497542913,1,1
885,0.4683118912083895,0.3752573436069715,0.4217846174076805,0.015550561822039696,-130.15817654926866,32.07027339011923,1,1
886,0.4570024017233992,0.3668893091787093,0.4119458554510542,0.02112442122569391,-131.9488189740591,33.268668553324424,1,1
887,0.45117588205471537,0.3666541607004906,0.408915021377603,0.023088808938684167,-132.74622734918177,33.889996186250535,1,1
888,0.4526547652335946,0.3594331526389872,0.40604395893629086,0.02795433833773896,-133.20880981779254,34.56579455230801,1,1
889,0.4523252201410228,0.350721365056571,0.4015232925987969,0.08174510536301707,-134.90882855612014,35.61002585928977,1,1
890,0.4479655460348564,0.3518216116979296,0.399893578866393,0.10418251038395653,-134.9996059523595,35.51046269926542,1,1
891,0.44468419922791524,0.34967008520212506,0.39717714221502015,0.11316867908566212,-134.16610850868605,34.315752519351136,1,1
892,0.4461736778908055,0.35109258489975576,0.3986331313952806,0.14798838264605157,-134.8584454011087,34.24667667775378,1,1
893,0.4429921137749577,0.35410172857474387,0.3985469211748508,0.17880048375160043,-136.86549475481425,34.15498360923295,1,1
894,0.4529804276904897,0.35894168266992693,0.4059610551802083,0.17538588173000252,-134.73443134962662,34.53397000549788,1,1
895,0.45580334525359184,0.36135003599115384,0.40857669062237284,0.19409229973070555,-134.27977213892444,33.76518013017059,1,1
896,0.4551862613211264,0.358256614744763,0.4067214380329447,0.19716478646118593,-134.89279727540924,33.71041258251821,1,1
897,0.44910869106575646,0.35020490639650576,0.39965679873113114,0.21465518221712665,-134.87401950381854,37.94546476913499,1,1
898,0.4574582545070589,0.35955620055055026,0.4085072275288046,0.234976179295249,-142.66034798954374,38.83276010578073,1,1
899,0.4508909768928033,0.36175217443462143,0.40632157566371235,0.24098519833205728,-133.58813739158896,33.01351705756412,1,1
900,0.4439769521944853,0.34824377667829215,0.3961103644363887,0.23749720129048316,-134.9494956752412,33.874174039589086,1,1
901,0.4462686444449151,0.354217858840403,0.40024325164265906,0.256244379228861,-156.09961265727725,43.719327897027014,1,1
902,0.43811110519039254,0.354710113956898,0.39641060957364527,0.27050236513103937,-143.5814984469152,33.55695954779864,1,1
903,0.4355141746647991,0.3551315242825156,0.39532284947365737,0.2717956095194584,-151.79225544378625,41.95777298376812,1,1
