frame_num,left_ear,right_ear,ear,mar,phi,theta,label,valid
1,0.4917294009293272,0.3780735114102916,0.4349014561698094,0.20659029582517832,-122.44196756829045,26.888141018164188,1,1
2,0.48964295013500786,0.38120689954230613,0.435424924838657,0.18112734356471252,-123.75315666569152,27.990992984326862,1,1
3,0.5036369085816677,0.3825073754233051,0.44307214200248635,0.16985301552433246,-123.12025175907092,27.903979560760053,1,1
4,0.489167256237568,0.38333008513052136,0.4362486706840447,0.1769768178040972,-123.68755611615715,28.453990028051503,1,1
5,0.49436806884332096,0.3861685972604728,0.4402683330518969,0.16306674611225488,-124.23441320858569,28.980103880723522,1,1
6,0.4888965336880366,0.3806056041859912,0.4347510689370139,0.12913390202912353,-125.18931378928549,29.707770365939616,1,1
7,0.481302424324539,0.3893794170028334,0.43534092066368624,0.03098560489252731,-126.45280415577882,30.897542260361874,1,1
8,0.4853013822988835,0.3846310002175678,0.43496619125822567,0.010556488916987863,-125.40212067925079,29.99214279239882,1,1
9,0.48306304595214217,0.38160958166254794,0.43233631380734505,0.009827156122297844,-123.9758577503455,28.603873495749923,1,1
10,0.4782942159494895,0.3713054659396731,0.42479984094458134,0.006833222223888604,-124.72114387692187,29.270809357108817,1,1
11,0.47238104258815633,0.3805694521717656,0.42647524737996095,0.007289247169843424,-124.58069741889047,29.141734578776457,1,1
12,0.48906354986473216,0.3825892155523065,0.43582638270851937,0.006381655313150143,-124.01276803736006,28.670736297848,1,1
13,0.48485721628454265,0.3840451400886987,0.4344511781866207,0.009581078121050657,-125.38403653552568,29.93340587929836,1,1
14,0.48658662678218645,0.3953339053216883,0.4409602660519374,0.005151834476483715,-126.85485387134096,31.278110068634565,1,1
15,0.5081292501222755,0.39207727556569416,0.45010326284398483,0.0060740272441816385,-124.2950103045263,29.217788147676515,1,1
16,0.5081558774661725,0.3906427885822295,0.449399333024201,0.006756868968817142,-123.52355663015558,28.60466412561123,1,1
17,0.5085145726288087,0.39026235801890535,0.449388465323857,0.007938388295387656,-123.23029968809102,28.41820062382648,1,1
18,0.5098230118717904,0.39696835781615913,0.45339568484397474,0.008916786695622358,-123.03211462598371,28.226199166142095,1,1
19,0.5186522279994661,0.40116551030826275,0.4599088691538644,0.007493161700877725,-124.49698887003306,29.635060085285865,1,1
20,0.5187246730044075,0.3975643453995699,0.4581445092019887,0.006767845191288774,-123.08975779933981,28.459400755666266,1,1
21,0.5096744816928237,0.39666786947597205,0.4531711755843979,0.007684791609384012,-122.95315773097174,28.495117539662665,1,1
22,0.5189809540920811,0.3950069476196912,0.4569939508558861,0.005954113731479744,-123.90762316901046,29.157308106870236,1,1
23,0.5122390816988709,0.3880051478754483,0.4501221147871596,0.006976872130987778,-123.6093480796922,28.83859591021895,1,1
24,0.4984752767172692,0.39413963494931414,0.4463074558332917,0.007115892353757593,-124.63267314419741,29.376427263565873,1,1
25,0.48437124262118536,0.3793042044922776,0.43183772355673145,0.007774324843600443,-124.31647183340081,29.351932052470126,1,1
26,0.46820726367085885,0.37211405260955976,0.4201606581402093,0.008770135801825545,-124.38476042332665,29.38655479073706,1,1
27,0.4949350260805342,0.3787540706463849,0.43684454836345954,0.00733939325121042,-124.0784907875263,28.969544494800434,1,1
28,0.4915799536734353,0.3798024779786184,0.4356912158260269,0.006850169699709127,-124.43885252312955,29.282563592668662,1,1
29,0.5112864888600198,0.39256971971061577,0.4519281042853178,0.005481186785884075,-124.36815924120116,29.40075393572087,1,1
30,0.48784538210196826,0.37453361471295205,0.4311894984074601,0.005963620446661794,-125.49008334025231,30.523968815412157,1,1
31,0.45902745198244793,0.3663056068108917,0.4126665293966698,0.00629062713719578,-125.77148354541724,30.735852050417257,1,1
32,0.24068202726120158,0.11415200622670417,0.17741701674395288,0.00979516193588396,-126.82468554751053,32.107525158665545,0,1
33,0.06096888585194131,0.028128386760755613,0.04454863630634846,0.007293466693091182,-128.9430828362881,34.37271634713646,0,1
34,0.1074122890707759,0.0356685065686484,0.07154039781971215,0.007877345558652464,-128.214248570012,33.64106545041692,0,1
35,0.2932770093397908,0.14804895995479245,0.22066298464729162,0.005150623673138993,-128.05650942926567,33.11930872958031,0,1
36,0.3895567076494636,0.2541851567489325,0.32187093219919805,0.003726395540776408,-127.28027651022992,32.08057119048958,1,1
37,0.3996711763817423,0.305855016526013,0.35276309645387766,0.006492453530744271,-125.62397796902547,31.108666085645687,1,1
38,0.4287803669520252,0.3260507769618504,0.3774155719569378,0.007292442723547447,-125.0406445139897,30.42867184399298,1,1
39,0.44609725630799846,0.35173628146316027,0.39891676888557936,0.007686736420912515,-125.90711520239566,30.713147416932003,1,1
40,0.4407439424409223,0.3494654427560138,0.39510469259846803,0.0072065747584822756,-126.03429647304282,30.860989108179677,1,1
41,0.4561540838060386,0.3662998417267252,0.41122696276638193,0.007495700551689251,-124.34519623794199,29.587814028967205,1,1
42,0.45895800277273646,0.37053835559598997,0.41474817918436324,0.00782862300118142,-123.94218364356553,29.32743368301327,1,1
43,0.47309256944200384,0.3700491794784309,0.42157087446021735,0.009223480435637789,-122.33809531352264,28.2160723367753,1,1
44,0.4729143628396961,0.36843648591951417,0.42067542437960515,0.047107558680249004,-122.5222732388321,28.230579339026377,1,1
45,0.45707288861272083,0.36137656616412833,0.4092247273884246,0.18047080186448977,-121.77246861267075,27.731644419874513,1,1
46,0.4665147470564537,0.37437967525696353,0.4204472111567086,0.23333416632348247,-120.37720213359691,26.599905697500503,1,1
47,0.4695079337429083,0.3904516778985831,0.4299798058207457,0.2802807334917571,-121.20544536886838,27.05389028606745,1,1
48,0.4940541914035164,0.3972937608280104,0.4456739761157634,0.2634528040082958,-119.31909218983711,25.366916424601694,1,1
49,0.5041712692890666,0.39195176667572007,0.44806151798239335,0.25233225819000343,-120.50507425668816,26.25573853296962,1,1
50,0.5091725291648483,0.3928756769388789,0.45102410305186363,0.2524967896084602,-120.4539539215565,25.777167733766685,1,1
51,0.5020025988556559,0.39114131551211573,0.4465719571838858,0.23597557929974528,-120.32519252989849,25.854543374871657,1,1
52,0.5159243484920968,0.3969759052096094,0.45645012685085307,0.2419005060668829,-120.40393702209843,25.983282747982525,1,1
53,0.5184899730229783,0.3959953188035908,0.45724264591328456,0.23067635887493596,-120.7154633305655,26.324810931426477,1,1
54,0.5121251957660337,0.39345544227137214,0.4527903190187029,0.21696038927899705,-119.8137041663897,25.950260805054157,1,1
55,0.5099266865760582,0.40236679433294015,0.4561467404544992,0.24404102573032735,-119.02968431018991,25.22634446874591,1,1
56,0.5302931718363334,0.3979793074600971,0.46413623964821527,0.23479893884701084,-119.14301235445598,25.727089042620083,1,1
57,0.5182800129915497,0.39615231131976986,0.45721616215565974,0.23548478299594847,-118.09121501832213,25.10860418864725,1,1
58,0.5198092625640562,0.39313023309897316,0.4564697478315147,0.256474792450661,-117.60205394185176,24.78981034240631,1,1
59,0.5140306379385682,0.39158269902706017,0.45280666848281415,0.22523499940288055,-117.4517634345382,25.037615523810683,1,1
60,0.49947507308832634,0.3904349504321657,0.444955011760246,0.23169741627957857,-116.89355378355073,24.473704108880906,1,1
61,0.5181042097588239,0.4019513817815694,0.46002779577019665,0.2625796807436647,-117.67179026864441,24.893451168494657,1,1
62,0.49592746488718503,0.38078074930102224,0.4383541070941036,0.21121346335483612,-117.87932035127584,24.768772558424626,1,1
63,0.503071019159715,0.40485644990181996,0.45396373453076744,0.049038363423322844,-119.37897828900188,25.865933899145407,1,1
64,0.5019371807434255,0.3935588385145583,0.4477480096289919,0.00941288463923699,-120.78288714382846,26.921120886625754,1,1
65,0.49875771166786836,0.391515946489525,0.44513682907869667,0.008738384603868452,-122.04589783488296,27.81894128235149,1,1
66,0.5164751923772468,0.38928294664116686,0.45287906950920687,0.013726350679420324,-120.80358525073322,26.43655172464807,1,1
67,0.5044190723141952,0.389983090103995,0.44720108120909513,0.21943453387002948,-122.18964117762158,26.84933467423417,1,1
68,0.5146131250615422,0.3934031657056024,0.4540081453835723,0.30119690095483076,-126.70518367103281,30.343120048867465,1,1
69,0.5088382225258061,0.3903712352482225,0.4496047288870143,0.3001389512665978,-126.67686441685191,30.810003560371946,1,1
70,0.5080399659657083,0.3897122071801939,0.4488760865729511,0.3071272835228074,-128.85869572464333,33.1213139082653,1,1
71,0.5000287680854764,0.38537245679143195,0.44270061243845416,0.26870415109700746,-131.00854928073488,34.494910816489856,1,1
72,0.49755222394808407,0.37897854165955697,0.43826538280382055,0.25602600341958626,-130.84573409089964,34.90390945998419,1,1
73,0.47882640345137717,0.35845327677191713,0.4186398401116471,0.24905733831253724,-131.86423049473174,35.54364993576628,1,1
74,0.4822691294657037,0.3528650142701808,0.4175670718679423,0.2942798883260353,-131.04710287356613,34.565126103606765,1,1
75,0.47512427583950884,0.353569707206197,0.4143469915228529,0.2052092254699323,-127.80704588453132,32.172513850274,1,1
76,0.46710276591144967,0.35500756573296605,0.41105516582220786,0.007655269262002064,-125.7455079974988,30.610043841618467,1,1
77,0.47532580557002385,0.35732281537151905,0.41632431047077145,0.006382762951818043,-125.15225879620016,30.120618395257388,1,1
78,0.4677682658459856,0.36966312642893057,0.41871569613745807,0.09053701773897471,-122.83292048958279,27.76977942395231,1,1
79,0.4813401293692758,0.36620479776243237,0.4237724635658541,0.16048099132331556,-122.62697087324338,27.623016558942922,1,1
80,0.47157892652179684,0.3608173510181194,0.41619813876995815,0.10666170690426008,-123.49389732983316,28.279294054799156,1,1
81,0.48234442451322723,0.36289700041024003,0.4226207124617336,0.012084720282049207,-125.92479865232697,30.444461533361217,1,1
82,0.47941217717295265,0.36770308410552366,0.4235576306392381,0.01923907980768396,-126.7485183396984,31.09560286673054,1,1
83,0.48162323601916546,0.373154192454282,0.42738871423672375,0.16753627495157022,-127.87736024164597,31.524332558731658,1,1
84,0.4914316927356409,0.3712747189122694,0.43135320582395514,0.23385664248303914,-129.1410917589864,31.738904205643962,1,1
85,0.4892738090669362,0.3748498901832138,0.432061849625075,0.2870655491851398,-129.7223758728854,32.47115666487939,1,1
86,0.4782311535258209,0.3636279317630397,0.4209295426444303,0.32593927573813675,-130.6745887240961,32.953627581063294,1,1
87,0.49992327969406775,0.3773126666267218,0.43861797316039475,0.3461105324047119,-130.26232498510507,32.39454674724577,1,1
88,0.46795461491805096,0.36137379925762614,0.4146642070878386,0.32912785160065505,-132.18213661548614,33.78829885284124,1,1
89,0.4655135980629868,0.35611183101851807,0.4108127145407524,0.2998698302429902,-129.07457405689587,31.062861220353202,1,1
90,0.48492782360290143,0.3838219877734417,0.43437490568817155,0.32431368760769624,-130.87090188724864,32.39356631136126,1,1
91,0.4921153184767629,0.3805255894869886,0.43632045398187574,0.3376994903615876,-130.65391446151477,32.13592296971398,1,1
92,0.50679818266719,0.38465884866788547,0.44572851566753774,0.35214383723601805,-130.96330576014512,32.19772304649962,1,1
93,0.4858241139453509,0.38180694728641934,0.4338155306158851,0.3092502942843665,-129.80984903826155,31.921195374157943,1,1
94,0.48010949157371147,0.3717825977837323,0.4259460446787219,0.26362095766982274,-130.68006069065936,32.651054866165794,1,1
95,0.4995428646568308,0.3777116033070239,0.4386272339819274,0.25184794492067447,-129.49034085734036,32.179736567089385,1,1
96,0.4900384039905886,0.36957722827043615,0.4298078161305124,0.21485087527521693,-127.7243679710734,31.160424899164646,1,1
97,0.5121709118229658,0.38323215687019474,0.4477015343465803,0.21902934880479633,-128.65984276214257,32.90028757010748,1,1
98,0.49482091052964877,0.3791022193025045,0.43696156491607663,0.21702839762996837,-125.18182286401145,29.745237842589578,1,1
99,0.48277423211927645,0.3853624487609876,0.434068340440132,0.20633445190101202,-124.8879257719948,29.893760790475977,1,1
100,0.48430066452616066,0.38977777158846416,0.4370392180573124,0.19348262253224102,-123.92877365135776,28.991574234026054,1,1
101,0.4817265922355476,0.3879209479507128,0.4348237700931302,0.21823444118212976,-122.43456260441708,27.63407137512622,1,1
102,0.49952068018240126,0.3938629748400211,0.44669182751121117,0.36553273170500944,-119.15772667334959,24.165671614232192,1,1
103,0.5072720275917044,0.3952266294856289,0.45124932853866667,0.44247222036577294,-119.31050734313321,23.741454557729742,1,1
104,0.496208020503713,0.38830647255880024,0.44225724653125664,0.4590707721180295,-120.2491588780259,24.494712328626925,1,1
105,0.5036787413895192,0.3852301624350379,0.4444544519122785,0.40137041023068376,-120.32592850794474,24.771393009913016,1,1
106,0.49160472691047113,0.3829674212505673,0.4372860740805192,0.30466815479735904,-122.74378211866178,26.770579711265373,1,1
107,0.5146448335362196,0.3913347583536551,0.4529897959449374,0.23190833131242555,-124.6331866502482,28.75376237099084,1,1
108,0.4770334003374599,0.3728419067639817,0.4249376535507208,0.16825280392546274,-126.66709342120065,30.918190952588784,1,1
109,0.4970585304760824,0.38690071931842973,0.44197962489725606,0.20334291565716908,-126.89957027983672,31.215910049816344,1,1
110,0.509251296083478,0.38491646817612807,0.447083882129803,0.245705380205557,-127.13842255116178,31.356049505018444,1,1
111,0.5103598360143846,0.3831594748108792,0.4467596554126319,0.2747969051307297,-131.11391215765937,34.475317669095666,1,1
112,0.5114059166787295,0.3871385003785661,0.4492722085286478,0.2842858540144183,-133.97083985324704,36.550444269166945,1,1
113,0.48892468387988947,0.3779593509300414,0.43344201740496546,0.27389975878014367,-127.68053011888446,31.09440004970946,1,1
114,0.4861946978261599,0.3790376131439891,0.4326161554850745,0.2821508191391998,-128.15984659644943,31.330523977143297,1,1
115,0.47619506493663866,0.37707276255502153,0.4266339137458301,0.24651202305127415,-127.25763782388749,30.988251496388667,1,1
116,0.48048759708179106,0.3840174440967809,0.432252520589286,0.20393585814886694,-130.79822182384933,33.364452265431474,1,1
117,0.47962191505082435,0.3820357810449986,0.43082884804791144,0.2242502356121849,-125.90707659830763,29.591827186972203,1,1
118,0.5005294130686777,0.38240693399213704,0.44146817353040735,0.292670613498127,-127.34159853527343,30.78742453493349,1,1
119,0.49987871678531987,0.38743813154746976,0.4436584241663948,0.29021463400721004,-125.04873951578203,28.436255561825483,1,1
120,0.4886586567608038,0.37810477124217,0.4333817140014869,0.3209086984712558,-124.09873071237497,27.37899910565815,1,1
121,0.5021675925782239,0.3767525345571398,0.43946006356768186,0.34301504929065035,-122.9462575277948,26.45676299419213,1,1
122,0.5296382463154424,0.39377559007358043,0.46170691819451143,0.3534113708570836,-124.58503200930507,28.01683038436879,1,1
123,0.5151500528196128,0.38765329086270756,0.4514016718411602,0.2911720840135417,-126.29163452020735,29.11118573322783,1,1
124,0.5039245256382356,0.38676269677954156,0.4453436112088886,0.1913616713259595,-128.21980588084222,31.08445637305781,1,1
125,0.49750030317698607,0.38541243802652225,0.44145637060175413,0.1408022431777607,-128.1402633428265,31.00327252180367,1,1
126,0.505154198621304,0.38875449091380854,0.44695434476755624,0.08242831962456337,-129.8311858279035,32.13680836091138,1,1
127,0.5030140751804786,0.3862874757807501,0.4446507754806144,0.12381032336003368,-130.5878270773118,29.50365447007004,1,1
128,0.47635802794212395,0.35459074495684734,0.41547438644948564,0.15905187296840867,-128.32676228431674,28.385707902009322,1,1
129,0.493805798226625,0.3731080579718017,0.4334569280992133,0.20414470414391775,-126.74114869887057,26.801412623056,1,1
130,0.4840932968953095,0.3599371887958044,0.4220152428455569,0.2598802289307107,-122.85589194297253,24.471569586851533,1,1
131,0.46874873079165935,0.35374698392864246,0.4112478573601509,0.3282859077487682,-125.48278013678836,26.471489883317656,1,1
132,0.45785741600671304,0.35583740909063977,0.4068474125486764,0.41774582323069276,-125.30758924563851,27.50222124369928,1,1
133,0.483107217175756,0.3603596936102524,0.4217334553930042,0.3860210760303101,-126.80415954676423,29.919498836057926,1,1
134,0.47696258586007534,0.3613376876000215,0.4191501367300484,0.34608945269149566,-130.57336394969943,33.47200954953249,1,1
135,0.4583958492385492,0.3480503478901329,0.403223098564341,0.3213759289156818,-128.85552530070592,32.47273428945133,1,1
136,0.4199598367349504,0.3465567554232018,0.38325829607907613,0.3108959281833513,-127.25272164530227,31.692757653554025,1,1
137,0.4230706855385001,0.3374671515881277,0.3802689185633139,0.2851848074053564,-127.68799862393195,32.376306850552,1,1
138,0.42936936781651447,0.3418623444639001,0.3856158561402073,0.27236453617649004,-126.24108451140084,31.0962873285007,1,1
139,0.4223710650510039,0.32117217313700563,0.3717716190940048,0.2763674966730842,-122.02609545325805,28.057364235530862,1,1
140,0.4025009225370388,0.31685043644094013,0.3596756794889895,0.19425208019567658,-121.62471000895295,28.595778787133746,1,1
141,0.3658906205632251,0.3235452091233869,0.344717914843306,0.016648707957229704,-122.74703347851349,30.15626004536513,1,1
142,0.3470048136349803,0.308890212942174,0.3279475132885772,0.007086465878268184,-122.13981361924414,29.60282025963019,1,1
143,0.3495415634498257,0.30763330078126677,0.3285874321155462,0.009348332787087986,-122.5906792091277,29.72295758415851,1,1
144,0.36705406903906784,0.33043356506854277,0.3487438170538053,0.00957721131327295,-121.88795647618741,28.941334832762603,1,1
145,0.37207812348777947,0.3205154366189416,0.3462967800533605,0.012423574018098665,-120.75207529026784,27.789919769794277,1,1
146,0.37936837041510785,0.3309070566447021,0.355137713529905,0.2507835835122151,-119.54371845011342,25.778149427815727,1,1
147,0.4019720245566071,0.3444783047106632,0.37322516463363514,0.34283069302605934,-120.6826625110935,25.97848471469795,1,1
148,0.4182247070614555,0.3529464909837513,0.38558559902260336,0.3768859195987327,-121.22563710190926,25.954532970422907,1,1
149,0.4218393805315634,0.3544111810504662,0.3881252807910148,0.37645169121499816,-121.32860905306906,26.48218050970656,1,1
150,0.43739211347491136,0.3591320452659878,0.39826207937044955,0.3665690284565917,-122.99771266378606,28.228802024312728,1,1
151,0.44365101422942954,0.3663597942900634,0.40500540425974646,0.31299603230494016,-124.89988761767377,29.700496239390915,1,1
152,0.474376643324131,0.3779187378258901,0.42614769057501056,0.29619470906852446,-128.0849346018105,31.706211468724746,1,1
153,0.47405829740240174,0.3878665324443938,0.43096241492339776,0.29277598363681095,-127.40838680513178,31.503003116032,1,1
154,0.45831452668237055,0.39089106176847704,0.4246027942254238,0.2978390595672173,-127.05868783811827,31.237771729079874,1,1
155,0.48104312340517164,0.3929016694626507,0.43697239643391117,0.2879680220463015,-124.89643389277806,29.526619337802053,1,1
156,0.457427815954552,0.3797943903738684,0.41861110316421024,0.209976655404862,-127.00686503265752,30.960286026618608,1,1
157,0.43536721822763763,0.3539673295193882,0.3946672738735129,0.00699507526142734,-126.81439262413876,31.127567167018555,1,1
158,0.40295455454679474,0.34306040439182073,0.37300747946930773,0.012387975256296148,-123.63457959949609,27.209328495462287,1,1
159,0.4061844655677231,0.3480206519603362,0.37710255876402965,0.009792479224863008,-123.54547755822632,28.1967095609208,1,1
160,0.41608778066850594,0.34434313169731895,0.3802154561829124,0.045554057239049046,-121.44238179445657,26.570662928400466,1,1
161,0.4250137030151637,0.35493920751313524,0.3899764552641495,0.16417826049565198,-120.73219559406193,26.129991031464176,1,1
162,0.4088736072641792,0.3450015309863958,0.37693756912528753,0.021599631795679287,-122.87216270978605,28.50435783849885,1,1
163,0.4419503766296644,0.3631502811998305,0.40255032891474746,0.008068397617405052,-122.16489365375784,27.993007569836863,1,1
164,0.4461572166012688,0.366629572939613,0.4063933947704409,0.009579519214703599,-121.68120190763418,27.491998160872456,1,1
165,0.4360633815328364,0.3573963525131255,0.39672986702298096,0.09654343254488562,-120.2164358206843,25.854861539969207,1,1
166,0.436620927612943,0.36024160281883094,0.398431265215887,0.25609021276914384,-121.07281412544269,25.9810813716347,1,1
167,0.45276413391437864,0.3707568924045175,0.41176051315944806,0.33883933792177634,-119.76058160857498,24.52104413426076,1,1
168,0.45011632915986227,0.3664637860874964,0.4082900576236793,0.3179248393978292,-119.67486325810616,24.271004833482127,1,1
169,0.4381618462073901,0.34439483256970455,0.39127833938854734,0.32806039605936155,-120.66337245533897,24.82931097540112,1,1
170,0.44683082874565844,0.35580610220878295,0.4013184654772207,0.3206683856346984,-121.94516739234406,25.950434841292545,1,1
171,0.40778796964658376,0.3301544617766604,0.36897121571162206,0.31628648702322726,-122.95461036425803,26.83014581829215,1,1
172,0.16957108683396818,0.10698040960024939,0.13827574821710878,0.3127463169430035,-125.53562593659899,30.086883138775864,0,1
173,0.07994648052689197,0.04650781675554962,0.0632271486412208,0.3170226366907131,-127.11773679439077,31.680997699138672,0,1
174,0.176286390068069,0.08340552547635949,0.12984595777221425,0.28700551842177685,-127.8099181596621,32.16140979003301,0,1
175,0.3307611298555211,0.20347410968155358,0.2671176197685373,0.28326425633268837,-124.72523769011387,29.052865062953938,1,1
176,0.41672220097291257,0.2936425363171553,0.35518236864503394,0.2556375394687298,-125.32448731659821,29.15039836798996,1,1
177,0.45845042947994075,0.3365262844766064,0.39748835697827356,0.23176384769596725,-123.84615637303772,27.83035117943931,1,1
178,0.4657495380931627,0.345868355161751,0.40580894662745687,0.2127571817782339,-124.22290293877641,28.192213598337915,1,1
179,0.48126239004679905,0.3639529882985425,0.4226076891726708,0.20196573309449128,-123.65195657638125,27.728662003647667,1,1
180,0.49444232452476317,0.3766921303002865,0.43556722741252485,0.18467244298450977,-123.93637079517447,27.98200083375404,1,1
181,0.48044365943511064,0.3718758297466246,0.4261597445908676,0.18020116941906028,-124.9393019415696,29.176727048397403,1,1
182,0.48705644255435016,0.3773534733536732,0.4322049579540117,0.18802440116853955,-125.35557295852739,29.392631620686167,1,1
183,0.48417619687167096,0.3749215901644466,0.4295488935180588,0.20981197423030595,-126.4406050319897,30.149542300687543,1,1
184,0.500074437561804,0.3876727035567221,0.4438735705592631,0.21256769864884145,-124.9757303808741,29.1727576114597,1,1
185,0.5044504724531939,0.38683880773311985,0.44564464009315685,0.2207393507312298,-125.16823574696066,29.0579761707616,1,1
186,0.5060256581368977,0.3828060438718296,0.44441585100436365,0.23449300724420555,-125.0379816108014,28.88584661036754,1,1
187,0.4960168221832912,0.3846785458550725,0.44034768401918184,0.2306594550978401,-126.87972626981707,30.15455129629222,1,1
188,0.4996037996076594,0.3820124500903599,0.44080812484900966,0.23060593061440615,-124.83521450305643,28.676005899667977,1,1
189,0.5028195589727726,0.3777241028409563,0.4402718309068645,0.20431108433381018,-124.7842321298369,28.66650879834268,1,1
190,0.5010524226585642,0.3861538320972275,0.44360312737789587,0.21621897015598826,-123.98853221810404,27.79717033010021,1,1
191,0.4992978402423375,0.38998312873723,0.44464048448978377,0.21534398664760276,-123.07644681708518,26.914741776472564,1,1
192,0.4969521680962104,0.38645167506263517,0.4417019215794228,0.20359874863464222,-125.16254466864626,29.059759015269016,1,1
193,0.493874356320162,0.38390122758398854,0.4388877919520753,0.2450000600386865,-124.64234734848134,28.665237269746367,1,1
194,0.503556215089488,0.38414580577660296,0.4438510104330455,0.22422750209058204,-123.65808533990845,27.917070105947317,1,1
195,0.4773495011923503,0.3780492595132421,0.4276993803527962,0.23312539353678838,-123.55055777491133,28.29848912758047,1,1
196,0.4920064239944987,0.4071371894324754,0.44957180671348707,0.24419747896981236,-122.86657474008325,27.945856884652265,1,1
197,0.5270984196064786,0.42407892462001295,0.4755886721132458,0.23441008781845266,-121.92941322714117,27.154354655304154,1,1
198,0.525363755112231,0.42212437682042775,0.47374406596632934,0.22720080166403905,-121.18230282451037,26.772413254002,1,1
199,0.5436698733037558,0.4331461787734438,0.4884080260385998,0.20432960505085293,-121.13097739325151,26.930125228225116,1,1
200,0.5467012205924617,0.4248302995824993,0.4857657600874805,0.22732158729829116,-120.05927214940463,25.966325222977247,1,1
201,0.5640636697496404,0.434359560137705,0.4992116149436727,0.19704025042241313,-119.23538197647433,25.51711192463534,1,1
202,0.5671653280487168,0.43885358655028583,0.5030094572995013,0.21060386272616893,-119.5873453506548,25.499310276750027,1,1
203,0.5516526552029789,0.4218387064802029,0.48674568084159087,0.19665409845493248,-121.07063578149462,26.724489245550803,1,1
204,0.5722119899336132,0.436697467988347,0.5044547289609801,0.1974125299350856,-119.30135739830344,25.280216451642524,1,1
205,0.5788829180884392,0.4413645496515305,0.5101237338699849,0.18196265152079824,-119.68360712007625,25.694471232053203,1,1
206,0.5953062035523441,0.44727725216435255,0.5212917278583483,0.1886483394293231,-120.98496741748775,26.778175917981116,1,1
207,0.5716777421256081,0.4308570263057647,0.5012673842156864,0.17787478516916774,-122.91954987391942,28.494595262392863,1,1
208,0.5600779877982037,0.4280253924987545,0.4940516901484791,0.191398877908865,-121.48189489941551,27.6166164424264,1,1
209,0.5552443437295557,0.42255493186460585,0.4888996377970808,0.18599227330303708,-119.75942861477681,26.315770193274034,1,1
210,0.530514668458426,0.40960940982487776,0.4700620391416519,0.1790596740924323,-120.86528696627501,27.421516796592524,1,1
211,0.5233020104607143,0.4027027919998202,0.46300240123026726,0.15801526368368482,-121.47856210684708,28.503905862939114,1,1
212,0.5230603668142596,0.3981267990416474,0.4605935829279535,0.11793513703097169,-120.03174103913899,27.600689584698202,1,1
213,0.5215452899599113,0.4062873343466683,0.4639163121532898,0.1562147064098058,-121.32331979246986,28.801718970755733,1,1
214,0.5208388977782028,0.3889653792261855,0.4549021385021942,0.13089518173646641,-121.08343248188287,28.975667429044087,1,1
215,0.514722987020395,0.386589803371602,0.4506563951959985,0.1362063576092194,-121.53334021794475,29.316221015441243,1,1
216,0.5296372925363084,0.4005196665834644,0.4650784795598864,0.14355836394998772,-121.03140589513113,28.315775303101145,1,1
217,0.5282963271895637,0.40091623247658137,0.4646062798330725,0.12894932120343403,-120.50733759951811,28.198172590421834,1,1
218,0.5260763627303338,0.39796113957426493,0.46201875115229935,0.1344073179141714,-120.87714705805128,28.0325978493778,1,1
219,0.5441762970864972,0.4087528460885789,0.4764645715875381,0.12731082366069177,-120.55412146976835,27.841778670685972,1,1
220,0.5284034355776535,0.3966030353674476,0.46250323547255057,0.1663643149732947,-119.64680872026508,26.552875692151304,1,1
221,0.5176515705376882,0.38737686664002274,0.45251421858885543,0.19287480498290016,-118.623941454143,25.33449411710233,1,1
222,0.5140633371463627,0.40756632670269827,0.46081483192453043,0.1574924959471991,-119.21092786191387,25.414703899036997,1,1
223,0.5189442219085462,0.41261110192075967,0.4657776619146529,0.17514914563402284,-118.98184922932337,24.98139733618174,1,1
224,0.5302822188792344,0.41276649278532523,0.4715243558322798,0.17632859517551025,-119.41638150442652,25.06032347300789,1,1
225,0.5255802696694803,0.39687045904941387,0.4612253643594471,0.18220746680756864,-120.69261365666043,25.517248990421713,1,1
226,0.5328392143627037,0.41646591797462174,0.4746525661686627,0.16375791728473513,-118.57600103164883,23.008181023994148,1,1
227,0.5205461712673958,0.40236256334315196,0.4614543673052739,0.18106397906313781,-118.97783824221108,23.04245455100514,1,1
228,0.5263722203092681,0.4011291047274202,0.4637506625183442,0.1757157286900587,-118.96601379734116,23.12673876550107,1,1
229,0.45241819750701073,0.30042008916010843,0.3764191433335596,0.18778012264856458,-119.70569535876278,24.10918261496486,1,1
230,0.06020246625550451,0.028869552136892795,0.044536009196198656,0.18716576193913548,-123.49063292436507,28.57170789879744,0,1
231,0.06562155646805781,0.029400856158456466,0.04751120631325714,0.17907673291493048,-123.34392851867908,28.926318100832848,0,1
232,0.1359543442295362,0.06297060639493464,0.09946247531223543,0.17584402933957705,-121.81073333515003,27.216792304583137,0,1
233,0.25580825656579365,0.10749495172723056,0.1816516041465121,0.14718792226818303,-121.89019513521343,27.4683995795356,0,1
234,0.4321429812282245,0.24425910142679316,0.33820104132750883,0.17743497778350936,-120.92053063590399,25.981212643662218,1,1
235,0.47555360298119403,0.32455780308065696,0.4000557030309255,0.20114131338340857,-120.73450240013028,25.994481091677997,1,1
236,0.4891695473449096,0.3534827899232804,0.421326168634095,0.18925445915502795,-119.84552761058161,25.274359354563867,1,1
237,0.5027820277307367,0.3720732748933089,0.43742765131202277,0.19863144066590038,-120.16312186636198,25.71650903745072,1,1
238,0.49149483571314717,0.36633869808907726,0.42891676690111225,0.19316736472553053,-122.47277525724908,27.570672820838947,1,1
239,0.5007229388458942,0.36736460128884174,0.434043770067368,0.1630204848756076,-121.95884134603261,27.72618727644872,1,1
240,0.5059257916952862,0.38980216406507867,0.4478639778801824,0.16672485617625202,-121.86709954604092,27.770532756584632,1,1
241,0.5086490657487497,0.38367539131335343,0.4461622285310516,0.16375407272645837,-122.16061690834485,28.034180915700997,1,1
242,0.5107936411802839,0.38410439555592396,0.4474490183681039,0.16521506462536964,-123.13556365631896,28.88362430203265,1,1
243,0.5061189513725574,0.3837496912990245,0.4449343213357909,0.16411645149976795,-124.15114820041184,29.428561234526367,1,1
244,0.4988181203099139,0.3668895972465819,0.4328538587782479,0.1768946041834357,-121.59722218053254,27.173392235557177,1,1
245,0.48785296841018194,0.38029943661563953,0.43407620251291074,0.17985473328598625,-123.36324795061608,28.342092229090426,1,1
246,0.47717344322058086,0.379143613606562,0.42815852841357144,0.19339669376034355,-123.98359930302415,28.866293983729026,1,1
247,0.4876159805362803,0.37817665706008025,0.43289631879818025,0.2018672626893882,-123.87422852582655,28.47403851949075,1,1
248,0.48889905398926475,0.37966511150070914,0.4342820827449869,0.20021993708105243,-124.94437012548072,28.80840503421359,1,1
249,0.4865482560207671,0.36807726003968405,0.4273127580302256,0.20177261022649895,-122.55641324732815,26.615650400343284,1,1
250,0.4891045541635532,0.38912272205026205,0.4391136381069076,0.19255019130970633,-123.5169823982699,27.031920766411286,1,1
251,0.4997426180924319,0.38474570026503885,0.4422441591787354,0.19913428464904553,-122.78241146252223,26.078106841886076,1,1
252,0.5081083245462867,0.3929142694135528,0.45051129697991976,0.19128383785387018,-123.25904653483664,26.395406071881524,1,1
253,0.5176394953547802,0.3847272275419521,0.4511833614483661,0.177813263126221,-122.37213449524116,25.829235753884706,1,1
254,0.5460628300407746,0.4139454458665586,0.4800041379536666,0.17334134804473675,-124.00670463092598,27.226839238457227,1,1
255,0.509175487684878,0.40171286545483736,0.4554441765698577,0.20109927772952205,-127.19190848048305,29.851167405848457,1,1
256,0.5109582229712962,0.40932162709974423,0.46013992503552026,0.1781766997062387,-126.15890409177372,29.658020862318963,1,1
257,0.5345033585537731,0.4102230981447853,0.4723632283492792,0.18490101677146953,-124.2945078352742,28.309386450532525,1,1
258,0.551459594703387,0.4196211069241242,0.4855403508137556,0.1847895246084093,-123.13754589567307,27.681906126985652,1,1
259,0.5165138056489847,0.4177511587032844,0.46713248217613457,0.20226139581651345,-124.26668920098301,28.865256786409155,1,1
260,0.5304908201767645,0.39933898637927695,0.46491490327802076,0.19972450378169782,-123.03129161744907,27.958071512986532,1,1
261,0.5267479229372087,0.41625179829439496,0.47149986061580185,0.18384585736098796,-122.03219593785995,27.764351624956323,1,1
262,0.5355194241425474,0.4179841045537063,0.4767517643481268,0.1463609285859283,-121.09105309447709,27.10253884007227,1,1
263,0.4501504351827372,0.32429462633204786,0.38722253075739255,0.14763970790123618,-122.32213546293757,27.851378236494632,1,1
264,0.055057474387105516,0.03964174275370576,0.04734960857040564,0.1462450381728389,-127.87941274690269,33.73441749944556,0,1
265,0.030443095889609674,0.03775444045054964,0.03409876817007966,0.14978954283187973,-127.76724424121453,33.96970246587627,0,1
266,0.03584995686804041,0.03843440261367467,0.03714217974085754,0.19245135030061528,-125.22409365057048,31.80339553454499,0,1
267,0.10721274611986631,0.03335896954004958,0.07028585782995794,0.27118553721440325,-122.74203090087276,28.90528147538201,0,1
268,0.3293117784229273,0.19278666007262246,0.2610492192477749,0.34974596738667546,-121.74168866555117,26.848691111537754,0,1
269,0.4796624639187356,0.34018409819929274,0.4099232810590142,0.4348741845398488,-117.75886860641451,22.426752164914763,1,1
270,0.512998714399819,0.39611083743287623,0.45455477591634763,0.49836601158750676,-119.17324405778793,22.41226326651002,1,1
271,0.5041412206445065,0.3882170143201563,0.4461791174823314,0.5220896721878977,-119.98767307576036,23.322235441390436,1,1
272,0.49509204962947256,0.38088772357729644,0.4379898866033845,0.4763106556709017,-119.85377848727136,23.33499783549988,1,1
273,0.5083813317396988,0.3892330641247992,0.448807197932249,0.3648510915938144,-121.77222365514046,24.568440681526244,1,1
274,0.4833173458475817,0.3611869414087306,0.4222521436281561,0.24940494746639255,-125.83471082141337,28.537438052349987,1,1
275,0.482552853570025,0.37043521529314005,0.4264940344315825,0.1565716646003266,-127.25484898929426,30.718403225532445,1,1
276,0.48587355664039356,0.37228951907284685,0.4290815378566202,0.012165860857387637,-127.5625891979521,31.05394256690653,1,1
277,0.4756197989838173,0.38293812205877853,0.4292789605212979,0.047839659958320964,-124.8327859049471,29.989434281682467,1,1
278,0.5101645877604918,0.39775908164958523,0.4539618347050385,0.06547032983399079,-124.8789871934016,30.33856253404067,1,1
279,0.5152886696347297,0.4023935016644724,0.4588410856496011,0.06085034218271918,-123.07708103361718,29.20876944544849,1,1
280,0.5164199237861283,0.4046130489578042,0.4605164863719663,0.03673773274446603,-121.27383248909025,28.33385744791396,1,1
281,0.5163244495072015,0.4104922062936914,0.4634083279004464,0.13421333196073604,-120.59686663297873,27.796926577210957,1,1
282,0.508570257390229,0.41060718528951773,0.4595887213398734,0.2617547703436812,-118.14609887608407,25.251807976266722,1,1
283,0.543650449308176,0.42369198963940186,0.4836712194737889,0.29195059126922923,-119.5744944629812,26.056051377761317,1,1
284,0.543731314857117,0.4264434638623968,0.4850873893597569,0.3578205027642503,-120.25368161515716,25.619078387193873,1,1
285,0.509359788164261,0.4070342913351847,0.4581970397497228,0.42003432774017263,-119.46083830667347,24.115421929080966,1,1
286,0.49732315643980146,0.39377824035433184,0.4455506983970666,0.4834970837404716,-119.48715725531399,23.486317522024624,1,1
287,0.48935891766302914,0.3805545360084505,0.4349567268357398,0.47097156977178045,-119.70344165191389,23.1238410290708,1,1
288,0.4449793019630367,0.3227458020219998,0.3838625519925183,0.38707619941588417,-121.30946047086643,23.535600296928262,1,1
289,0.05447818095174035,0.04480941693922229,0.04964379894548132,0.35138744166598096,-132.0389156170632,33.84978573609308,0,1
290,0.060449157894929176,0.02108691648485282,0.040768037189891,0.31848778324414684,-131.50003513238252,34.48075777160678,0,1
291,0.06089407567796049,0.01338562226728228,0.03713984897262139,0.2935019584030905,-133.8037659992065,36.18197106731177,0,1
292,0.08540631510911095,0.020626372456730782,0.05301634378292087,0.2745537677004325,-133.72989104914174,36.174367934772484,0,1
293,0.1687478246340163,0.04732423766760853,0.10803603115081242,0.2140883954671247,-133.8633622217489,36.07322650315299,0,1
294,0.36825499203552964,0.19479974177170056,0.28152736690361513,0.20300891035215243,-128.67529674581132,32.10449021485665,0,1
295,0.4517228211801749,0.3152753280626071,0.383499074621391,0.1817994687948508,-125.60064247260648,29.654329137975463,1,1
296,0.4690431447089307,0.34285996674526276,0.40595155572709674,0.18671735181551036,-124.30275228141063,29.152756345711072,1,1
297,0.49780286061404794,0.3667877205211991,0.4322952905676235,0.16750766390695834,-121.80905642795092,27.270947699373632,1,1
298,0.5083881507872181,0.3968534908090571,0.4526208207981376,0.14330816896298723,-119.84005678268157,26.163232925251485,1,1
299,0.5153876275696704,0.39960112861349517,0.4574943780915828,0.12489038151021524,-120.7672019103457,27.062073784790616,1,1
300,0.5017662872708397,0.3928092134140772,0.4472877503424585,0.12077188107279227,-121.24306605912473,27.454717818501948,1,1
301,0.49885642374563477,0.3734148552354357,0.43613563949053524,0.10305640328413163,-121.06744917647943,27.609494478803985,1,1
302,0.5281439164996944,0.3851973371136423,0.45667062680666837,0.09561185400559136,-121.62647145490321,27.971575290190707,1,1
303,0.5182821648173248,0.37379317540539886,0.44603767011136186,0.11605325035146426,-121.53651164323949,27.43933914332666,1,1
304,0.5239785830900269,0.38590954940532407,0.45494406624767547,0.12246639485520776,-122.22723898592254,27.94653707943949,1,1
305,0.5227726643300213,0.3829200147075513,0.45284633951878633,0.10652966291490179,-122.2429925265523,27.2423752596293,1,1
306,0.5074564909742377,0.38273435832096764,0.44509542464760266,0.14762854284064356,-124.01053156030245,28.43687279826052,1,1
307,0.4948244013862336,0.3841712109089035,0.43949780614756856,0.18078510733444028,-125.5626525413401,29.5846005879173,1,1
308,0.4949649421994479,0.3761609099983398,0.43556292609889385,0.17819433290528544,-124.8199109845564,28.752563047169243,1,1
309,0.5016934192571137,0.3818499973317126,0.44177170829441315,0.154843073817648,-125.85460150225025,29.576188799497476,1,1
310,0.4959660388709096,0.38927549287572133,0.44262076587331545,0.17923655608539796,-124.45952961122372,28.558633431981725,1,1
311,0.4905940631902603,0.37987757131385924,0.43523581725205973,0.1765554152820467,-126.1525210180538,29.898738521058387,1,1
312,0.49697892956679146,0.3903472811793147,0.4436631053730531,0.18972947104608825,-123.49668058629068,27.861586772438287,1,1
313,0.503840279476346,0.3885584466968475,0.4461993630865968,0.18062203229517867,-123.49219663940234,27.96440541113331,1,1
314,0.5093459864089309,0.39146145691887874,0.45040372166390485,0.14519484390381562,-124.13570098505883,28.81215019877492,1,1
315,0.5205571101857528,0.40397569384127596,0.4622664020135144,0.1711026246297751,-122.0548373007525,27.247235270159678,1,1
316,0.5102831766401339,0.38902629299877345,0.44965473481945367,0.13167568116527553,-122.25191217786706,27.444183549900643,1,1
317,0.4960617422150155,0.3746685334663816,0.4353651378406985,0.08445163146930879,-120.91213643932755,26.54415281680272,1,1
318,0.504334346423592,0.38537901900547383,0.44485668271453294,0.0981497129294031,-121.47699592505784,27.607513819337182,1,1
319,0.5236813703471304,0.4013610293119117,0.462521199829521,0.06502852693191116,-121.92899402601972,27.967751846197018,1,1
320,0.5245458245807039,0.39791884081065254,0.4612323326956782,0.050313262507309026,-120.93649890726584,27.512097886871324,1,1
321,0.5131002213250231,0.39320788707167487,0.453154054198349,0.050409500150037624,-121.01440235548532,27.792857857436296,1,1
322,0.5156076870044526,0.40040051844722385,0.45800410272583825,0.047193848977033874,-119.9814734677422,26.94204191776645,1,1
323,0.5202021705287845,0.40882300344098393,0.4645125869848842,0.019267852356595165,-119.98927149787895,27.02510772245196,1,1
324,0.5272726615854273,0.4096072528979387,0.46843995724168297,0.01668079828602875,-120.02170734312156,27.17860021705374,1,1
325,0.5291057628189888,0.4022200588307914,0.4656629108248901,0.03391350478067154,-118.91915443489428,26.025324655179894,1,1
326,0.540185344903376,0.4105443994303426,0.4753648721668593,0.04187780453961385,-119.73689945347421,26.42481947115074,1,1
327,0.5610807320225214,0.4173547757082215,0.4892177538653715,0.055987472324460434,-120.53435772507454,26.83882705469501,1,1
328,0.5691564724797846,0.4194230793006754,0.49428977589023004,0.09131870459561699,-120.23734291532769,26.46410774181375,1,1
329,0.5566191199225422,0.41331751312414416,0.48496831652334316,0.12091384993958117,-120.53439206747198,26.58613157581828,1,1
330,0.545059989499277,0.4004870156741273,0.47277350258670214,0.08868056761504399,-119.67977287618888,25.78763427371527,1,1
331,0.5482380809291235,0.40820496573417175,0.47822152333164764,0.10792362210153973,-118.78478823907145,24.826218293502308,1,1
332,0.5410607834610889,0.405714759858664,0.47338777165987644,0.1580225128103142,-118.51109820161226,24.62712450725595,1,1
333,0.5436597018033686,0.41481147768174526,0.479235589742557,0.09683258204598356,-118.93850940579088,25.19941494073299,1,1
334,0.5398892772896483,0.4102214296894803,0.4750553534895643,0.09248457256595072,-119.23681323424094,25.451080153566892,1,1
335,0.5474366384277686,0.4227315173640967,0.48508407789593266,0.1521523912543455,-120.58402340125312,26.762288964580147,1,1
336,0.5525725491579286,0.4287094935901284,0.49064102137402854,0.13907610066260467,-119.75496679092454,25.92295015238849,1,1
337,0.5127636492385163,0.41534958010576184,0.46405661467213905,0.1321411003822822,-119.28774869733292,25.296584923109215,1,1
338,0.5254638211980399,0.41060692812891186,0.4680353746634759,0.14459661559095305,-118.6958982443362,25.114177204669737,1,1
339,0.5276624125661123,0.41646163559905025,0.4720620240825813,0.16873620357163688,-119.24117298041139,25.579636411826552,1,1
340,0.5141653639051114,0.4122127700641907,0.463189066984651,0.2128521048674444,-118.42610934421822,24.98242225277083,1,1
341,0.5256702621083188,0.42646507784055393,0.4760676699744364,0.24339973302473594,-118.46578383947529,25.00503829632787,1,1
342,0.5300453068063385,0.4255424095867681,0.4777938581965533,0.2682340547315458,-118.17838603982197,24.701656774355357,1,1
343,0.5277034065720438,0.4245275055479099,0.47611545605997685,0.30559901955823787,-117.4548936571309,24.087975598467036,1,1
344,0.5401207299971379,0.4262422161334097,0.4831814730652738,0.3445644836147059,-116.73644014357424,22.77970747955595,1,1
345,0.5319735233691268,0.4258695506329949,0.4789215370010609,0.388226969121921,-116.18558934204617,22.45384761008486,1,1
346,0.5406368099423049,0.4284899524031804,0.48456338117274267,0.42324314739896834,-114.64952839828015,20.79250116375631,1,1
347,0.4878261247559776,0.3643053559249942,0.4260657403404859,0.40462820462124005,-114.52064109554043,20.514530916029553,1,1
348,0.1079521626685563,0.046240373738164364,0.07709626820336032,0.35136820481729397,-118.23583246058442,24.296104909491614,0,1
349,0.06581638951423434,0.030906412725257085,0.04836140111974571,0.2963450558299597,-121.3388056538266,27.58965272737531,0,1
350,0.15280139773525497,0.05244880547802848,0.10262510160664173,0.24713710562992977,-119.85536020488243,26.592352836603347,0,1
351,0.2661192529566465,0.12799704885403512,0.19705815090534082,0.26218362077074864,-119.16445249147367,25.456994800487227,0,1
352,0.3878464882621151,0.22962474602118374,0.30873561714164943,0.2846390220571373,-118.67767753609068,24.748314274063883,1,1
353,0.4756075042860142,0.3492053540391604,0.4124064291625873,0.28288015975865116,-116.90761283001524,22.87154592071789,1,1
354,0.5019616406664621,0.38668893569932095,0.4443252881828915,0.32396694993425507,-116.2654727234508,22.734036736115044,1,1
355,0.5161452587275636,0.39879720923415735,0.4574712339808604,0.32425389187439213,-116.33928277685939,22.990080717892052,1,1
356,0.5077787280542126,0.3965425550708332,0.4521606415625229,0.31669858086566305,-117.17465470274213,23.87712642450008,1,1
357,0.5200283189122308,0.4142873343010784,0.4671578266066546,0.2816078424316227,-116.7360254680704,23.357634835586854,1,1
358,0.5105758237731454,0.4096211472063144,0.46009848548972987,0.2536003760696534,-117.06727998026146,23.77072874720438,1,1
359,0.5118594702411288,0.40681291866811925,0.45933619445462404,0.23058146124326281,-117.26443006982335,24.152445340949583,1,1
360,0.5170771555989092,0.4030417942782777,0.46005947493859345,0.22379362944151565,-118.70953024935281,25.655395015975145,1,1
361,0.5134398141347934,0.3975976080513165,0.455518711093055,0.20272656588961144,-118.76878041441968,25.560641195388683,1,1
362,0.5054405849660845,0.3895250535549353,0.44748281926050987,0.1965532480300027,-119.17376256175999,25.979163941628357,1,1
363,0.5068834883875097,0.3853920874792867,0.4461377879333982,0.21142660346280312,-118.28615363821385,25.194510668017994,1,1
364,0.5011014656159604,0.38941634533284547,0.44525890547440294,0.2052402352702473,-118.68957345029389,25.45793770925247,1,1
365,0.5128515454038457,0.39798754549243476,0.45541954544814023,0.17976860285613452,-119.31635360717208,26.020763205731487,1,1
366,0.5146150643038687,0.3976239067229072,0.456119485513388,0.20433295878865054,-118.49016453243352,25.42592458811186,1,1
367,0.5077479493817412,0.39074244535243396,0.44924519736708757,0.22137576943739223,-118.59084125709892,25.681284473596527,1,1
368,0.5168408445554599,0.39156710079525187,0.45420397267535584,0.2078749389988334,-119.09497339323303,26.34166561638726,1,1
369,0.5065057942729146,0.37851897762420644,0.44251238594856057,0.2135690008738204,-119.47233142741612,26.421486534215187,1,1
370,0.5144348723762866,0.39177477437954206,0.45310482337791436,0.2079354647891192,-119.79823596390635,26.622260751644845,1,1
371,0.5040282961664604,0.38808327698195383,0.4460557865742071,0.23163946601558907,-118.8072615502724,25.704674119766743,1,1
372,0.514593867323872,0.3887889275058801,0.4516913974148761,0.1977477357943296,-118.60194293758994,25.436141133080017,1,1
373,0.5112245862321348,0.39364369449187403,0.45243414036200447,0.20657892815442208,-117.66215732672308,24.511856863699823,1,1
374,0.5215311588019492,0.3955048381881881,0.4585179984950687,0.1960965824951085,-117.48422457541677,24.54641025284398,1,1
375,0.5361726341889156,0.40471854097759596,0.4704455875832558,0.20609777556104283,-117.12693919827316,24.139997684528808,1,1
376,0.5493157635529936,0.4061515586450933,0.47773366109904347,0.18142994864373058,-117.38881739857648,24.804291208231152,1,1
377,0.551601371837169,0.4032742685893009,0.4774378202132349,0.16753814192775146,-117.14803552984502,24.718171084041533,1,1
378,0.5521763326051752,0.40264221259367083,0.477409272599423,0.152079984856493,-116.89960268223247,24.75346476570046,1,1
379,0.5523066765388002,0.4081891360351831,0.48024790628699165,0.12596514989474553,-117.79982314290653,25.65806751248713,1,1
380,0.5409854551743968,0.3943491021248154,0.4676672786496061,0.13152711003901174,-117.72889580162618,25.558938434458863,1,1
381,0.5348059667744341,0.3912575887430663,0.46303177775875026,0.13401235440159395,-118.2235805375008,25.76860485041095,1,1
382,0.5406497354261713,0.39217200081126063,0.466410868118716,0.10264779383596985,-117.88504480346411,25.14431484175312,1,1
383,0.5453096552109207,0.4065057476882744,0.47590770144959754,0.12137068746261705,-117.92003118341812,25.337283547607075,1,1
384,0.522983720030472,0.3985936998157703,0.46078870992312115,0.1518613874517608,-118.82325187113514,26.000331017667378,1,1
385,0.5303212177542813,0.40634044125354823,0.4683308295039148,0.14922863282950152,-118.85843855222033,26.012438088226336,1,1
386,0.5321868184838342,0.41019341967723144,0.4711901190805328,0.18253505710889142,-118.92642710559737,25.848668004234423,1,1
387,0.5013838788938576,0.38650790885872,0.4439458938762888,0.20644996410398314,-118.42913898531921,25.3165434488476,1,1
388,0.4883550161461649,0.38058235219006925,0.43446868416811707,0.16566161276803312,-119.2779155922019,26.137217334751373,1,1
389,0.4849863291910876,0.37130794634680353,0.42814713776894553,0.13565453202431904,-119.88031176397766,26.703727187274062,1,1
390,0.49142431422773736,0.3723210552796087,0.431872684753673,0.15059422919253002,-119.66711745564096,26.585949456904043,1,1
391,0.4936579787890471,0.38361669259162245,0.4386373356903348,0.16114012135892683,-118.6521220228563,25.95916035835334,1,1
392,0.49826746674047667,0.39110987545221454,0.4446886710963456,0.13695547212165532,-118.24453123321481,25.75776256156815,1,1
393,0.5072475710133517,0.39023706042962275,0.44874231572148726,0.16180339203073468,-116.85215356687797,24.55205924663781,1,1
394,0.5154611541014683,0.3922215693131006,0.45384136170728445,0.2047010101034393,-116.94801569680827,24.666958941471762,1,1
395,0.5135732444660888,0.37390336330968893,0.4437383038878888,0.2500626046629525,-117.10512493403984,24.371628801740226,1,1
396,0.5105566775633859,0.3916034389037225,0.4510800582335542,0.27516888638946646,-116.50383583539524,23.92751691421917,1,1
397,0.5238730777708152,0.3934067169889397,0.4586398973798774,0.27106595683136037,-116.07812728183715,23.381120887342604,1,1
398,0.5325647509521408,0.40242868696202505,0.46749671895708295,0.2506269446972045,-117.18547395044095,24.65444334821427,1,1
399,0.490359121173339,0.37535766227985423,0.4328583917265966,0.26417075711023685,-116.70114965712253,24.67989252270506,1,1
400,0.49037105550818966,0.3768788338889546,0.43362494469857216,0.2360672709998004,-116.6455478081111,25.085977680701685,1,1
401,0.5043701110107658,0.3873744068196934,0.4458722589152296,0.20418164559860127,-116.22514475398934,25.134736881087548,1,1
402,0.5181256704418494,0.3902062557974642,0.45416596311965685,0.16887792273817284,-117.71001928660361,27.142313284752777,1,1
403,0.5175461092198389,0.39753066415776483,0.45753838668880187,0.08978011222674141,-117.43776681991226,26.946867699146512,1,1
404,0.5063302635969531,0.39805125224463833,0.4521907579207957,0.05907902589754569,-117.22203004924046,26.898441859168326,1,1
405,0.4977515364770179,0.3945670585099173,0.4461592974934676,0.09741947602340004,-117.79210726131979,26.860178021286142,1,1
406,0.5005785112372185,0.40230803156583955,0.45144327140152907,0.22041056160298025,-117.61772302711557,25.701599924503704,1,1
407,0.5219851681123575,0.4014712880038677,0.46172822805811264,0.32603828130041457,-116.94167754218755,24.619100182378403,1,1
408,0.5144759547483043,0.4031368292153649,0.4588063919818346,0.30756134620376224,-117.20522845408789,24.369893215452105,1,1
409,0.5222009197646102,0.38695240907596434,0.4545766644202873,0.24166351724035923,-118.33861858461997,25.059036997287773,1,1
410,0.49711904881295615,0.38621653955506896,0.4416677941840126,0.025118361985335257,-118.15233612738167,24.75163460399524,1,1
411,0.5172673573247076,0.40073470883874784,0.45900103308172774,0.003889096115837379,-117.93400845263264,24.58122898539977,1,1
412,0.5029728713803373,0.3842097722152291,0.4435913217977832,0.0038251359113196447,-119.18611122731535,25.84590678766384,1,1
413,0.5191612843589818,0.39464296013607525,0.4569021222475285,0.006581663462961103,-120.25560926936616,26.862171799304488,1,1
414,0.5148435931205236,0.39005954410490873,0.4524515686127162,0.04566280497861345,-121.03548361802376,27.874571795191553,1,1
415,0.525093029257823,0.3847360694660809,0.45491454936195197,0.12898183326599208,-119.03456608808708,26.21604645899454,1,1
416,0.5192026620043282,0.39029272790982106,0.4547476949570746,0.10230723048775477,-120.89366590452555,27.96274796756048,1,1
417,0.5235653040345158,0.4003949671712625,0.4619801356028892,0.16193448024060328,-120.17030842585014,27.76064811786764,1,1
418,0.523781830284024,0.4007185248074501,0.46225017754573705,0.15406830793244516,-120.25608626928432,27.864141698306653,1,1
419,0.5129192436958178,0.39704449934347325,0.45498187151964553,0.19151971969455844,-118.74291303323751,26.826331773683318,1,1
420,0.5239061147436485,0.4060232193854024,0.46496466706452544,0.10981720002486875,-117.25432388279013,25.545034105123815,1,1
421,0.5080928303437167,0.3968026594443527,0.4524477448940347,0.004740742146313354,-119.69336785650087,28.436187796557437,1,1
422,0.4957138776944061,0.3889677027616322,0.44234079022801914,0.009228127724907588,-117.03007032920397,26.021298766964748,1,1
423,0.5219730327714104,0.39453325195808875,0.45825314236474957,0.007363162066753459,-119.53522109721999,27.62698793112692,1,1
424,0.5362144721378376,0.3967619368986824,0.46648820451826,0.01243041621019285,-118.99696216589213,26.703385589460577,1,1
425,0.49602099715473946,0.36857299247427416,0.4322969948145068,0.12255747805817697,-118.22290552676291,25.69899024041769,1,1
426,0.4766107386378905,0.3719303751882581,0.4242705569130743,0.13598714994172406,-116.52933214119577,23.77024330380577,1,1
427,0.49511693220165826,0.36921050220979174,0.432163717205725,0.12405553038991216,-116.61698287902333,23.660898690460332,1,1
428,0.4905883629073721,0.3680264199074969,0.4293073914074345,0.09034842776027716,-116.71865903744539,24.09519977970657,1,1
429,0.5010491524909938,0.3840239300719768,0.44253654128148534,0.07950756216116314,-116.55732433509162,23.904900649292355,1,1
430,0.4994855431201984,0.3862901630334404,0.4428878530768194,0.062378363981743415,-116.62334711725438,23.845969557318565,1,1
431,0.4824086789957239,0.37754715781433495,0.4299779184050294,0.009597027230467237,-118.78849271672809,26.077601055376856,1,1
432,0.48605353816224506,0.38451224040965465,0.4352828892859498,0.005808458302676448,-118.53650238103268,25.972090008072335,1,1
433,0.5049921996852322,0.3827691453466668,0.44388067251594954,0.004650953167352799,-117.15483391618487,24.616605910497448,1,1
434,0.5117290784343739,0.3986745493723887,0.4552018139033813,0.049398342058456286,-117.74290129789536,25.260474935828874,1,1
435,0.5011234793708582,0.3855202302743402,0.4433218548225992,0.16218327917175515,-118.48262585251634,25.733453221391873,1,1
436,0.47863242955812774,0.3862765894658884,0.43245450951200803,0.23104143088993906,-117.52173113949009,25.22372490503672,1,1
437,0.477124019160075,0.3889445047863364,0.4330342619732057,0.26630124024984925,-117.73635487142032,25.13631140424394,1,1
438,0.5120622385772541,0.39075004719496204,0.45140614288610803,0.2827551725298079,-118.94259801950852,26.125179282398612,1,1
439,0.4813402571657969,0.37637799870196487,0.4288591279338809,0.2752105090933132,-118.89888949867712,26.21279952660386,1,1
440,0.5160824987654326,0.3906470214318245,0.4533647600986285,0.26310594227635775,-119.41895396169583,26.65259362219514,1,1
441,0.4689093520955501,0.37161696404259553,0.42026315806907283,0.2451030092952468,-119.09938506348372,26.858908409532702,1,1
442,0.506600731287665,0.3835033893676121,0.44505206032763855,0.2306115466400085,-119.32197846183439,27.161434849713366,1,1
443,0.46772292617567257,0.3573822139678285,0.4125525700717505,0.24265228747978618,-119.22710241276623,27.413947369529065,1,1
444,0.47767529391258967,0.37122253808907363,0.4244489160008317,0.2186461679957496,-118.38363624450086,26.733134307269328,1,1
445,0.4797799997212828,0.3701030884479075,0.42494154408459517,0.23119746143971887,-119.40898344843019,27.851820758550748,1,1
446,0.48096923585430096,0.379442184068033,0.43020570996116697,0.2067176859953855,-120.6374099515755,28.71481043950647,1,1
447,0.48262420069384865,0.37796828645093006,0.4302962435723894,0.19858713056951738,-120.41160848153515,28.598924919920783,1,1
448,0.47862583996789804,0.37092988598569304,0.42477786297679554,0.20638217432831066,-120.27818570298591,28.422424118866015,1,1
449,0.48690337908607156,0.3856057458167637,0.43625456245141764,0.21281128390009063,-120.33395614481579,28.52322328415069,1,1
450,0.46779391098866974,0.3782527086371388,0.42302330981290426,0.1945521098157388,-119.98883124860292,28.30863014922898,1,1
451,0.4779517896005838,0.39063139321255513,0.4342915914065695,0.05181253187285864,-119.94841016693753,28.503224179665484,1,1
452,0.48505268391201856,0.39606153972664515,0.4405571118193319,0.007345472430470489,-118.66699868177183,27.326971262891867,1,1
453,0.4920455812700735,0.4013865400388456,0.44671606065445957,0.007833062491005504,-117.73673032692558,26.301896176965954,1,1
454,0.5057550439509799,0.40472351768347714,0.45523928081722853,0.008608891218102589,-118.10660498687486,26.119355060900638,1,1
455,0.5100220251360764,0.40125042053199983,0.45563622283403815,0.11150219489685455,-117.94144555414876,25.413948316879644,1,1
456,0.5194492259279132,0.40107930190834085,0.460264263918127,0.31437456407530234,-116.04643476653506,23.145029811623086,1,1
457,0.5491540129196696,0.4217813306718609,0.4854676717957652,0.4263207959519269,-115.32147630358092,22.192962143234013,1,1
458,0.5264571095903567,0.40589871337842554,0.46617791148439114,0.35911558604232025,-115.01014503868429,21.565492224475232,1,1
459,0.5185288209236327,0.4014330219441384,0.4599809214338856,0.3324132643611334,-115.41171648323319,21.892975283044375,1,1
460,0.5225459739509761,0.4005717002176245,0.46155883708430034,0.25975152876234775,-115.31307840219601,22.082522637989182,1,1
461,0.5284379691201242,0.407426719289355,0.4679323442047396,0.16676095888917938,-116.02710929667843,23.12261037845627,1,1
462,0.5283037880804687,0.40155879874634387,0.46493129341340633,0.15611671246781808,-116.5581568558056,23.651584963529007,1,1
463,0.5159780636838318,0.39134645390764927,0.4536622587957405,0.1107141117818248,-117.00637171481972,24.336676765762782,1,1
464,0.5301716775977371,0.4003838510515304,0.46527776432463375,0.1251873450126759,-114.87334544993497,22.72350400267052,1,1
465,0.5185806057605208,0.39345412683460473,0.45601736629756273,0.13156101621529945,-115.06231901687627,23.36154190091286,1,1
466,0.5176550397509172,0.38979220138823173,0.4537236205695745,0.11303377695532164,-116.43000317052416,24.537179013452374,1,1
467,0.520155617702279,0.3947809654052801,0.45746829155377955,0.05949656210249831,-117.22872656251742,25.217077655729707,1,1
468,0.5178449382038739,0.3947448648921549,0.4562949015480144,0.07587658912579204,-116.9704834607468,25.083391331063364,1,1
469,0.5417995625027914,0.4017808607928979,0.4717902116478446,0.13964198497949562,-118.98340988754218,26.613519614217147,1,1
470,0.5350072886474612,0.4091265198073628,0.472066904227412,0.17835992164409692,-118.61912833870902,26.176343104101427,1,1
471,0.5376784739331967,0.4147683103785651,0.4762233921558809,0.14865626652835237,-117.71297956075452,25.559764833686465,1,1
472,0.5377300966253586,0.41772589357092105,0.47772799509813985,0.15745573001934818,-117.16678398438331,25.142814524271408,1,1
473,0.534633387450345,0.410014327047473,0.472323857248909,0.14980720180016213,-118.00369359854125,25.814955206180517,1,1
474,0.5017682653411993,0.3954591314520292,0.44861369839661425,0.10895306217228289,-117.94369427178738,25.98869563676041,1,1
475,0.5372740037784479,0.42920828582102416,0.483241144799736,0.12759878649795,-118.44548329744462,26.254747744983305,1,1
476,0.5284885545112743,0.4124743395778164,0.4704814470445453,0.14412038364253907,-119.17616057233568,26.75059914334648,1,1
477,0.524418782732631,0.4113715704770299,0.46789517660483043,0.13973632580796733,-120.59159739597418,28.082096311912405,1,1
478,0.5170354765280364,0.4075242410753221,0.4622798588016792,0.13177555006640412,-119.7760734352488,27.41282142867022,1,1
479,0.5032304049458675,0.40089562162226416,0.45206301328406584,0.16183246271128016,-120.95817271196783,28.290566381821105,1,1
480,0.5120152262824832,0.4144429423653359,0.4632290843239095,0.1769910713108247,-120.97641040545345,28.324782187133856,1,1
481,0.4889502044095608,0.3803848724940565,0.4346675384518086,0.17962789363974066,-123.58786509374362,30.221452516916223,1,1
482,0.5019509052375881,0.39607018485726286,0.4490105450474255,0.16934153047173284,-122.82060850282703,29.43979885232425,1,1
483,0.5195564797036117,0.4061458835048009,0.46285118160420635,0.1628763494277636,-122.99514298019628,29.670659070379063,1,1
484,0.5178375662337505,0.40103579032643283,0.4594366782800917,0.1741471340268782,-124.06015145209324,30.39775201029285,1,1
485,0.5029838307883918,0.39716403560573016,0.450073933197061,0.1800140627084362,-124.4431122853505,30.649074641780974,1,1
486,0.5298278305396062,0.41612419828321356,0.4729760144114099,0.19617526861107734,-125.30742267638738,31.4838634278737,1,1
487,0.5153098994574037,0.3857049888337383,0.450507444145571,0.22372137212710502,-125.47857743208195,31.359017620474493,1,1
488,0.5037913204142601,0.3728925259370023,0.4383419231756312,0.2582118740212272,-124.69195899481426,30.501328640273762,1,1
489,0.5223200707252019,0.3980746743883889,0.4601973725567954,0.27638860451748837,-125.07568023859913,30.67019831602129,1,1
490,0.5206115992178769,0.4003132303374345,0.4604624147776557,0.27687291741432035,-124.32903021267892,29.798521504537103,1,1
491,0.5188404606116862,0.39854571236475894,0.4586930864882226,0.2999631424493096,-123.6534229706207,28.860896617238325,1,1
492,0.5305215565962568,0.4033711764949615,0.46694636654560917,0.3014540340762505,-124.60997908004573,29.71156642434379,1,1
493,0.5143350620712027,0.3886350773486862,0.45148506970994445,0.29201550679624133,-125.23952483333926,29.843347511516967,1,1
494,0.5010641170877544,0.39292069890581427,0.44699240799678436,0.2907050080810041,-124.12125122822678,29.23188437273556,1,1
495,0.5234106494293659,0.39730862245715476,0.46035963594326035,0.27697596654025364,-126.09167374424757,30.876686032374955,1,1
496,0.5440596735166382,0.41844095304526424,0.48125031328095125,0.28584081056264854,-125.13827014544125,29.974665068864898,1,1
497,0.5089359096102932,0.40604289982790254,0.4574894047190979,0.2889958149191707,-122.82079622085912,27.77899606076648,1,1
498,0.5183132160013539,0.40529185750277424,0.46180253675206406,0.2860637341344177,-121.98767768452524,27.061726225347808,1,1
499,0.517757805287523,0.4083169225907342,0.46303736393912864,0.2744856581028172,-121.28308874982959,26.50706821546774,1,1
500,0.5223422338198758,0.4223266435493389,0.47233443868460734,0.23782935069027525,-121.33053341632129,26.52739280217552,1,1
501,0.5150748142102609,0.41640418301459053,0.4657394986124257,0.2441820265830349,-122.85633367268703,27.547864855211856,1,1
502,0.5282299811481016,0.42434666320756986,0.47628832217783573,0.23339494469192332,-121.03459490673647,26.226008576785244,1,1
503,0.5288454504770013,0.4218047254639277,0.47532508797046447,0.24442016536180955,-120.03138485360618,25.242356162526214,1,1
504,0.5618556877019298,0.4350692949243621,0.49846249131314596,0.2532916738132607,-118.2439967450417,24.130113865012227,1,1
505,0.5773490332722032,0.44259714098220515,0.5099730871272041,0.25155026347865356,-117.23691244749678,23.895023058874266,1,1
506,0.5884395836338997,0.4380901237680399,0.5132648537009699,0.2298669186081864,-115.74170972635665,22.94981670149576,1,1
507,0.5702744778959922,0.42459254606439256,0.49743351198019237,0.2454597184684738,-116.19767705427515,23.886512548496032,1,1
508,0.5723209473702859,0.4223667121946038,0.49734382978244485,0.2630508363779996,-115.00484107302552,23.932378693323283,1,1
509,0.5577155514797197,0.41108481038078454,0.48440018093025217,0.2678005252630757,-115.17479817140908,24.350381962268557,1,1
510,0.5750441358318636,0.4244896257116648,0.49976688077176423,0.21935939649845834,-115.12982691237438,25.00828397677269,1,1
511,0.5378333517543047,0.40240550656468227,0.47011942915949345,0.15795264348284827,-115.98054933521824,26.451415813264003,1,1
512,0.5202753408350471,0.3918746284777671,0.4560749846564071,0.09788422242952176,-115.79868339824975,26.53659738218888,1,1
513,0.5265432688802272,0.4017616989385159,0.4641524839093715,0.08986563682177436,-117.08696086410178,27.58598823180008,1,1
514,0.5272776810059489,0.3972556084125125,0.4622666447092307,0.04764020668149257,-117.94481041847355,28.165687681388768,1,1
515,0.5305176635151098,0.4134014395376776,0.4719595515263937,0.016308179506346745,-117.63571209976469,27.79011431317684,1,1
516,0.5399571589668991,0.42179267029075623,0.4808749146288277,0.08416209238487984,-119.10351960512368,28.526583636420035,1,1
517,0.5457762389463516,0.41941898450507276,0.4825976117257122,0.07451189431799222,-118.20889672820073,27.43986779779387,1,1
518,0.5449722745783391,0.4274901937124088,0.48623123414537395,0.0995349642729272,-121.09980111482484,29.4283158146804,1,1
519,0.5371856280476516,0.4185785660663392,0.47788209705699536,0.1059870119658426,-121.28793133271373,29.487721108743152,1,1
520,0.531922471544895,0.40867855052208074,0.4703005110334879,0.13327101161037036,-121.05229070564333,29.07464739046223,1,1
521,0.5219793507674567,0.3957909574732381,0.4588851541203474,0.1676973842464652,-120.39855424406937,28.219561381700736,1,1
522,0.5086420106598685,0.3783674816722756,0.44350474616607205,0.19434211213558192,-121.72620997414334,28.923443350131205,1,1
523,0.5337218213838127,0.38937352812106646,0.46154767475243963,0.2305096132408975,-121.1373994074375,28.37286501694114,1,1
524,0.48309648466159166,0.3600027720882818,0.4215496283749367,0.28206987087098057,-121.60755216149079,28.639224927301523,1,1
525,0.5026541123614029,0.3848386252282067,0.4437463687948048,0.2882694456433989,-120.08951204240732,26.436307995384034,1,1
526,0.5017215127444654,0.3828923418887823,0.44230692731662385,0.27523397973606123,-120.24172232022337,25.990362964637548,1,1
527,0.5084249282494185,0.39848100709006157,0.4534529676697401,0.2602113589332021,-120.45645796026994,25.28007886138931,1,1
528,0.49860165276570706,0.3821264831579292,0.44036406796181815,0.21133261031799067,-121.99575981325607,26.409833481294626,1,1
529,0.5076727980151019,0.3675528827159006,0.43761284036550124,0.24165858291791703,-125.03398751330114,28.759263843668926,1,1
530,0.5177870576457556,0.380154020300661,0.44897053897320827,0.24471403343431122,-121.74454725553828,24.267682506292914,1,1
531,0.48371553139651574,0.36458209059569036,0.424148810996103,0.29449850280650125,-122.94774765646868,26.147063273052137,1,1
532,0.500756575577922,0.3710881242130174,0.4359223498954697,0.3244088452914774,-117.0799454190175,20.83460864133071,1,1
533,0.5381866556316621,0.3799140254934338,0.45905034056254795,0.308796599169345,-118.87374013056306,21.875758864530773,1,1
534,0.5219477268542373,0.3932373104042816,0.4575925186292594,0.348524681596321,-117.66942649322996,22.24757415901659,1,1
535,0.5190542089877161,0.3938309314949867,0.45644257024135143,0.30290091925908236,-116.68901735012943,22.463243171724223,1,1
536,0.5188619349430614,0.4040805026085684,0.46147121877581493,0.2272761862301916,-115.75445595924982,22.548599377775407,1,1
537,0.5122738831245371,0.4044620367208506,0.45836795992269386,0.17681235341661017,-116.55692889288294,23.878096715938394,1,1
538,0.5178928153155855,0.4078733889805964,0.4628831021480909,0.16323402490122316,-116.47419121123087,24.538596451330978,1,1
539,0.5302484864041681,0.4080342481699531,0.4691413672870606,0.14254876848908793,-117.9338103764445,26.518863204835984,1,1
540,0.5550108669236391,0.4191828532423336,0.48709686008298636,0.1748422340452212,-118.55837122061654,27.35071564021366,1,1
541,0.5487442298643574,0.4064945581867615,0.4776193940255595,0.24089623199202673,-118.40219015894998,26.816910091267385,1,1
542,0.5529930140659479,0.41114845622138685,0.4820707351436674,0.23449376935991598,-118.30145249434648,25.813704702869778,1,1
543,0.54750665178552,0.420787529939979,0.48414709086274954,0.257307036734468,-117.8746382070386,25.40535864344758,1,1
544,0.5436270902493449,0.42440846497931956,0.4840177776143322,0.24650641546774044,-116.71036700940972,23.45866412846925,1,1
545,0.5355437036903061,0.431159433614405,0.48335156865235557,0.26630457361141396,-117.81692514535182,23.966383772296673,1,1
546,0.5140329377132209,0.4180664197429698,0.46604967872809533,0.25282713720573563,-119.2830182599518,24.962595175860102,1,1
547,0.5199056830839426,0.4276068670234796,0.4737562750537111,0.24572459922619283,-119.26266286673214,24.707311004353127,1,1
548,0.5257760075697655,0.4271464278496355,0.4764612177097005,0.23431260061630912,-118.96477581151393,24.744001859109705,1,1
549,0.5234158819530188,0.4205332874214526,0.4719745846872357,0.21672949676787695,-120.83566077574399,26.57640207957941,1,1
550,0.5389764223420243,0.4258410603736692,0.4824087413578467,0.23126046270426018,-119.79605143423807,26.133630390013447,1,1
551,0.5519370325250467,0.4297687271368441,0.4908528798309454,0.23844926781296383,-118.62749503909852,25.267366997849514,1,1
552,0.5326573622514752,0.4342563295782987,0.4834568459148869,0.20936482336417092,-118.1571434852913,25.486214398974237,1,1
553,0.547315375023517,0.4237539804234428,0.4855346777234799,0.19356477983885295,-118.14079175454978,26.191698011874973,1,1
554,0.5290540489318016,0.4165458778374603,0.47279996338463093,0.1731034568035505,-119.95262185925196,28.18427495078357,1,1
555,0.536378115865687,0.42539621620218215,0.48088716603393455,0.11241615393649694,-118.53955229497163,27.484722229163214,1,1
556,0.5276073271959043,0.4095906865132907,0.46859900685459754,0.05021748234895966,-118.76406666811224,28.253072999261782,1,1
557,0.5209149049781969,0.4114056215288442,0.46616026325352056,0.0298684478309838,-118.55352097779343,29.065943037986777,1,1
558,0.518660465446498,0.40860069298787116,0.4636305792171846,0.04060638541909907,-118.82706863013877,29.187891581585102,1,1
559,0.5210721675066913,0.42018405501530276,0.470628111260997,0.05007550909042683,-118.5572325836617,28.85319318527587,1,1
560,0.5221866046482041,0.4214279314493484,0.47180726804877626,0.07569152834940097,-119.03147527134065,29.384916504349675,1,1
561,0.5153435634971064,0.4151977866495289,0.46527067507331765,0.07512482637202136,-120.06779963507263,29.93270524226433,1,1
562,0.5322038903936982,0.42967319602608606,0.48093854320989216,0.1300327822909239,-121.21652924045674,29.831657458269028,1,1
563,0.5240744487384627,0.42822823471523197,0.4761513417268473,0.16377802379626713,-120.96695160565795,29.477081107261462,1,1
564,0.5257453953962569,0.42112695099239883,0.47343617319432785,0.20131368989746085,-122.17589066079098,29.652717446220517,1,1
565,0.49406932607884424,0.40778860909726955,0.4509289675880569,0.20021481182424034,-120.74416060014441,28.384350437175957,1,1
566,0.517504710795467,0.4182728829051955,0.46788879685033125,0.25614573957263687,-121.25016674507731,28.780647428679522,1,1
567,0.5570569550885482,0.43694474935567806,0.49700085222211315,0.25494511662083896,-121.46697547505106,28.631995578073663,1,1
568,0.5413233901947229,0.4308302559884739,0.4860768230915984,0.2809409326707608,-122.57954248403755,29.354656156352146,1,1
569,0.506820700024201,0.41834670286210784,0.4625837014431544,0.24670530366016022,-120.4002666928713,27.67590459452421,1,1
570,0.5321487808327893,0.4293514113401248,0.480750096086457,0.2808750040993388,-122.48655827353528,29.311117631619954,1,1
571,0.5121050716046385,0.40918047541826663,0.46064277351145255,0.274640757300038,-119.64936627831072,27.29272796698646,1,1
572,0.5424773443637143,0.41635828992591956,0.4794178171448169,0.28317786979478876,-118.17913151952186,25.94382965696519,1,1
573,0.5572683600684024,0.43173891660143193,0.4945036383349172,0.28001784244228395,-117.04696747869006,25.01615968861546,1,1
574,0.5535442993977666,0.42206778325104183,0.4878060413244042,0.22839215095740428,-116.57433584149257,25.296857151547286,1,1
575,0.5469043374737732,0.4205174231906965,0.48371088033223486,0.23212898662283368,-116.9173491253867,25.524492237795325,1,1
576,0.5549386771957562,0.42493769546368626,0.4899381863297212,0.23340190851398285,-116.69141599080241,25.477084651926138,1,1
577,0.5418045374862605,0.41847246806963023,0.48013850277794534,0.18083787227189446,-117.38077586420445,26.080810548251385,1,1
578,0.5421608167316443,0.4197012495274636,0.480931033129554,0.07900167681575343,-117.14819396065957,25.951482853943926,1,1
579,0.5447024752605999,0.4225806561738128,0.48364156571720635,0.10849569687888574,-118.5619321428176,27.021395490045148,1,1
580,0.5586446137090297,0.4318459618905048,0.4952452877997673,0.1438672762925351,-117.43738475849227,25.723412155106747,1,1
581,0.5696712593688903,0.4391089113378392,0.5043900853533647,0.20014538004380486,-118.15141423300749,25.80621383505442,1,1
582,0.5630992426902331,0.4439246788563901,0.5035119607733116,0.29146219656395883,-114.01784807387439,21.37925823905599,1,1
583,0.579288041775527,0.4492940339920153,0.5142910378837711,0.3222449971778086,-115.35890637296482,22.473691372432107,1,1
584,0.5704848633057046,0.44066460137216773,0.5055747323389361,0.34443708401487233,-115.56946589818634,22.686851754645538,1,1
585,0.5765667452881003,0.441584421980643,0.5090755836343717,0.3049656038911824,-116.64916123155673,23.355786917985586,1,1
586,0.5638005411993351,0.42688368622049566,0.4953421137099154,0.29297394790830733,-116.50878659650714,23.340758607234267,1,1
587,0.5267919119561423,0.42856024830769013,0.4776760801319162,0.3277373937784401,-116.00004349311834,23.015012936072186,1,1
588,0.518917119674169,0.41771450941344557,0.4683158145438073,0.3014771785739205,-114.98356974380879,22.69038791683843,1,1
589,0.5452588758801847,0.4162544991830021,0.4807566875315934,0.328435307818829,-114.96073334329405,23.057923747462944,1,1
590,0.5483031087760178,0.425037751037973,0.4866704299069954,0.291163694170869,-115.74194509486674,24.186160025610754,1,1
591,0.5534006467315284,0.40911134324230825,0.48125599498691835,0.2143930443767935,-115.95650430175742,25.00909414157175,1,1
592,0.5171811164750821,0.40348132033829875,0.46033121840669045,0.009917316810812952,-114.31812648997415,24.018380474213576,1,1
593,0.5253904335040946,0.40487100583520236,0.4651307196696485,0.005617801231822281,-114.9499385465496,24.698377356197494,1,1
594,0.5179455050432166,0.40146648525444883,0.4597059951488327,0.006529324965616284,-115.79202143368863,24.739218983756842,1,1
595,0.5471929816829081,0.4054433126997857,0.4763181471913469,0.15974634152913358,-114.78085152357629,24.02342793560464,1,1
596,0.5222775815438004,0.40352075958950995,0.4628991705666552,0.283832334598259,-114.70428271045249,23.219998552706194,1,1
597,0.5162130918649179,0.3857041140661792,0.45095860296554857,0.2788763919102173,-116.4471400089735,24.538097374896076,1,1
598,0.5079449308838982,0.3860340938525801,0.44698951236823914,0.20024112101297295,-118.04936097513023,25.34947438115149,1,1
599,0.513349616851296,0.39317170443105603,0.453260660641176,0.007832127043051926,-119.22205171385609,26.73038095375199,1,1
600,0.49560790770686736,0.38622132542499826,0.4409146165659328,0.006572628497858899,-119.10160679791306,26.83392048801916,1,1
601,0.5223377871821203,0.38972032554092095,0.45602905636152063,0.0053985835555732465,-119.55003373068689,26.67416419834375,1,1
602,0.5165792006038873,0.38594159054613725,0.4512603955750123,0.006709959116441389,-120.93759118574083,27.573195559330497,1,1
603,0.48789484248122256,0.3814747537327566,0.43468479810698957,0.13228668341853458,-119.93343847539094,26.4110422940253,1,1
604,0.516476334435766,0.39077453181336086,0.45362543312456344,0.2790209756438575,-118.51048422291272,24.66757594868819,1,1
605,0.5181618833349162,0.40189184657079635,0.4600268649528563,0.2710527631349052,-120.36242021660397,26.04556062283512,1,1
606,0.5274455933206775,0.4089764644452776,0.46821102888297755,0.25150415495490813,-120.92307434665038,26.55908299044647,1,1
607,0.5308887714613728,0.3918788467469553,0.46138380910416404,0.2522122794352273,-119.81726044861132,25.13919296473866,1,1
608,0.5016471766292928,0.38722599712823025,0.44443658687876153,0.23542451571084125,-119.8055763599895,25.3413162271268,1,1
609,0.5084067969750322,0.3959636892351822,0.4521852431051072,0.22620260977726128,-121.14919600924391,26.4852672076102,1,1
610,0.4952973721500892,0.38927607901982586,0.4422867255849575,0.22844674205945578,-121.07448597666026,27.146850096743282,1,1
611,0.49296919197794903,0.3916913620015996,0.44233027698977434,0.23330567931973667,-120.36706957746678,26.577066369957546,1,1
612,0.5078469557824905,0.40721671388840375,0.4575318348354471,0.21537224238351713,-120.19893248583213,26.715853738350173,1,1
613,0.5079493727336949,0.40542620928803824,0.45668779101086654,0.3402769805992992,-118.58440739939462,25.347325747485783,1,1
614,0.5052127464089365,0.39897871728745127,0.4520957318481939,0.38018133377040814,-118.344204432907,25.089945635821934,1,1
615,0.5399990849226973,0.42044659926321687,0.48022284209295707,0.34838886764133264,-119.46319397288757,25.845233365911753,1,1
616,0.5116337634738606,0.4009946182125679,0.45631419084321423,0.24351420216440525,-118.47407245473273,25.05188160042373,1,1
617,0.5077653054470929,0.413627572311149,0.46069643887912093,0.01205311356262887,-118.90484709848546,25.377428933708593,1,1
618,0.5217653818585907,0.4126090107174492,0.46718719628801997,0.015604741625121881,-117.7081145117386,24.416259787325828,1,1
619,0.5200806108293478,0.4070526674216563,0.463566639125502,0.009232411724710827,-117.24537359624256,23.50225243556412,1,1
620,0.49193070627058083,0.3945808335148107,0.4432557698926958,0.011314837426419876,-115.06923607929005,21.137411495333843,1,1
621,0.48970633777717887,0.39030180791592406,0.44000407284655146,0.11790933847744309,-113.69729623726161,19.838689812975996,1,1
622,0.4665072653285957,0.3658417081050108,0.41617448671680324,0.5859277301560837,-109.55876866125904,14.662397040370607,1,1
623,0.41598371237116744,0.3569724404848121,0.38647807642798976,0.7537467344593829,-108.7691493512859,13.160323473631049,2,1
624,0.5130931509628571,0.39067155463403586,0.45188235279844646,0.8307259262371485,-107.90166777691456,13.185191778202588,2,1
625,0.5578856775401515,0.4027660992415954,0.4803258883908734,0.8305054741394751,-107.92845722739949,12.19915438910724,2,1
626,0.5624505484924771,0.4013749422273288,0.4819127453599029,0.7601129598270021,-106.6873522131988,11.923372681603547,2,1
627,0.5441876747405884,0.4028311426904788,0.4735094087155336,0.7141857459512725,-105.0610093896989,9.475152088521096,1,1
628,0.5619637143000006,0.4135552947571912,0.4877595045285959,0.6136757165477529,-103.38190176384167,7.845217045129879,1,1
629,0.6045618704838075,0.4141303583447815,0.5093461144142946,0.5626593585091545,-102.73800825207049,6.688966168553879,1,1
630,0.6332289022099975,0.432179217442682,0.5327040598263397,0.4950616752680594,-101.77442736008592,5.770875602474898,1,1
631,0.5688360578960231,0.4322086134478013,0.5005223356719122,0.46891721401408815,-102.86936394227159,6.04847768842757,1,1
632,0.5747296324959568,0.4201836776380001,0.49745665506697845,0.4174635751786836,-103.63593155585538,6.675580483966445,1,1
633,0.5661124445979328,0.42021160790105405,0.4931620262494934,0.32222072807946867,-105.57183862627265,8.21369896107232,1,1
634,0.5305553490899202,0.3894282527415843,0.45999180091575226,0.2277294536905577,-106.7252087884476,9.629138750654088,1,1
635,0.3847648550783662,0.1938200822347421,0.28929246865655417,0.18834674008517546,-108.58492399645961,15.329682545025925,0,1
636,0.19370266735021274,0.07430409219624061,0.13400337977322668,0.13860127942708592,-122.37314104006403,25.169538441540688,0,1
637,0.13371198292719919,0.05157303370177162,0.0926425083144854,0.19004287578223228,-152.7567406404109,40.99623834046507,0,1
638,0.10952887369940159,0.04916460813770223,0.07934674091855191,0.19633649074651496,-141.63221777444733,39.39408085480531,0,1
639,0.1384051965086953,0.07240354011382324,0.10540436831125927,0.18212054685647572,-127.58986827391895,35.41722206511765,0,1
640,0.1818186010601775,0.10183348771991822,0.14182604439004787,0.1541940405116253,-126.52929486080652,35.42308724398172,0,1
641,0.2923155485088656,0.2023641948751299,0.24733987169199775,0.14575009893041865,-123.49614303653561,32.59847330331732,1,1
642,0.32611430146169024,0.24521475178674804,0.28566452662421915,0.15779579756359152,-124.49695012181925,33.42291122953036,1,1
643,0.39541684558916634,0.2869022127442254,0.3411595291666959,0.17687970896942018,-126.6143509249908,33.977417390299024,1,1
644,0.39151732465173394,0.289391487283575,0.34045440596765447,0.17036203643221753,-127.77852318518717,34.22763275162645,1,1
645,0.41311725689251366,0.3341471523668408,0.3736322046296772,0.14518547693673245,-131.6852076619516,35.4253709253042,1,1
646,0.4077821186888485,0.3245888780803892,0.3661854983846189,0.22184401307281693,-129.6457066932897,32.7886749917456,1,1
647,0.3653474830391096,0.3084214893413892,0.33688448619024935,0.2146920323023335,-130.26927559617084,30.83339313981914,1,1
648,0.3540383076935468,0.29599826693991654,0.32501828731673166,0.2164578970977881,-137.19468371262406,35.69588286147355,1,1
649,0.3526966442497062,0.3102974854818252,0.3314970648657657,0.23325321397623594,-146.12048322137503,35.84767927958173,1,1
650,0.34542056734219245,0.31744691263161373,0.33143373998690306,0.22498783437269398,-141.8066347718793,34.60462013331433,1,1
651,0.35758413454700305,0.317815025226917,0.33769957988696003,0.21891669534635316,-138.37559473524266,37.232131153812425,1,1
652,0.370111215990715,0.32265047733556734,0.3463808466631412,0.2214809680992441,-138.34079644154264,33.13289811515638,1,1
653,0.3953982400928861,0.34313283817113066,0.3692655391320084,0.20696783711219885,-137.82991395358312,32.75652221394984,1,1
654,0.3893086620632417,0.3437643296014228,0.3665364958323323,0.22134549418232932,-135.43029015186835,35.48687925041388,1,1
655,0.42570274366653205,0.35296525944245827,0.38933400155449516,0.2437127220648164,-142.9911989052078,39.94718519915314,1,1
656,0.4372867175382694,0.3573484158743232,0.3973175667062963,0.28140250766249497,-137.4995476561066,37.7980698944372,1,1
657,0.4228622906215245,0.3521213207485497,0.38749180568503705,0.29278646502000605,-132.74389628357318,34.47253049270168,1,1
658,0.4184763267242421,0.35259769063852203,0.3855370086813821,0.29494307705056333,-128.50451864686747,30.81891442913902,1,1
659,0.4023193758496447,0.33737663988785604,0.3698480078687504,0.27017997183800313,-127.27917459562735,29.687072294598106,1,1
660,0.41297534709250816,0.34522480220061,0.3791000746465591,0.26954960864683575,-127.75389696054553,30.16489894225957,1,1
661,0.4120065952485512,0.34060116506526034,0.37630388015690575,0.25011141191388814,-127.44669594726982,28.211767295921355,1,1
662,0.4081129759357893,0.3454154577799151,0.3767642168578522,0.26599180918738163,-125.39662582595588,27.15006678096694,1,1
663,0.39166054220604385,0.3399755367333908,0.36581803946971736,0.2833946685898402,-124.56298386256168,27.06676778795535,1,1
664,0.42339926563697744,0.3532977672880101,0.3883485164624938,0.2800704423414759,-123.83239066371883,27.898101567713724,1,1
665,0.439040893042764,0.35560914086589296,0.3973250169543285,0.27241149232736434,-123.33624255306911,28.37529782010346,1,1
666,0.4321909803888159,0.3591742207519123,0.3956826005703641,0.2660721276927593,-122.26757916015268,27.40268589387444,1,1
667,0.4271362516245021,0.34810282178481816,0.3876195367046601,0.27742027001945224,-121.94160526499718,27.616742219444088,1,1
668,0.44509301176139765,0.35932395391415095,0.40220848283777433,0.29242953993769705,-122.39538949063014,28.416602462806818,1,1
669,0.45186544728160843,0.37695039151174886,0.41440791939667865,0.2825879231394064,-122.29948799463797,28.34208229575022,1,1
670,0.4347024831267155,0.3564714999565602,0.39558699154163784,0.2945837556465936,-122.11512164356276,27.937878778527093,1,1
671,0.44137280445328275,0.3665451326087181,0.40395896853100044,0.31749914971940446,-120.69330714408589,26.540420121610826,1,1
672,0.45995395967767044,0.37391579540858966,0.4169348775431301,0.32907853033348117,-122.39505892449941,27.672840853335927,1,1
673,0.45155925007247466,0.35974741736776056,0.4056533337201176,0.33542318212213734,-123.36294554842195,28.384898348201112,1,1
674,0.4540479592222915,0.36802252541948316,0.41103524232088734,0.3368216089556191,-123.17859386849364,27.819555437975197,1,1
675,0.46897532157366884,0.3845741898262684,0.4267747556999686,0.350480517546078,-122.52916154288265,27.05971449778833,1,1
676,0.4649897856849977,0.3745962265806688,0.41979300613283327,0.3407320015923422,-122.79575966731738,26.381741669750596,1,1
677,0.4514088549142381,0.3580869927514998,0.40474792383286895,0.35815839915316683,-122.55252689197533,26.110547214956437,1,1
678,0.46021867512941983,0.368051975365166,0.4141353252472929,0.35979713293729665,-124.09116306983043,27.261000744801297,1,1
679,0.4453756661778077,0.36231426787177823,0.403844967024793,0.3554510918156784,-122.09728032581869,26.04172322878122,1,1
680,0.45486870648062316,0.3630296582095114,0.4089491823450673,0.31729361187503025,-119.4051143967546,24.561674345215383,1,1
681,0.44336777602065003,0.3643321561657116,0.4038499660931808,0.18384910861931447,-121.22745091925093,27.248592796295785,1,1
682,0.45741458312628336,0.36653875615458476,0.41197666964043406,0.08849718902797879,-119.49646490349038,26.81843028777798,1,1
683,0.4555778538644353,0.36683217530998735,0.4112050145872113,0.06206286396565608,-119.51504752626224,27.032956750411365,1,1
684,0.4509169097103434,0.36470501874623085,0.4078109642282871,0.10256073960044856,-116.91500673810093,24.878014799852757,1,1
685,0.4612466520738726,0.3793474238696166,0.4202970379717446,0.29315619534961546,-115.11617868345122,23.527160540895817,1,1
686,0.47552870315065515,0.3824028978813923,0.42896580051602373,0.3718987289118779,-114.81537413169747,23.343659700701732,1,1
687,0.4779320235093001,0.3772297450276122,0.42758088426845614,0.30927624729077097,-115.97162690678591,24.41029769357515,1,1
688,0.4626824494578964,0.3690582108414492,0.4158703301496728,0.2875819098241835,-116.36659345331609,25.37939652720809,1,1
689,0.47571918866675755,0.37261796195771535,0.42416857531223645,0.2556904802710173,-116.2955741889926,25.06358501427195,1,1
690,0.48538034386563383,0.3761411486791713,0.4307607462724026,0.23430652104803326,-117.41753798222054,26.1451248566273,1,1
691,0.47721181075652325,0.37772134642665256,0.4274665785915879,0.22417820928374435,-117.58618770707572,26.094463995351415,1,1
692,0.4607876765737688,0.37346639572010404,0.4171270361469364,0.21776741049816,-116.97135766714938,25.168847119208962,1,1
693,0.4815516962601682,0.3832442382871824,0.4323979672736753,0.21024941580669948,-117.91466274604089,25.123242964267153,1,1
694,0.5054157697472923,0.3853898680958113,0.4454028189215518,0.21553690761151492,-119.09562905065556,25.928605977472234,1,1
695,0.47723106281167677,0.3626663759889362,0.4199487194003065,0.20993784722504832,-119.26241330921262,25.800803102062762,1,1
696,0.4842297261440792,0.37048598501950575,0.4273578555817925,0.2269510586388817,-120.70089699858637,26.728541990262194,1,1
697,0.42060390450290813,0.3035029693182937,0.3620534369106009,0.22235846812257481,-121.75919907238772,27.359982166325274,1,1
698,0.044430392060156594,0.03915455387395203,0.04179247296705431,0.22781632668264093,-125.57860858958954,31.765111633782087,0,1
699,0.017252967472837458,0.040616116550929636,0.028934542011883547,0.22079014000589953,-125.7870468123248,32.067340853907325,0,1
700,0.04567693433069261,0.028489477635043198,0.037083205982867906,0.2556878512292561,-127.01547237839995,32.461363590894926,0,1
701,0.0902565030544742,0.04556907606984147,0.06791278956215784,0.29198674251302015,-124.36420403388449,29.511891768502096,0,1
702,0.25179489193996246,0.13303462058892132,0.19241475626444188,0.3347376592095143,-122.2454561010982,26.329965626453774,0,1
703,0.3790836216393582,0.26957397232634434,0.3243287969828513,0.32767044932556805,-121.6228218945335,24.376841953170374,1,1
704,0.415505006194923,0.3235877523060364,0.36954637925047973,0.3148963496971644,-121.10381940455481,23.380438062231683,1,1
705,0.46603634511988556,0.3511267151394014,0.4085815301296435,0.2835300168748349,-122.80737469539291,24.20748777941274,1,1
706,0.4633227926947195,0.34547142975408346,0.4043971112244015,0.2675483723177782,-123.7078070307971,24.81210309834154,1,1
707,0.4639686093763614,0.3419487965411675,0.40295870295876446,0.3014695198759249,-124.3205373249972,25.262558532424634,1,1
708,0.485613858077422,0.34753554560781524,0.41657470184261863,0.3308434203550222,-125.87079634026765,26.349804099322697,1,1
709,0.4584671735491062,0.3410056391478106,0.3997364063484584,0.3423490319644025,-123.64242022094804,24.680568119903185,1,1
710,0.4415349790500432,0.35220088253756743,0.39686793079380533,0.2953252785850026,-121.5766229642821,23.468913163599606,1,1
711,0.479576771155133,0.3742318642106332,0.42690431768288306,0.23348957087265967,-122.09857171743326,23.93944505883767,1,1
712,0.47333938096926503,0.38075197932020893,0.427045680144737,0.19561375028500028,-121.00350155499146,23.962968000906447,1,1
713,0.4663453716856524,0.37494332210535714,0.4206443468955048,0.2372868145139433,-120.81656563469332,25.479951051129838,1,1
714,0.46930289329911773,0.36749025933686796,0.4183965763179929,0.30642181192767215,-117.43769033255106,21.990801426220834,1,1
715,0.4907322801318563,0.38235949202023617,0.4365458860760463,0.36197524349313037,-116.37102657461116,21.363841711202536,1,1
716,0.44919423814067694,0.3608440638924889,0.4050191510165829,0.36558715322478014,-116.63512857523038,22.287853216291136,1,1
717,0.4596606713124748,0.38063317980689837,0.4201469255596866,0.24896821674058567,-116.84685551498484,21.672745938910957,1,1
718,0.49789687530020593,0.37362887785148885,0.4357628765758474,0.08529110703845444,-118.5186801507959,22.730947509376207,1,1
719,0.4983619489672793,0.3875686391390422,0.44296529405316076,0.018954826350101123,-120.83702068659792,24.30661856541408,1,1
720,0.525959195826174,0.40719228236392235,0.4665757390950482,0.08535871679778392,-121.7169971048485,24.45530015245073,1,1
721,0.49218227656747543,0.3944055274685251,0.44329390201800023,0.1607580303600473,-124.95880399260632,26.914139040548697,1,1
722,0.4740882329195145,0.3810473518622077,0.42756779239086107,0.21757236335246868,-125.518134873249,28.751044638499785,1,1
723,0.46936759883855833,0.3780429015855232,0.42370525021204075,0.24797131582742618,-121.84327431655012,25.811625630461197,1,1
724,0.5183292891575569,0.3961003115258502,0.4572148003417036,0.25372659773552275,-120.66035065669583,24.975321571653065,1,1
725,0.4682907181431702,0.3887946243798206,0.42854267126149537,0.21290761528051577,-118.78150786778586,24.178238159246312,1,1
726,0.5023653023002345,0.3904592686311685,0.44641228546570144,0.12452830732843635,-120.19876007165773,25.798961758122783,1,1
727,0.48302155899456156,0.3902748364955887,0.43664819774507513,0.05606225186782167,-123.1351204243025,28.493974712251795,1,1
728,0.45268278590656336,0.3638508268488643,0.40826680637771384,0.13780051308534852,-126.66039409290923,31.715201081171443,1,1
729,0.45416629761703853,0.35945781816388245,0.4068120578904605,0.20043929338769303,-127.12039767935019,31.9765119406844,1,1
730,0.4336411781931126,0.34908042435812686,0.39136080127561973,0.22770192489675423,-128.4776307132967,33.18769489666467,1,1
731,0.4228433322205148,0.3486498352906889,0.38574658375560184,0.282693618131732,-128.57463594432932,33.161330949651614,1,1
732,0.4311858921519198,0.35912859321850576,0.3951572426852128,0.3012474989501688,-124.56710025549911,29.90681260865112,1,1
733,0.4610508737496805,0.3755237268999776,0.4182873003248291,0.20430178723525722,-120.31768217472047,26.39619056380001,1,1
734,0.465699955454467,0.3814043730029505,0.4235521642287088,0.010975735181585237,-119.00510037722451,25.344386743263218,1,1
735,0.4823662663699276,0.38572068505774537,0.4340434757138365,0.008288404858925076,-118.50150768812134,25.55182962145017,1,1
736,0.47420599045625367,0.37711748727871836,0.42566173886748604,0.007782929431574168,-117.44425770706388,25.137077307817794,1,1
737,0.507208254681837,0.40619712005792696,0.45670268736988195,0.1028182775427792,-116.26554884459044,24.36494617709561,1,1
738,0.49170748955601234,0.390257010751525,0.4409822501537687,0.12669253949501202,-116.03682449949827,24.801280108580805,1,1
739,0.4736070727703874,0.3831858273588686,0.428396450064628,0.15857483378434523,-116.67909519012944,25.195757654421257,1,1
740,0.49458698394731576,0.39953785843106543,0.4470624211891906,0.16671059950356729,-116.8220562973441,24.78936659653003,1,1
741,0.4453997955602079,0.3916213261735207,0.41851056086686433,0.17625448865345789,-119.07550218323901,26.09173760161379,1,1
742,0.45701057072248086,0.3990080932380465,0.4280093319802637,0.1992340108340006,-120.40527707669723,26.67719053689536,1,1
743,0.4779180763218179,0.4176321349944724,0.44777510565814516,0.2136065611580237,-121.07808372490867,26.63628255739506,1,1
744,0.462956424505975,0.4156317559475849,0.43929409022677995,0.19040404914029313,-121.60683915248822,26.674588013383897,1,1
745,0.47081175231863615,0.4157439367531816,0.4432778445359089,0.16608571602470337,-120.48325757671635,25.950777861606483,1,1
746,0.5048067981207804,0.4264947930068457,0.46565079556381306,0.1770991197895896,-119.55789800553201,25.339948728016854,1,1
747,0.49989238664252345,0.4239108851419708,0.4619016358922471,0.1630012983470767,-119.73215331100026,25.77433258659292,1,1
748,0.4864439468814532,0.4165526636524367,0.45149830526694495,0.1657693257762875,-119.0987546491911,25.56563253553054,1,1
749,0.46656727482136534,0.4033596362189451,0.43496345552015525,0.15437062177106134,-119.09397045785781,26.086430098908306,1,1
750,0.46557583188436824,0.39261606905657065,0.42909595047046944,0.14240633839319716,-119.40571440393389,27.01695467534933,1,1
751,0.4494482934612415,0.3791011718960342,0.41427473267863785,0.10980572581307155,-118.11622778658176,26.781712788619693,1,1
752,0.4444388751397146,0.38775930334972025,0.4160990892447174,0.1359329246952239,-118.52225573332298,27.458732335972947,1,1
753,0.44275696427440286,0.37792528730805947,0.41034112579123116,0.11992550686403866,-117.52089442921961,26.66969172016791,1,1
754,0.4598850347847197,0.381191289895297,0.42053816234000835,0.1485603083546772,-118.44466940226691,27.22806422628509,1,1
755,0.4591787866401453,0.39638735152511106,0.4277830690826282,0.1959787899922603,-119.64130197266174,27.181870957705684,1,1
756,0.4671268823975566,0.4178305183303283,0.44247870036394243,0.20722329379471074,-118.80128905885947,26.046925237468905,1,1
757,0.4866710876573885,0.40886119567822815,0.4477661416678083,0.21016721589660897,-119.87493806423574,26.924286383771783,1,1
758,0.47620772579300047,0.4101742121390099,0.4431909689660052,0.21147886318137465,-120.087160409428,26.948369745918686,1,1
759,0.4892186109129502,0.41763831590526507,0.45342846340910764,0.1832157069475848,-121.43706391995963,28.239409563117594,1,1
760,0.5139862821895643,0.41047840274131986,0.4622323424654421,0.18323091741980263,-121.14131848743328,27.943680659149795,1,1
761,0.5004943208664908,0.4003200707317655,0.45040719579912813,0.1970969178633035,-120.70800660625359,27.324757693129627,1,1
762,0.5142410263556859,0.410852997208121,0.4625470117819035,0.21414636402833925,-121.12405934108456,27.409124304731105,1,1
763,0.5179092402506814,0.4104024558950909,0.4641558480728861,0.22237117970409848,-121.14121935927915,27.293318029562453,1,1
764,0.5310821077138064,0.416684892164781,0.4738834999392937,0.22603325029851562,-121.84202692882711,27.764600624501906,1,1
765,0.5219001153707113,0.40859241412454667,0.465246264747629,0.23208137165250803,-121.55751795728152,27.36143723561859,1,1
766,0.5217981937011312,0.39885987517079874,0.46032903443596496,0.2382217848319886,-121.02656886724924,26.984342932564868,1,1
767,0.515548098941071,0.39880625799448427,0.4571771784677776,0.24748084187657846,-121.55515710472272,27.436587602260808,1,1
768,0.5175664216535272,0.39634616324971755,0.4569562924516224,0.23457824430070803,-122.39367016747059,28.336243163538473,1,1
769,0.4999567955949057,0.3902876665702784,0.4451222310825921,0.22406483642542338,-122.84348112892067,28.516050824427246,1,1
770,0.49016887456639163,0.39984619146982,0.4450075330181058,0.21569480754017092,-120.46487954326761,27.230237668744437,1,1
771,0.5042367575496409,0.4038299080473182,0.45403333279847957,0.21662042303306278,-121.82917870612738,27.877560912198813,1,1
772,0.5134231724675496,0.40978723241863285,0.4616052024430912,0.23101436766905195,-121.75515573082053,26.940410767290125,1,1
773,0.536841619650932,0.41928234752697885,0.47806198358895546,0.2506495210453705,-126.11728088796548,30.093001888058467,1,1
774,0.5355162135496789,0.4165217428999804,0.47601897822482964,0.2827218847244201,-126.31945474771933,30.065676336736036,1,1
775,0.5505086558130989,0.4256996925108769,0.4881041741619879,0.2977075636007957,-128.05097886577624,30.46990767791833,1,1
776,0.5640553091255214,0.4522760982267349,0.5081657036761281,0.3024399346911741,-135.20320235356124,35.16425087537131,1,1
777,0.5404840332551215,0.4352203119183444,0.48785217258673297,0.26236711323751494,-133.01103848533032,30.826970688432873,1,1
778,0.5287710342000336,0.4297825213641951,0.4792767777821143,0.24458754891241588,-136.52207431973144,31.923492732706453,1,1
779,0.5315555079021544,0.430914560235942,0.4812350340690482,0.2458829114848127,-136.7144974402697,32.094948104457025,1,1
780,0.5168621765393295,0.42198562334841794,0.46942389994387373,0.24000304493923652,-134.85708774106544,31.454240376358854,1,1
781,0.505828714387264,0.4068781075672789,0.45635341097727145,0.23869293676175804,-134.5510297053162,31.700730554959343,1,1
782,0.4318047744527445,0.3246600761812159,0.3782324253169802,0.23105585742804355,-138.0979244540319,33.34800694451044,1,1
783,0.1383586751111051,0.04839859613327674,0.09337863562219093,0.23233144720772436,-149.21676465951907,45.07332556783596,0,1
784,0.12297438328467204,0.04816481060293375,0.0855695969438029,0.21635808549802824,-148.71001815401897,44.89137059923196,0,1
785,0.22871021139745362,0.09816313376929342,0.16343667258337352,0.18876371526117497,-141.3319327568487,37.191011660297164,0,1
786,0.29376947738204817,0.15362635163783933,0.22369791450994375,0.13466093385785513,-139.3916706818341,36.240655334536456,0,1
787,0.4157112230352598,0.3255958817843298,0.3706535524097948,0.07897185963343753,-132.1896233761365,31.20698531028502,1,1
788,0.44139827701787826,0.34698989196968605,0.3941940844937821,0.012913941343011536,-128.74212931536817,29.217219070221443,1,1
789,0.45197506920786396,0.3675670997596345,0.4097710844837492,0.008113190845782797,-129.32751296115882,29.209322361772326,1,1
790,0.4730354121235708,0.3753458188953118,0.4241906155094413,0.009621480855017744,-127.56003057640162,28.49426183436134,1,1
791,0.4771798458315312,0.38343912451392126,0.43030948517272627,0.007692620995639256,-126.34729721098357,27.678865871853265,1,1
792,0.4800536410818268,0.3842184869685685,0.43213606402519766,0.00867474555648386,-127.3367820948309,28.326933917548615,1,1
793,0.47759603945986073,0.37526904365880004,0.4264325415593304,0.009731550321881518,-129.6867233382191,29.675208558902717,1,1
794,0.489349599481382,0.382270995813729,0.4358102976475555,0.009225573846037822,-130.31862541045754,30.21911128183321,1,1
795,0.4841523126640068,0.3807465208382205,0.4324494167511137,0.010904965547543203,-128.1694218579803,28.696319667801795,1,1
796,0.4757427212854832,0.36734011193684946,0.42154141661116634,0.010454769509626993,-129.51503858119554,29.318266960565435,1,1
797,0.47495524664598204,0.3672592840698046,0.42110726535789333,0.013370380743778006,-129.48008136295292,31.15293417745571,1,1
798,0.4911384962387847,0.38226461608463397,0.43670155616170936,0.019598020588542354,-129.18736819800253,28.719339546083145,1,1
799,0.49226448372741183,0.38111370008209533,0.4366890919047536,0.015116200475011362,-129.9778243313525,29.25826508434776,1,1
800,0.47619448570857253,0.3623265210499944,0.41926050337928344,0.01047253741065548,-129.38613232763146,29.27008775708724,1,1
801,0.46998189189386497,0.36319103254025853,0.41658646221706175,0.008982900500349717,-126.7822010508663,30.02175972949199,1,1
802,0.477942961261739,0.3762683141644276,0.4271056377130833,0.008273732253813232,-126.09193066298349,30.387616566699084,1,1
803,0.5141523416965551,0.4110572064539775,0.4626047740752663,0.006485227141876442,-125.17508388364345,30.018536624174622,1,1
804,0.5227323857952613,0.39220093014624813,0.4574666579707547,0.0068274656907449036,-123.48465828090552,29.374641963238172,1,1
805,0.5248250197199289,0.4080767092141549,0.46645086446704187,0.004639775885547172,-123.81754064016823,29.608900125142224,1,1
806,0.5232349417154605,0.4027573255007113,0.4629961336080859,0.005371545003307466,-123.00383629761866,29.09715030343305,1,1
807,0.5002891281294035,0.39174460875121386,0.4460168684403087,0.00716549568928943,-124.10784127401995,29.403606644806437,1,1
808,0.5030099470303799,0.4023531208406591,0.4526815339355195,0.0069783534018145075,-124.47455584456782,29.539033754567203,1,1
809,0.4777533896556039,0.40032127854723476,0.4390373341014193,0.008441827991347083,-126.85706608459853,30.847485394037246,1,1
810,0.4509494234492415,0.37898889969455335,0.41496916157189745,0.00987195962912979,-124.52753081222063,28.960668734074808,1,1
811,0.43321472239067643,0.37430738065930513,0.40376105152499076,0.008669155018288814,-124.42253207842253,27.71481429539637,1,1
812,0.41424853454977073,0.3560928424578206,0.38517068850379566,0.009021088774707581,-125.21748150619824,28.507140046767528,1,1
813,0.4020854144135036,0.34549673751616145,0.3737910759648325,0.006547300860931027,-124.7264763103948,29.23565847018439,1,1
814,0.40436338623342777,0.33979160074837544,0.3720774934909016,0.008689405542428882,-123.24510833564024,28.410504872192533,1,1
815,0.393006573980788,0.32816732607447174,0.36058695002762986,0.01024975539425658,-120.96807825068606,26.83223436092106,1,1
816,0.40759203526338406,0.3498242182490384,0.37870812675621124,0.007767886518258042,-121.42415069611505,27.62471575241155,1,1
817,0.3972520530074981,0.3464465462010693,0.3718492996042837,0.008715766112473313,-121.2975084998226,27.90164649414637,1,1
818,0.40150968330697684,0.344836945343338,0.37317331432515743,0.009163306981278676,-120.59528596647783,27.314472945466417,1,1
819,0.40897830801283963,0.3536463043934342,0.38131230620313694,0.01193559359211459,-120.40743502352115,27.21708623473076,1,1
820,0.39376095962213714,0.3485488021980652,0.3711548809101012,0.012939959208590451,-120.38430329578165,26.934862889830477,1,1
821,0.39860216990665276,0.35317819407217105,0.37589018198941193,0.014620535535832643,-121.508196671349,27.93838743231882,1,1
822,0.4021869350879049,0.3677839084714727,0.38498542177968875,0.01776995960221781,-121.5151623974454,27.32839540172146,1,1
823,0.40208045882031607,0.3493595974781908,0.3757200281492534,0.014569531510704363,-121.75770263056144,27.40806517626518,1,1
824,0.42204050138075977,0.3615639714946715,0.3918022364377156,0.013885298163278666,-122.62276551390016,26.87765663299649,1,1
825,0.41704551305684895,0.3481745641141428,0.3826100385854959,0.012902830010556537,-121.69737481417926,25.554775590420636,1,1
826,0.4145419852439482,0.35559684707494266,0.38506941615944545,0.013203823366130005,-121.85031971136338,25.59507987594465,1,1
827,0.40984998298597175,0.35359845486136626,0.38172421892366903,0.012510670924719572,-121.49099588674319,25.23689944838064,1,1
828,0.40281368853858535,0.34660552372213116,0.37470960613035825,0.013787970845051017,-121.7842716797928,25.4415763021638,1,1
829,0.4246397956353088,0.3464777942456666,0.3855587949404877,0.008274541899649589,-122.99201542030072,27.43232172505562,1,1
830,0.4188621603469971,0.34481494187230666,0.38183855110965187,0.007178836686193728,-122.29132660306571,27.00315408517806,1,1
831,0.4426704535058687,0.3681791377549541,0.4054247956304114,0.006998985914586611,-121.9550325807136,27.46819283408007,1,1
832,0.4383770444544469,0.3616789793579839,0.4000280119062154,0.007443295738499617,-120.79690345675876,26.5803194531874,1,1
833,0.4617985567338485,0.35373190723600695,0.40776523198492776,0.007084221625075705,-119.6988416679176,25.95113418746706,1,1
834,0.45060013119777975,0.3633820214246241,0.4069910763112019,0.005843344810820366,-120.35580795988324,26.834873185078603,1,1
835,0.48566372643114586,0.37895191681315293,0.4323078216221494,0.007010323965791559,-120.35996268396075,27.14509420260327,1,1
836,0.5015229211854388,0.38743606131438624,0.44447949124991254,0.00675077530807485,-119.34297228207602,26.24879678749677,1,1
837,0.4897100869827382,0.3748554227525831,0.43228275486766066,0.007634869061626927,-119.46136096119048,26.591613144635467,1,1
838,0.49841832756097004,0.3815224525779166,0.43997039006944333,0.007306659350282324,-119.7219880629209,26.673100797801993,1,1
839,0.5124591939415177,0.3912249351011086,0.45184206452131315,0.007550732218114061,-120.6897066488859,27.16392859742822,1,1
840,0.4952195034087803,0.39518056225068016,0.4452000328297302,0.009648243230945496,-118.66833651139076,25.142816682739593,1,1
841,0.49417128309459557,0.3911837056583402,0.44267749437646786,0.013348743420419931,-120.26386304306745,26.425295623154035,1,1
842,0.49220619062708315,0.3917907713496318,0.4419984809883575,0.011213366251293483,-120.8738030966553,26.66408650729673,1,1
843,0.48117222890105793,0.3910745335705926,0.4361233812358253,0.01642263633483322,-119.75976257265883,25.270555039507975,1,1
844,0.47952945926196017,0.3874460030087734,0.43348773113536676,0.023513476941551547,-120.11408775217829,25.39783921494356,1,1
845,0.4859046650746951,0.38803922518365147,0.43697194512917326,0.015397123735022673,-119.199823180187,24.712098805699355,1,1
846,0.4765403514559489,0.37716675194349203,0.4268535516997205,0.013173462614407626,-118.71411127997537,24.205296560573405,1,1
847,0.4848958041454474,0.3789419264979179,0.43191886532168267,0.01451882100343416,-119.96924102606683,25.25788614608934,1,1
848,0.48555296219009125,0.3890206700625641,0.4372868161263277,0.017487127491757543,-119.48229153596705,24.89662346718755,1,1
