frame_num,left_ear,right_ear,ear,mar,phi,theta,label,valid
1,0.44353327840600115,0.34442003939556204,0.3939766589007816,0.2480659413781063,-128.57819894522615,29.239829839458764,1,1
2,0.48312818274634506,0.3603213357711802,0.4217247592587626,0.2682152004178263,-125.01690804012294,26.18253983438054,1,1
3,0.45569864293588747,0.3543928704283859,0.4050457566821367,0.2565884198184309,-124.32475751809262,25.813609011059988,1,1
4,0.46819263352301105,0.3580780384191812,0.4131353359710961,0.26366132059162134,-124.71559252106677,26.385508916057567,1,1
5,0.4663920591258676,0.35378721150360853,0.4100896353147381,0.256623133757005,-124.38290304797098,26.149407912503516,1,1
6,0.476276836401311,0.36574651062712277,0.42101167351421687,0.25712001687577485,-125.810549626588,26.52524058018383,1,1
7,0.46088316855552575,0.355035288504781,0.4079592285301534,0.25392172040256017,-126.54810063747186,27.849838556394854,1,1
8,0.45909042620636115,0.36395266190369135,0.4115215440550263,0.2527989626240123,-125.08784354334877,25.97711692573673,1,1
9,0.4587597528752001,0.3612985020955642,0.4100291274853821,0.2499290457198834,-125.17131723632765,26.071651384356556,1,1
10,0.4537971230543196,0.36062000659391547,0.4072085648241175,0.25110820463634964,-125.88589275820537,27.330566835815915,1,1
11,0.471372219598894,0.36949929465900605,0.42043575712895004,0.24922399940324258,-125.22575063626734,26.30754064760363,1,1
12,0.4672897652382715,0.3609502324088529,0.4141199988235622,0.24114884922145094,-123.45586416620722,25.97056480179502,1,1
13,0.46220435218010847,0.34918603866892606,0.40569519542451726,0.25227093875418627,-121.99782208092573,25.1172010632545,1,1
14,0.46272375827179074,0.35137537363439636,0.40704956595309355,0.2424144121304225,-121.7413683572646,25.37591948805629,1,1
15,0.4702439814750078,0.36903661882620636,0.41964030015060705,0.2345502888424508,-121.39718090432098,24.859714882003765,1,1
16,0.47660009978180445,0.3720086446677725,0.42430437222478845,0.2301421226012937,-121.32905503480477,25.15549861719977,1,1
17,0.48098364245256614,0.37283534086458775,0.42690949165857695,0.22259085779225307,-122.33846504794,25.828699477995293,1,1
18,0.483830944124943,0.3714114174963525,0.4276211808106477,0.21534669654070032,-122.18038170166994,25.437453132413772,1,1
19,0.4837468268264717,0.37061806371252076,0.4271824452694962,0.21527952073271045,-122.25878210843085,25.81980839811072,1,1
20,0.4877799803564843,0.37514879838894605,0.43146438937271514,0.2142948470708805,-122.29428402600298,25.68799767312819,1,1
21,0.4941657420915096,0.37391816733916405,0.4340419547153368,0.214392485164342,-121.49830010830802,25.337701903649013,1,1
22,0.4682123114669739,0.3620676765948053,0.41513999403088964,0.23005464163678516,-122.1904044017985,26.025905184239303,1,1
23,0.4392491328190942,0.3293340607916303,0.3842915968053623,0.2230653909205581,-122.38528397285458,26.439676113421594,1,1
24,0.4154963961996504,0.3107486868889299,0.36312254154429013,0.229727823910656,-121.45630007846769,25.484134382390746,1,1
25,0.4293566226252425,0.29990257650277496,0.36462959956400876,0.24738768596965804,-124.52072003785673,27.68103858431963,1,1
26,0.4435924592113924,0.2800675321302364,0.3618299956708144,0.25976376850088245,-121.63758617489884,25.58417305777356,1,1
27,0.4399384594413213,0.2853260415789797,0.3626322505101505,0.27605707148750425,-122.51923148974745,27.14140419772584,1,1
28,0.42358770652903194,0.2586143235792112,0.3411010150541216,0.2695949731342483,-120.84419599797418,25.051606756247367,1,1
29,0.4664733284184715,0.2976822552422305,0.382077791830351,0.24039535253178454,-121.0330102646112,25.48824013992149,1,1
30,0.43943080951436636,0.23847532619078518,0.3389530678525758,0.24769398947422064,-119.53712875189174,24.020788230089025,1,1
31,0.47438281819636463,0.24465331069132495,0.3595180644438448,0.260675114240487,-117.82757482150076,23.153157432692137,1,1
32,0.4762453304057849,0.2531747141035653,0.3647100222546751,0.3024893679719463,-118.40569560130919,23.111932956942013,1,1
33,0.4789680242533698,0.23464420499430588,0.3568061146238378,0.31389425112469227,-117.22132463237969,21.693232249841124,1,1
34,0.5498174166597802,0.27715750355172464,0.41348746010575244,0.33308883184645466,-115.22363407373518,19.68426645531274,1,1
35,0.5781837261756974,0.264883132735755,0.42153342945572614,0.4311551888271516,-115.38135241674253,19.147732356618043,1,1
36,0.5922983737530794,0.2611792816272379,0.42673882769015864,0.44605815979148594,-115.5513024122128,20.115147779730584,1,1
37,0.5842243420133887,0.28163200402672234,0.4329281730200555,0.4787025178835182,-113.30264939459045,19.306299268767237,1,1
38,0.663790810900401,0.2871960109639572,0.4754934109321791,0.41108081865193097,-111.94077710380058,18.681200411663944,1,1
39,0.6884187766461031,0.3571046076575999,0.5227616921518514,0.21554787501135292,-111.31175430896802,18.0272783735057,1,1
40,0.708930036446287,0.35003963858564063,0.5294848375159639,0.1360137996137517,-110.26414786717883,16.65885519745951,1,1
41,0.7629670680518879,0.35677189280552907,0.5598694804287084,0.09634019285249831,-107.56911623628052,14.133523257048836,1,1
42,0.6932763299113163,0.3675174316493085,0.5303968807803123,0.024606503971384794,-108.19250059906707,14.39649614083709,1,1
43,0.6727992182730629,0.37073605269332444,0.5217676354831937,0.04970375038685095,-108.02561440632661,14.74310797160026,1,1
44,0.7252490456693809,0.36479929502328756,0.5450241703463342,0.05108000704540183,-108.38409140078751,15.128444045431214,1,1
45,0.6955225004080154,0.3501223284037302,0.5228224144058728,0.26163392956293025,-108.48012587278508,15.140761784524091,1,1
46,0.6366386778137947,0.3255583139943875,0.4810984959040911,0.25007706738316926,-108.88654993633702,15.459042829200657,1,1
47,0.6546637434458559,0.3462276758645622,0.5004457096552091,0.21552502251587075,-110.61236150444644,16.531366755555045,1,1
48,0.6165311571685642,0.29076667013275015,0.4536489136506572,0.3321405254238377,-111.47899493897208,17.389174258394107,1,1
49,0.6512104816346187,0.32365351334890413,0.4874319974917614,0.311544262280619,-109.95412511268006,15.363582740761426,1,1
50,0.6596349857568387,0.3311587974565985,0.49539689160671857,0.2823912423365458,-110.8104348903846,16.454211795426847,1,1
51,0.5472990907713184,0.27522116628168625,0.41126012852650234,0.17458147330354779,-111.13358953488759,17.777943351110444,1,1
52,0.46193358492349396,0.24185161763235238,0.35189260127792316,0.2008281745426147,-114.32578769891262,20.898867647389896,1,1
53,0.4830822202464066,0.2551905352567264,0.3691363777515665,0.09679931174573855,-117.73250196845368,24.153649877550606,1,1
54,0.40315435766628277,0.2678148608784208,0.3354846092723518,0.11287757845105986,-118.26421543752282,24.631367940892282,1,1
55,0.3914412947944472,0.31957526374999407,0.3555082792722206,0.06421458867108769,-118.27584125537622,24.473616973592158,1,1
56,0.4346721119999616,0.34195104786951824,0.3883115799347399,0.11078141591281646,-121.78764694049674,26.89614485007963,1,1
57,0.4162702897779297,0.3552481119796145,0.3857592008787721,0.06544995212556637,-120.85214135351357,26.3676514215542,1,1
58,0.4524192707003619,0.3764340108207745,0.41442664076056823,0.10049870941430367,-121.19344656274738,26.61175418600178,1,1
59,0.4639127372219958,0.3767448555026063,0.420328796362301,0.11102558169437429,-121.58054823082934,26.92483850257724,1,1
60,0.44853608341405,0.3657258707840744,0.4071309770990622,0.13905925032919017,-120.32975360738993,26.175106756360837,1,1
61,0.4628314471589394,0.3631824868846867,0.41300696702181305,0.11014135985788,-120.7257785584754,25.78985842414517,1,1
62,0.46702395981907074,0.3712088021673906,0.4191163809932307,0.17445498282533653,-120.16107205182205,25.49886272714726,1,1
63,0.4778586366244765,0.38095922921129394,0.4294089329178852,0.2378131964249868,-119.84633443345659,25.082667032310816,1,1
64,0.4748385211877498,0.3802214331458454,0.4275299771667976,0.23530110326994677,-120.34222500562512,25.589798135686713,1,1
65,0.4677592301144074,0.37668872129890973,0.4222239757066586,0.2436343306858264,-121.07994083702741,26.409206007646738,1,1
66,0.4677501916860587,0.3786513269640663,0.4232007593250625,0.24540919334462752,-120.8233469992893,26.26605156686558,1,1
67,0.4644940383647921,0.38328361990291776,0.42388882913385495,0.26363153100411785,-120.61269630779337,25.989386515715005,1,1
68,0.4643470216624443,0.3764844973293527,0.4204157594958985,0.2608709924490838,-120.61226860160598,25.45171081284778,1,1
69,0.47314527655310756,0.38228173387718245,0.427713505215145,0.24021502268683095,-120.5754958037924,25.62325938585716,1,1
70,0.484502458262998,0.3885155407286731,0.43650899949583555,0.12453742110867447,-121.16193265353004,26.224747119031964,1,1
71,0.4723027913378819,0.3887854331080482,0.43054411222296507,0.0671386011030907,-121.51381323518778,26.945744588143878,1,1
72,0.4755200545862411,0.390776952874831,0.43314850373053604,0.05235296441924847,-120.38138295889145,25.956692895010306,1,1
73,0.4361642551588946,0.3470180505636488,0.3915911528612717,0.05080923790960715,-121.40101162363007,26.915058522331268,1,1
74,0.42321349471936015,0.3194206577621048,0.3713170762407325,0.09237473906455412,-123.02840853269616,28.59818087823161,1,1
75,0.4558326783431712,0.3405768427941359,0.39820476056865356,0.15915582436887707,-124.45406828095155,29.214217338990807,1,1
76,0.43815451602277394,0.34182674085446696,0.3899906284386204,0.173004431203614,-126.07466103865613,30.678750745380484,1,1
77,0.3956281502125885,0.3351377697088618,0.3653829599607251,0.12928415010051042,-126.71793818437183,31.72107658236865,1,1
78,0.4031603334969885,0.3551066503866677,0.3791334919418281,0.16626971770331744,-127.24354202555159,31.220156970425002,1,1
79,0.40143868668409083,0.36329623546194456,0.38236746107301767,0.2027660327626427,-124.19324120229953,30.361260813127195,1,1
80,0.40040720063379737,0.3722201694716611,0.3863136850527292,0.20719509033340053,-125.29394327705434,29.807862021949298,1,1
81,0.39126858970152034,0.37169965723526743,0.3814841234683939,0.19860176485645603,-125.34810870608422,30.352984956198963,1,1
82,0.4047138857324543,0.3876053622480706,0.39615962399026244,0.18609074190249977,-125.47470281452357,29.954031963679558,1,1
83,0.39817127984452527,0.39476870697097716,0.39646999340775124,0.1778398354533853,-127.7147905017725,27.88799122222007,1,1
84,0.386622593490565,0.3865606798402004,0.3865916366653827,0.19566306755168444,-125.66528946833618,30.029216050638777,1,1
85,0.3894968330038915,0.3948198931557628,0.39215836307982715,0.2269977575476245,-124.34402827287327,31.45736642273645,1,1
86,0.3920295565453255,0.40975481492478116,0.40089218573505336,0.24165433067946618,-124.77396299407131,27.91083398226349,1,1
87,0.39011499303554564,0.42698072347677063,0.40854785825615814,0.23779036762637143,-124.82163687384501,28.686898268183374,1,1
88,0.3850741482892291,0.4214724574667928,0.40327330287801094,0.22673755950052815,-124.46731941548931,27.934997457733484,1,1
89,0.389673435180547,0.4260876434253892,0.4078805393029681,0.22357546998737818,-124.32026286514305,27.401233371586304,1,1
90,0.38587668078950593,0.4317518168730712,0.4088142488312886,0.20309622347770925,-124.45078283342337,28.7655181928146,1,1
91,0.38539162778222646,0.42771336997440285,0.4065524988783147,0.13668338763981697,-124.80954232496882,29.103291359120725,1,1
92,0.3821694821241371,0.42739335159960545,0.4047814168618713,0.05447213847269899,-124.95786336962827,27.123762067113173,1,1
93,0.36910648845089167,0.4165569836726011,0.3928317360617464,0.048798068798639405,-124.3111650574199,28.733891253360063,1,1
94,0.37929893306596296,0.43254037978022764,0.4059196564230953,0.045268578602105786,-124.20832277240955,28.576642480022876,1,1
95,0.38170941392822316,0.4272535304466122,0.4044814721874177,0.052315297411182515,-125.0628046300828,27.204851158918615,1,1
96,0.3777450842214221,0.4179919195530552,0.39786850188723866,0.06505246697787223,-124.09979968941333,27.200051861267728,1,1
97,0.37462626746795685,0.42473518132665733,0.39968072439730706,0.07412475831114099,-124.09549524895519,28.731461766740967,1,1
98,0.37325182320352673,0.4236932827728684,0.39847255298819756,0.10789281792827961,-123.68737591016686,28.41693071539427,1,1
99,0.37233042474774325,0.4207923122783129,0.39656136851302803,0.14565051545582577,-123.72343276363512,27.587294529311123,1,1
100,0.38059478802729907,0.4278286492573234,0.4042117186423112,0.18972663675316406,-124.34570035876341,27.623245124168054,1,1
101,0.37659381581528445,0.42470156791254954,0.400647691863917,0.21179962637332544,-123.49862975757088,27.20314100763634,1,1
102,0.37965355724054717,0.4295313112035851,0.40459243422206614,0.20579945569505773,-123.60626435449919,27.429145498404957,1,1
103,0.3865326505723295,0.4433215503662787,0.4149271004693041,0.23630955086714783,-123.17506510707803,26.538481701359952,1,1
104,0.37456997379498336,0.42632229842327257,0.40044613610912794,0.27984114359041756,-123.3359470749631,26.100036806106342,1,1
105,0.3736677256580743,0.41741278480433147,0.3955402552312029,0.29141496021992896,-123.49963694278621,26.206362220240774,1,1
106,0.3726978701623533,0.42406842594204675,0.3983831480522,0.3083005860447029,-123.05094164083191,25.765889575144424,1,1
107,0.36645776526051976,0.410973682477541,0.3887157238690304,0.25845234038414056,-123.13972297694757,27.00226205012874,1,1
108,0.3743199880291232,0.41819684816131214,0.39625841809521767,0.02237429872771926,-122.63938330281607,27.726459536222634,1,1
109,0.37230991327962587,0.4172769667978791,0.3947934400387525,0.0126696936819584,-122.06757754857128,26.38648079224786,1,1
110,0.3740589168461003,0.4210930906831699,0.3975760037646351,0.019401647503728185,-120.83159727784256,24.780364805604098,1,1
111,0.38093968621581964,0.4292918551340023,0.405115770674911,0.054603017599798416,-122.98153296198653,27.09316251332706,1,1
112,0.3728832821136274,0.42634236546282905,0.39961282378822827,0.04181520553664326,-122.98449859963942,27.318564533879325,1,1
113,0.3729168551540186,0.4251531693578376,0.3990350122559281,0.09437223540042308,-122.69123211686053,26.987429906922568,1,1
114,0.37402354067999494,0.423541777245351,0.39878265896267295,0.1613461295750018,-123.51766961776521,28.352732974619908,1,1
115,0.3713069115441582,0.42718317792899635,0.3992450447365773,0.18857276492474231,-123.65371898054714,27.97071853368901,1,1
116,0.3772654872739285,0.43160902217963254,0.4044372547267805,0.15358482403314716,-123.32197675119434,27.567567624970014,1,1
117,0.38589814828346525,0.4303002715864896,0.4080992099349774,0.1315395717291869,-122.55746341113608,26.706909491660046,1,1
118,0.3792956501295584,0.43063308448252163,0.40496436730604,0.07062828656608137,-124.40572577401304,27.50658328815724,1,1
119,0.3818264521331848,0.42636302167349555,0.4040947369033402,0.04584494853962848,-124.36256800286314,28.63490645888513,1,1
120,0.3792000058618729,0.42492837155409985,0.4020641887079864,0.05793361120843571,-123.61961583948016,26.99616481789667,1,1
121,0.3786089655037308,0.427439528316889,0.4030242469103099,0.05343901269143941,-122.92546110981435,28.021153767894933,1,1
122,0.38506142714150043,0.4291591409340131,0.40711028403775673,0.05487479954056199,-124.52635568318595,26.51953028667412,1,1
123,0.3915092248665337,0.42723149633015495,0.4093703605983443,0.0688797927239062,-123.09448071964567,28.12696765949252,1,1
124,0.39274014798829415,0.42737130936338474,0.41005572867583945,0.14349700994401116,-122.08422438345389,28.41263335508489,1,1
125,0.39274269967315856,0.42077143539181006,0.4067570675324843,0.2081796737988951,-123.59997576984122,28.304392776375526,1,1
126,0.3970342267276699,0.4292094368050092,0.41312183176633954,0.22488223419509637,-123.98169714943062,27.92263555755432,1,1
127,0.3832455503329512,0.41827841995880394,0.4007619851458776,0.24060294054719492,-124.41925968824505,27.69773867407092,1,1
128,0.3897297790365606,0.42573100498466426,0.40773039201061245,0.251533698447078,-123.53663698282939,27.645302588535227,1,1
129,0.3958944517462881,0.4117291458669177,0.4038117988066029,0.2581755805403273,-124.63927307480526,27.033082466451383,1,1
130,0.37908848334689527,0.39988683763902366,0.38948766049295946,0.24547753267593958,-124.82379201532672,28.121911820783808,1,1
131,0.37731102357554214,0.3923097771411469,0.3848104003583445,0.22066694080620292,-125.44471551305436,28.655761604799004,1,1
132,0.3441966623468023,0.36466518155396427,0.3544309219503833,0.20710217642659415,-124.96281683765076,31.412012505010015,1,1
133,0.3243228315957819,0.33864249124728446,0.33148266142153315,0.15530485419470658,-127.56810844351693,30.903691721620902,1,1
134,0.2224060581226036,0.20317295143795003,0.2127895047802768,0.11556474680018416,-125.84860654919957,32.485368866439096,1,1
135,0.06739529611143512,0.07870285755835821,0.07304907683489667,0.12979100111803704,-125.99397556085233,32.64351201599918,0,1
136,0.11177416733179395,0.09527356446500544,0.1035238658983997,0.07573976892100341,-126.03104918962428,34.22186253508277,0,1
137,0.17901219294006507,0.11937709289722094,0.149194642918643,0.06378744734714101,-124.51508476998328,33.782362658799,0,1
138,0.2932168024636629,0.17854903246778364,0.23588291746572326,0.05850582793340259,-125.0334185548982,31.43341188190941,0,1
139,0.39270902499711563,0.3311702891338491,0.36193965706548237,0.015842285833156965,-122.3341768105557,30.888608280316245,1,1
140,0.42456076959904426,0.3780078590472609,0.4012843143231526,0.015688396334493836,-122.46625343325458,31.585041481560353,1,1
141,0.42687613597981766,0.38214825253948603,0.40451219425965185,0.019993292863618128,-121.43412455386816,30.555346830946018,1,1
142,0.4339833029260895,0.364797310642288,0.39939030678418874,0.026090991840076256,-122.90261542858262,31.556276611642367,1,1
143,0.4298941571759933,0.366344252417298,0.39811920479664564,0.0686605493114869,-122.40991836313019,30.337371836167165,1,1
144,0.44603057642519334,0.36679967975892797,0.40641512809206065,0.15837767641399025,-122.15824148559045,29.012331005775792,1,1
145,0.434410902582081,0.37455168116784676,0.40448129187496384,0.18338836708863707,-120.72128316779668,27.081938073422418,1,1
146,0.46231285514165427,0.38483759416647584,0.42357522465406505,0.1908799693861403,-120.55608654432056,26.619143838644444,1,1
147,0.44909421317991793,0.37393166560492297,0.41151293939242045,0.1776191985676654,-121.48455462350161,27.61405257775126,1,1
148,0.4546177521684819,0.3835009134603084,0.4190593328143951,0.2045052028692001,-120.49003580074083,26.344789548397767,1,1
149,0.4715399946765524,0.38484465852269534,0.42819232659962386,0.24474334549956422,-120.67318195334938,25.478713171372867,1,1
150,0.4821474012360322,0.3676191725321557,0.42488328688409394,0.25415104505881375,-120.41527291354194,24.829912355923852,1,1
151,0.4458791863505055,0.3316811679820872,0.3887801771662963,0.28003884814085445,-119.77887151925061,24.37980652890607,1,1
152,0.3899879238453691,0.2512747022286225,0.3206313130369958,0.2608680260073151,-121.50603006565213,25.660976728885927,1,1
153,0.4147588194603334,0.2744117212420027,0.34458527035116804,0.27198961804635713,-118.96235090338791,23.041619041699427,1,1
154,0.4462292839647261,0.262333930927915,0.35428160744632053,0.2736425196593089,-115.66743830146969,19.34866541534676,1,1
155,0.5253953818455738,0.3065134768880588,0.41595442936681626,0.31226348936039694,-116.74185486291206,20.311761936046896,1,1
156,0.48610945434299097,0.2812941233116957,0.3837017888273433,0.3428556992829361,-116.83243037981181,20.091273924156024,1,1
157,0.6573459173769582,0.3239017474675805,0.49062383242226937,0.3948978446697565,-114.94824780178365,17.476506708337894,1,1
158,0.648460316611388,0.3217166612153267,0.4850884889133574,0.41695762918274776,-113.43489994764823,15.960627728848479,1,1
159,0.7268975486344441,0.36905050130071837,0.5479740249675813,0.4620506731028627,-110.58912148919661,12.91280647547638,1,1
160,0.6748756644927596,0.34667720991405315,0.5107764372034064,0.45454988043234806,-109.83323575422438,12.406290280698903,1,1
161,0.6508192713978866,0.3226808952741929,0.48675008333603975,0.3984241384660157,-112.07667122402115,14.448336663540033,1,1
162,0.7529860106370821,0.31857822637067396,0.535782118503878,0.43766901324429525,-113.5030608257438,15.564899967281066,1,1
163,0.7002930136135652,0.28913830635187393,0.4947156599827196,0.45610427027077705,-113.32517426703467,15.10839999034842,1,1
164,0.7199855017225257,0.29084854169747165,0.5054170217099987,0.4518653887851617,-113.85195438300468,15.383377707799873,1,1
165,0.6577267577773552,0.29212649837637117,0.4749266280768632,0.4398242217942716,-113.13942560774845,14.293746851098337,1,1
166,0.6607013153556144,0.30906671970699967,0.48488401753130705,0.44859513534499224,-112.95489244117024,14.393940134538951,1,1
167,0.6538008211725408,0.30418690084638883,0.47899386100946484,0.4554610613798953,-112.71028469552127,13.800701336457013,1,1
168,0.6654870889524209,0.3109139378869045,0.48820051341966275,0.49494107672114585,-112.46462030282643,14.13959300118278,1,1
169,0.6885772121957969,0.31408261955625383,0.5013299158760254,0.45727544578052903,-115.21537047658325,16.798913242420156,1,1
170,0.6581148796155017,0.3075009822050653,0.4828079309102835,0.45396487269386543,-114.39300362868431,15.722936324433446,1,1
171,0.6561136827171761,0.31625382529985707,0.48618375400851654,0.44965279526715807,-114.53419581494025,15.118229798991749,1,1
172,0.6443428656016701,0.30877427281354186,0.476558569207606,0.4510432556516428,-114.31071927767351,15.155226777763023,1,1
173,0.6567755462227781,0.306066148478217,0.48142084735049756,0.4288043594659682,-115.28287846527427,16.449318130443036,1,1
174,0.6388889405093288,0.3111568979541284,0.47502291923172857,0.40308281399041784,-114.8703727427672,16.02047270154103,1,1
175,0.6494221470029289,0.3264051587090911,0.48791365285600996,0.41344044140838315,-113.05307344440202,14.399187421650417,1,1
176,0.5990262053394698,0.276497578345696,0.4377618918425829,0.448303745210122,-114.18689546688607,16.589853744921314,1,1
177,0.6093694251877388,0.25977657171905866,0.43457299845339875,0.4290922056242455,-117.30224817674878,19.26976738180296,1,1
178,0.6230230114483998,0.24043988856058732,0.43173145000449353,0.43897395124242466,-117.8292706839819,19.58682595171439,1,1
179,0.6263924795050906,0.2631135413665719,0.44475301043583126,0.44961005099659707,-117.68217005993645,18.789778377583474,1,1
180,0.6555437053536053,0.2777658301651823,0.4666547677593938,0.44683666531047866,-119.22654490370304,19.981465569757425,1,1
181,0.6595887591517321,0.2805395759018364,0.47006416752678426,0.41414880355733624,-119.3802246642148,20.0947902005997,1,1
182,0.6521355262053272,0.2755100817983601,0.46382280400184367,0.4185597332178138,-117.22740973022619,17.84165159883606,1,1
183,0.6361650997651752,0.30765606416794716,0.4719105819665612,0.3941337413940162,-117.71711721864102,18.756084163376887,1,1
184,0.5664008127556404,0.30091727779478417,0.43365904527521226,0.4221619215591524,-115.35478980348549,16.608216060424397,1,1
185,0.5816418048504071,0.2944553404456712,0.4380485726480391,0.37485076462101685,-115.46380083073372,17.103518691761614,1,1
186,0.5513565493032172,0.26300134663100894,0.40717894796711307,0.39833012582642796,-115.50695360884448,17.141666978850562,1,1
187,0.5502225173694967,0.26775763227266824,0.40899007482108246,0.3781787172835532,-113.75057991226896,15.895309177065736,1,1
188,0.6009314165172734,0.28963326096301156,0.4452823387401425,0.37233810523853184,-112.79941501173072,15.05694044175359,1,1
189,0.5710427420971408,0.27039839880110006,0.4207205704491204,0.3342571719295786,-113.57601539144548,15.998122956926526,1,1
190,0.5567706224934971,0.26238077910733903,0.40957570080041805,0.36135154283768284,-113.20350910305021,16.224779706348965,1,1
191,0.5756685243444086,0.2646738157338724,0.4201711700391405,0.29673039435543574,-113.12982794601841,16.900148602170972,1,1
192,0.5873371429025865,0.2773144308816502,0.43232578689211837,0.3483169494393429,-113.78823709648182,17.20586392167363,1,1
193,0.6164318017308883,0.29093379089544136,0.4536827963131648,0.3153578353917102,-113.56637212599045,17.621581877133206,1,1
194,0.5947326886637064,0.2854270698617746,0.4400798792627405,0.28351933641953503,-112.42825770215244,17.04564771777541,1,1
195,0.6038234476682792,0.29925117621565406,0.45153731194196667,0.29480551979813374,-112.39979231834286,17.23607204107039,1,1
196,0.6513686143829797,0.3059022241857153,0.4786354192843475,0.30745860867057945,-113.20798816823682,18.197604653046078,1,1
197,0.649065452202618,0.30259215326525574,0.4758288027339369,0.28471872256677216,-112.0430703385006,17.272874067570097,1,1
198,0.6417872323317123,0.2852950029597313,0.4635411176457218,0.16715384800110614,-112.03467299347774,18.06993020252416,1,1
199,0.47841876830012614,0.24351618729179234,0.3609674777959592,0.11900424473699045,-112.53563017283167,18.687580855883176,1,1
200,0.5423818302214245,0.26544055942657385,0.4039111948239992,0.24360976942048126,-114.77216200978656,21.32691250218541,1,1
201,0.4303025901604125,0.23035932235477952,0.330330956257596,0.29867915643734294,-116.18188581342564,21.92876155894935,1,1
202,0.45863007667054784,0.2884505781500574,0.37354032741030263,0.32106131048635367,-117.38584991280986,22.808072222339003,1,1
203,0.5168502637462593,0.3477052756487319,0.4322777696974956,0.27354551478438716,-117.49779171561777,24.25857813285765,1,1
204,0.46061402117178424,0.3481675971017509,0.40439080913676756,0.26764925458704997,-118.03846460440386,23.70916904395303,1,1
205,0.498723271973039,0.38050375414531823,0.4396135130591786,0.2559845603928061,-120.08981658427533,24.716472080027607,1,1
206,0.4757250323066965,0.3712428603000537,0.4234839463033751,0.1875360812008688,-119.16737693765975,24.77803550329999,1,1
207,0.45916751841199066,0.38502559821262194,0.4220965583123063,0.2056324402206644,-119.44591460691403,24.487689064019236,1,1
208,0.46747371398735343,0.37386060993244574,0.4206671619598996,0.22042489992031272,-120.97157157724334,25.401530246504226,1,1
209,0.47312029391617516,0.38250367696147786,0.4278119854388265,0.26865418777125455,-120.85116914180789,25.503664994275315,1,1
210,0.4945871941142264,0.38558898905721134,0.4400880915857189,0.27581544729697133,-121.07358156364909,25.97872078146312,1,1
211,0.4905192247241083,0.3832992281590256,0.43690922644156693,0.2881026347872621,-120.27563104450985,25.54033996382003,1,1
212,0.4687080298213848,0.3765418073919709,0.42262491860667784,0.2212211841445934,-119.94527469012307,25.09859682688613,1,1
213,0.47058122530766705,0.3808309098863752,0.4257060675970211,0.18336524521936723,-119.27544602870671,24.389752935557336,1,1
214,0.48960676799913194,0.38329288990341803,0.436449828951275,0.14175300428340104,-119.77789017750666,25.05156394369493,1,1
215,0.49019404629988594,0.3870956164499634,0.43864483137492466,0.15048639909493727,-119.40220836042845,24.665160249588613,1,1
216,0.48911745624223674,0.3984157752935713,0.443766615767904,0.19590692641596352,-119.14684224955248,24.29677856458429,1,1
217,0.5016298771665698,0.3809697054174928,0.44129979129203134,0.24534429376405914,-118.59107940027641,23.55063805639854,1,1
218,0.485046164559769,0.37191891602050464,0.4284825402901368,0.2576041909993671,-119.65675156214603,25.012830399269163,1,1
219,0.4807981055224029,0.38170866519077973,0.4312533853565913,0.21841466714772698,-119.89834810882694,25.107383592208325,1,1
220,0.46965368923200546,0.394280417034689,0.43196705313334727,0.11857855129358127,-120.66435006234595,25.49178032978284,1,1
221,0.48879424978254427,0.3991178269346201,0.4439560383585822,0.0824628264319924,-121.03350012302707,26.111121353945798,1,1
222,0.4817077700650325,0.38936066607394204,0.4355342180694873,0.0820782565035913,-119.98724731753963,24.949854743606238,1,1
223,0.49847247492604346,0.4025980586741773,0.45053526680011036,0.13556682163337352,-119.88486375791268,24.610714490441797,1,1
224,0.48779640906174654,0.4017496511547361,0.4447730301082413,0.13338777141272842,-120.86194713053729,25.614990627109478,1,1
225,0.5028606374122516,0.4012104335283641,0.45203553547030784,0.09476088318959602,-120.07769099666848,24.940926583130103,1,1
226,0.4945552354305132,0.40985597729125584,0.4522056063608845,0.06949851980794726,-119.30918401511514,24.699327599621462,1,1
227,0.5091984031703877,0.4095678749337209,0.4593831390520543,0.08294519001251238,-118.40403556444572,23.93286160335671,1,1
228,0.49353107375183536,0.39865664255614847,0.44609385815399194,0.12817660649323456,-118.50798149691225,23.778104341114346,1,1
229,0.4991982853501338,0.3838192178226513,0.4415087515863926,0.19396245855717759,-120.05973344418909,24.698440987406922,1,1
230,0.5128787750363668,0.3776307995330173,0.44525478728469203,0.24406044567596977,-120.81376890337233,25.998233558786502,1,1
231,0.521349979392983,0.3902763542723298,0.4558131668326564,0.267982404582791,-122.45349296824314,27.48157551887091,1,1
232,0.5452904669612987,0.4035811166299033,0.474435791795601,0.2369041763973596,-123.74554586048589,28.437047344327635,1,1
233,0.5207047326524987,0.4040249112356587,0.4623648219440787,0.1840797022985122,-124.5482818920541,29.00049111123124,1,1
234,0.48038577800521837,0.3916576068353858,0.4360216924203021,0.11541562799153929,-124.19062519114418,29.43481683313082,1,1
235,0.4742635208449429,0.39430807767527404,0.43428579926010846,0.10187784009766208,-123.76126582940347,29.42668206071187,1,1
236,0.48819422546904384,0.39927099931520077,0.4437326123921223,0.05900339530299668,-123.24109669456737,28.91765156714062,1,1
237,0.4897382229196247,0.4102247533370614,0.44998148812834304,0.05599315384336178,-124.06725611705836,29.826261753471943,1,1
238,0.4567668557483484,0.3824890598009739,0.41962795777466116,0.024261428407980155,-123.82078690605577,30.050647232103678,1,1
239,0.44913093799499904,0.3698255408625913,0.40947823942879513,0.011256393976550726,-124.56909660551881,31.018355198021418,1,1
240,0.4385472593298712,0.3601948302602377,0.3993710447950545,0.0113259458654127,-125.37828476166773,31.783172112494277,1,1
241,0.4326563002345029,0.35750438694880415,0.39508034359165356,0.01334505945031585,-126.07520506521513,32.28424445219484,1,1
242,0.42061177135258476,0.35325483080206094,0.3869333010773228,0.08079528350885846,-125.8134187773861,31.747139566842367,1,1
243,0.43428471286378684,0.35646970396768285,0.39537720841573487,0.04892330620579767,-124.27812635844182,30.766097656866542,1,1
244,0.43167655077320377,0.3552820703454595,0.3934793105593316,0.07174845162023231,-124.53193643389953,30.77897146961025,1,1
245,0.4291680205243516,0.3527163267955455,0.39094217365994854,0.08054835605465031,-124.31096924920688,30.771207672018587,1,1
246,0.4292032470936209,0.3574312690734047,0.3933172580835128,0.14753253886287246,-125.43439643804138,31.24574457274477,1,1
247,0.4295457832331439,0.361748986416938,0.3956473848250409,0.15814742448278113,-124.85905486431109,31.24819062541147,1,1
248,0.4291529554752251,0.36341967177955803,0.39628631362739153,0.15276865013702984,-125.17794079955024,31.408922777640264,1,1
249,0.42218246739855564,0.3566925732225577,0.3894375203105567,0.09635770274597942,-124.38913736407623,30.898874542908178,1,1
250,0.42743184624376224,0.35310172108587307,0.39026678366481765,0.09118901851608899,-124.20799697930299,30.781290561568486,1,1
251,0.4152435919898153,0.3547713329398341,0.3850074624648247,0.049953254228174065,-124.35366400181219,30.961423332707206,1,1
252,0.42347615184104637,0.3508226304151692,0.38714939112810776,0.06263543605675134,-124.3912945850904,31.08912074146251,1,1
253,0.4424679968210952,0.3662408021658096,0.4043543994934524,0.05899839641390245,-123.90271137509764,30.912359819098647,1,1
254,0.4033692944059064,0.32419890519436595,0.36378409980013615,0.061903721052883456,-123.75244932233774,30.392341782825717,1,1
255,0.34737141170715247,0.28428491944626877,0.3158281655767106,0.05501657968067916,-123.6481225644847,30.609091784758,1,1
256,0.16107609156043667,0.14742215818670573,0.1542491248735712,0.09142372447913773,-124.14381134366246,30.76050034275612,0,1
257,0.13857245140799151,0.09050827555147094,0.11454036347973123,0.07385965538301177,-122.789704129202,30.18434655894542,0,1
258,0.28485897938097166,0.22523885194912546,0.25504891566504856,0.07500366817080738,-121.3485323661781,28.181024348184533,1,1
259,0.4050322936752336,0.3183293368305436,0.3616808152528886,0.07151405164527345,-121.12919791393406,28.297019360021423,1,1
260,0.4272498666610861,0.33960418215755767,0.38342702440932186,0.06478760377160758,-122.33983300420682,29.22272784335833,1,1
261,0.4323561372599822,0.344025736054375,0.3881909366571786,0.08070083674688942,-123.6240902026861,30.401438972907304,1,1
262,0.44652115332246994,0.35838482877610317,0.40245299104928656,0.07256578101547884,-122.19571254018024,29.453944960016262,1,1
263,0.45272125576462796,0.35749394313578775,0.40510759945020786,0.07783429362780771,-122.41621444890981,29.688090356534293,1,1
264,0.46439761546028774,0.3796197166378906,0.42200866604908915,0.10420099831866678,-122.76813861133255,29.75515868329189,1,1
265,0.46470666794951404,0.38490107336249796,0.424803870656006,0.101424595043286,-121.51447875373599,28.413643482670956,1,1
266,0.47893805507460596,0.3968030184326537,0.43787053675362986,0.1072637134585394,-121.44538349942822,28.468675576369677,1,1
267,0.4682750055892917,0.39634526264477443,0.43231013411703306,0.09578724639670244,-121.20566695375996,28.028405447624362,1,1
268,0.4786675999912439,0.39571593092667834,0.4371917654589611,0.0666537112841484,-120.54183034938515,27.500084364007662,1,1
269,0.4960489320705115,0.4151030441225179,0.4555759880965147,0.07117474305669313,-120.01776677004327,27.048372820422994,1,1
270,0.4299664245488666,0.3775131915854769,0.40373980806717175,0.017886166623056858,-120.82255423610592,28.884822605964022,1,1
271,0.3898699916458347,0.36633673875369877,0.3781033651997667,0.015360740327837118,-119.1381393205457,27.824384322026297,1,1
272,0.39683855404306384,0.3443518855773852,0.37059521981022453,0.01581181271931822,-118.22993362794595,26.78003392344843,1,1
273,0.41393713412367145,0.3360449336797209,0.3749910339016962,0.015140538178772377,-117.91529660175094,25.99649139638561,1,1
274,0.45100471200008796,0.3267679651105471,0.3888863385553175,0.019958962326304105,-118.40851464666616,27.771649020352314,1,1
275,0.4382860308588588,0.3102107831323667,0.3742484069956128,0.029716199216965337,-117.69739523225127,27.367239833732455,1,1
276,0.5221804906120404,0.31712189757533604,0.41965119409368823,0.019157175433217294,-115.22276384386672,24.543371326657542,1,1
277,0.5311113666597949,0.27114668168590345,0.4011290241728491,0.023305875252088555,-112.14615411689482,21.639121483833243,1,1
278,0.5430112093409193,0.26327628136462333,0.4031437453527713,0.02307986984204402,-113.43240620051493,22.57998577983844,1,1
279,0.13726618830304288,0.054076040356163,0.09567111432960294,0.05374015800987776,-112.59825314471881,22.88389545006183,0,1
280,0.18923087826594553,0.06950066825699125,0.1293657732614684,0.02835960848906157,-111.73288584448949,21.86883568157239,0,1
281,0.2639315578359332,0.10381121234166583,0.18387138508879952,0.03815691523630941,-107.24491242172104,18.531799322156612,0,1
282,0.2246203289460743,0.1063406136685279,0.1654804713073011,0.043570402912192545,-109.12480230121744,19.21209309682034,0,1
283,0.32945298782557564,0.1531101196885019,0.24128155375703877,0.05245790016980975,-107.29740907954897,17.60960544305957,0,1
284,0.40055232390833245,0.16611166415967005,0.2833319940340012,0.04816314094160782,-105.53636948071592,15.91745064175717,0,1
285,0.2975825014790085,0.15057877921368298,0.22408064034634573,0.050048428903626145,-107.93635033870407,17.086955497547756,0,1
286,0.3246017442323444,0.15292604027744797,0.2387638922548962,0.05598889580365457,-107.7788782501777,17.397675792850865,0,1
287,0.29310131715842586,0.13121932950075146,0.21216032332958867,0.04532784974745029,-108.3385279466985,18.074557924488097,0,1
288,0.38243514926816646,0.16308482083095274,0.2727599850495596,0.04207149844190305,-109.00885567711255,18.47023261365479,0,1
289,0.49921805493017185,0.19058527393559924,0.34490166443288556,0.04326216150436531,-111.01372641231605,19.362160666906647,0,1
290,0.513837626347952,0.19789844609499843,0.3558680362214752,0.050309087064488854,-111.51411028609908,19.877554467495475,0,1
291,0.5379861546405369,0.24758547686376542,0.39278581575215116,0.055045329979577166,-111.00503996383466,19.496891108298158,1,1
292,0.34393726219961906,0.1508484667727142,0.24739286448616665,0.04778872685815638,-111.67397448356589,21.040927681644217,0,1
293,0.246951476985897,0.10859269739638305,0.17777208719114002,0.0303582625619151,-114.19041140689147,24.3100915898001,0,1
294,0.26091668064893414,0.11667989296870139,0.18879828680881777,0.027980705086900638,-114.80732903073987,24.833475556046324,0,1
295,0.18210419237298117,0.10357105206139171,0.14283762221718643,0.012686777882719703,-115.62681033955499,26.741707630617835,0,1
296,0.23332364147400128,0.11612137676098605,0.17472250911749365,0.023991378271775287,-115.84985312864832,26.667929548400362,0,1
297,0.3012422640112374,0.15940735363297084,0.2303248088221041,0.01333997298063969,-116.62282899429145,26.623612022956724,0,1
298,0.3679971890984469,0.2628668314900305,0.31543201029423873,0.0158521628578761,-116.4303400131242,25.641297361125716,1,1
299,0.4253741583820284,0.3379981977760884,0.3816861780790584,0.013378531774341057,-116.21756692241955,24.208988402583337,1,1
300,0.4315127497517118,0.3385420871990965,0.3850274184754041,0.013857212529028476,-116.62876474863288,24.759454111927816,1,1
301,0.44079950369698456,0.3434149315302977,0.3921072176136411,0.017881905954121646,-117.33014879966896,24.70392186816831,1,1
302,0.44958035599694185,0.35561449551778596,0.4025974257573639,0.016017567953171958,-117.61582387962943,25.154080240892718,1,1
303,0.4662554147788649,0.3731400305139888,0.41969772264642685,0.017753348376607022,-118.92849854337227,26.399098514248774,1,1
304,0.4772251285529077,0.3890380017462575,0.4331315651495826,0.02622063821881666,-119.03857222059669,26.432932589965777,1,1
305,0.4763037492444654,0.3984340609928916,0.4373689051186785,0.015895529434950147,-120.01368881867302,27.42769130904927,1,1
306,0.5028808296345012,0.41213991184900445,0.4575103707417528,0.033032815446190335,-119.93203345955098,27.26301987518149,1,1
307,0.4992603132407212,0.4121152481953924,0.4556877807180568,0.019347652108410624,-118.9929999161724,26.5988914612508,1,1
308,0.49176751547202524,0.4076669125760099,0.44971721402401754,0.022053465282711314,-118.640441257654,26.057003393831106,1,1
309,0.4948061774322757,0.4143927026790355,0.45459944005565556,0.029621880268000715,-118.79716984635658,25.65622872134257,1,1
310,0.5012427683839833,0.4119807231774196,0.45661174578070146,0.022111926297767988,-118.73831352514979,25.810358697142334,1,1
311,0.4710289819299374,0.39542387662889494,0.4332264292794162,0.016151584102562882,-119.12855663481868,26.922638344428243,1,1
312,0.485503831205779,0.41304596687702483,0.44927489904140194,0.018910643380987364,-118.00199371539034,25.859751798900135,1,1
313,0.40748185252049807,0.3314135721882375,0.3694477123543678,0.017586552374710428,-119.6185708052861,27.493016701343144,1,1
314,0.30004820997351805,0.14971980693644238,0.22488400845498022,0.01339808315604203,-122.7204324205174,30.78072878622186,0,1
315,0.24475048536083366,0.11942550033145588,0.18208799284614477,0.014870884224967679,-124.88870515797699,32.81822924118815,0,1
316,0.3257585195912622,0.17588865578047677,0.2508235876858695,0.009539475054958368,-126.69017384092307,33.561799927868634,0,1
317,0.3570926686145652,0.28466684455869284,0.32087975658662904,0.0066055053582829695,-125.61838398316733,32.51103831189185,1,1
318,0.3552237951902407,0.309207321877453,0.3322155585338469,0.0051098235897631,-123.63447607899587,30.70251226637273,1,1
319,0.4299167758138606,0.39922023288510905,0.41456850434948483,0.011579519038194298,-124.58896377058097,31.273316482227713,1,1
320,0.43491096819087477,0.44358271260199705,0.4392468403964359,0.010499398745535298,-123.95710121582523,31.233275631182426,1,1
321,0.4411504000164744,0.4539289757785203,0.4475396878974973,0.020787365925800234,-122.3467345248824,29.2002528242008,1,1
322,0.45410296611876544,0.49578133096464255,0.474942148541704,0.13311261874000668,-122.25805812505888,28.535465964089187,1,1
323,0.45252674325847875,0.5327819335293075,0.4926543383938931,0.1405299087358679,-121.84475751830435,27.751805356880716,1,1
324,0.46497568841414183,0.5325649062750898,0.4987702973446158,0.02437129146797793,-122.21745236536185,28.24810838784454,1,1
325,0.5169699520631089,0.6033597714530606,0.5601648617580848,0.019225455581682836,-121.86418083644531,28.7685305894844,1,1
326,0.5178129154267546,0.5964425828501617,0.5571277491384581,0.008180664732700883,-121.74057917786536,29.693637033400904,1,1
327,0.5481623187738816,0.6422096101959728,0.5951859644849271,0.005957946817591188,-122.15174407983595,32.37576381940041,1,1
328,0.5529329685171538,0.6727941205152761,0.6128635445162149,0.00470044715525099,-122.54598127321339,34.145295500653,1,1
329,0.5579080237541351,0.6821202889561747,0.6200141563551549,0.01607102329096678,-122.31972611089567,35.30202286841512,1,1
330,0.5463336084502424,0.6618389737539742,0.6040862911021083,0.013517551192050689,-122.98796647895513,35.33306615398785,1,1
331,0.5394159423007936,0.6672319913349101,0.6033239668178518,0.01526519470859833,-122.268662462024,34.58760674731719,1,1
332,0.5335721694989569,0.6445265690509708,0.5890493692749639,0.006914628546942204,-122.23055560882464,34.55034494550207,1,1
333,0.5389923013526654,0.6580473675063062,0.5985198344294858,0.0115728248587972,-122.56670129267883,34.249253297904986,1,1
334,0.53392855030697,0.6529698849080525,0.5934492176075112,0.011876980115527147,-122.30761801148239,33.752647398908735,1,1
335,0.5300906516431537,0.6442051501919799,0.5871479009175669,0.010133926272937169,-122.03964159154826,32.870012282285195,1,1
336,0.5376349259896992,0.6390064220883289,0.5883206740390141,0.014672393287712521,-122.02466691980956,32.62056517897578,1,1
337,0.5134910217821719,0.5932367682993077,0.5533638950407398,0.004703446788474866,-122.21625968163946,31.60651380119724,1,1
338,0.5071322970193308,0.5881283796444492,0.54763033833189,0.010444019995476863,-122.4660637609389,32.43978649558755,1,1
339,0.5118604528264795,0.5951111836184666,0.5534858182224731,0.013619200210523045,-122.67047206357714,32.312876155080914,1,1
340,0.5076687345367535,0.5839491327578494,0.5458089336473015,0.007563485931150797,-122.32069648519092,32.03572602445379,1,1
341,0.5130617568661676,0.5998845488060919,0.5564731528361297,0.016300410985832736,-122.28664557348547,32.561475770784156,1,1
342,0.5181375090886571,0.6036825079413167,0.560910008514987,0.02503287749070926,-122.33724976999581,32.88193255698034,1,1
343,0.5170407380460365,0.58842508107059,0.5527329095583132,0.016313575299015223,-122.28668823234864,32.85801987267797,1,1
344,0.5250367938753396,0.5965951620221615,0.5608159779487505,0.01615481571063297,-121.69236892844805,32.49686937524811,1,1
345,0.5126081755929756,0.5542673938547777,0.5334377847238767,0.012065187216132253,-121.66578144654949,31.888452344526684,1,1
346,0.5109494000284193,0.5572878832245657,0.5341186416264925,0.010522077429098716,-121.57740579857516,31.840649469971545,1,1
347,0.5061814210375295,0.5495215926897544,0.527851506863642,0.008292008645687549,-121.50125093560561,31.573666971718367,1,1
348,0.4904728811669012,0.5262092185067802,0.5083410498368407,0.006832400836623836,-122.7489561054507,32.29053950392081,1,1
349,0.4462801192712538,0.4884063447886369,0.4673432320299453,0.006391348206315976,-123.04159262881507,33.09566872592931,1,1
350,0.3247542845967745,0.35101539203275445,0.33788483831476446,0.0054767838392093295,-123.84811276126156,33.552827263838935,1,1
351,0.21499323013893698,0.22734226173928937,0.22116774593911318,0.005910802209385673,-124.19869499970962,34.26047316375246,1,1
352,0.1207899313902679,0.10443973725925397,0.11261483432476094,0.008292668041882419,-124.28145780367397,35.20364849427903,0,1
353,0.09228414773798933,0.0783978448829798,0.08534099631048456,0.01115915680356999,-124.54509946530574,35.69606760940909,0,1
354,0.07558712244021523,0.0790560294284074,0.07732157593431133,0.011163944615297117,-123.91534761075728,35.12393830315385,0,1
355,0.08343728006267677,0.09702382708309636,0.09023055357288656,0.007339158958344589,-123.64072617861025,35.13665853966907,0,1
356,0.05159113064015345,0.0706381659278195,0.06111464828398648,0.011702031962669682,-123.44273030184702,35.514328404551264,0,1
357,0.09294657475289576,0.07416142151168409,0.08355399813228992,0.019776470140718667,-123.40512051793631,34.99006582535693,0,1
358,0.20733647023128357,0.1579479835731374,0.1826422269022105,0.022266239118411073,-122.89810022004701,33.458391636258426,0,1
359,0.2683318377038147,0.25224779551223103,0.26028981660802286,0.02550471604656163,-121.1697747797489,31.60001094419261,1,1
360,0.4092261200660916,0.3196381568541172,0.36443213846010436,0.05371644025595446,-121.0905224118848,31.255994411743732,1,1
361,0.4460082669808848,0.35666049090900587,0.40133437894494534,0.09134849508584578,-120.13694565875431,29.421317894563796,1,1
362,0.5077399109385765,0.4087713439631577,0.4582556274508671,0.16386297076172368,-119.94430879222026,27.96092991279426,1,1
363,0.5120796242128676,0.4187360495958893,0.4654078369043784,0.1669219958180818,-120.70287556863984,29.065944534287638,1,1
364,0.5076141674651746,0.4219130811657807,0.4647636243154777,0.1664951565465776,-121.19439298478024,28.811544083162435,1,1
365,0.5168554376822573,0.43852846473833446,0.47769195121029584,0.14067211990095857,-120.59432348481745,28.18811810498353,1,1
366,0.5200954647829865,0.4481063991789771,0.4841009319809818,0.09828826993762503,-120.60180261251244,28.552632446785786,1,1
367,0.5329393767541953,0.45632543566317596,0.49463240620868565,0.0772551212228308,-120.87403881066047,28.31060452198609,1,1
368,0.5351781741310324,0.46057519355564563,0.49787668384333905,0.05659554508064547,-119.48859674797407,26.60040938644634,1,1
369,0.542478256543483,0.4657277560011786,0.5041030062723308,0.03039872178238107,-119.69709568891993,26.77245597118716,1,1
370,0.5230480311393443,0.45714285220692497,0.4900954416731346,0.027203223970066095,-119.82360931724017,26.476499918908246,1,1
371,0.5408671959075787,0.4611110492626306,0.5009891225851046,0.021837937543488763,-120.78720128939983,26.96875258731209,1,1
372,0.5435821222462142,0.4633902954255675,0.5034862088358908,0.030530881655543046,-119.93255554480369,25.90891523270214,1,1
373,0.5464191045755392,0.46924813724208997,0.5078336209088146,0.02572617871367147,-120.47444273497,26.914372108441906,1,1
374,0.5456381235336882,0.46659762162848634,0.5061178725810873,0.029083142620755172,-119.59735043352683,25.766940770499062,1,1
375,0.5525896249012823,0.47190231596183013,0.5122459704315562,0.02879836133543523,-120.44027975984342,26.405844982104394,1,1
376,0.5629906824661152,0.4746234493392128,0.518807065902664,0.02762541564364657,-120.66354434948667,26.882036954940467,1,1
377,0.5644087533202038,0.4747079324915698,0.5195583429058868,0.031241148988427735,-120.0715110967459,26.404908989666975,1,1
378,0.5385507346383285,0.4606698750028674,0.49961030482059793,0.03659130492554933,-120.03737766621863,26.054010055009,1,1
379,0.5531578354019806,0.466638849929308,0.5098983426656443,0.049139537433771696,-120.08548552836946,26.61064094512282,1,1
380,0.5553758002567744,0.4686471128034454,0.5120114565301099,0.07916988365969183,-120.18927159922973,26.487611351208443,1,1
381,0.5508698583489057,0.46028569707850747,0.5055777777137066,0.10561567550109259,-120.25177326812775,26.461898068483734,1,1
382,0.5708061535301023,0.4733471947787308,0.5220766741544165,0.1827144159168739,-120.13281525283477,26.606611796395665,1,1
383,0.5605207967697243,0.4740566023645635,0.517288699567144,0.2090488204733198,-119.11428964649943,25.24531600474923,1,1
384,0.5635275097686072,0.4642708470237231,0.5138991783961652,0.20403069275936708,-119.61738395624191,26.138740791761954,1,1
385,0.5867958319808059,0.48308195773502133,0.5349388948579136,0.2300020735344693,-117.8630678132355,23.860450928552773,1,1
386,0.5853881018392431,0.4789161826778493,0.5321521422585462,0.1988698485506838,-118.24812460375962,24.545415939036154,1,1
387,0.5651395379157745,0.4612816894116897,0.5132106136637321,0.14784962029933774,-118.75959655600657,25.09188798222997,1,1
388,0.5713623763910408,0.4697018853937121,0.5205321308923765,0.11795124044749758,-118.13876009116301,24.44151083313226,1,1
389,0.5460925824903698,0.4620595220376415,0.5040760522640056,0.09234288381661333,-118.29623705441782,24.4245709504085,1,1
390,0.5564413014069995,0.4657217746773331,0.5110815380421663,0.0930062281429371,-117.52604261352896,23.49365176278116,1,1
391,0.5607072724442003,0.46619871157989323,0.5134529920120467,0.061497312412864866,-117.53463457550673,23.86444546306559,1,1
392,0.5737126292711886,0.47430974109897306,0.5240111851850808,0.07314201948414326,-117.69998742074421,24.07043053835428,1,1
393,0.5778213192780682,0.46523977380599185,0.52153054654203,0.05733720894618929,-117.04423508856321,23.819768191906363,1,1
394,0.5769243552035711,0.46740722506881804,0.5221657901361946,0.03902799965718003,-117.29159122510667,23.942612435761447,1,1
395,0.6158933732371953,0.4897324509201928,0.552812912078694,0.027008641411164946,-118.29604874270393,24.9549988899531,1,1
396,0.5994473185569917,0.4737463751954297,0.5365968468762108,0.03125727676480466,-118.22848451880046,24.86877936384763,1,1
397,0.5648642054843058,0.4581942459917796,0.5115292257380427,0.022732575921714616,-117.2331364880374,24.65204554176281,1,1
398,0.5615064444628398,0.4579249812219201,0.5097157128423799,0.03532051219642979,-117.10837268664109,24.128714234683276,1,1
399,0.5634156786197063,0.4611752383653338,0.5122954584925201,0.03401704922437821,-116.7817266508662,24.144997791284425,1,1
400,0.5680341441388228,0.4730581936719423,0.5205461689053825,0.037055427986476486,-116.87454902600768,24.37762595417266,1,1
401,0.5650655445982246,0.4575839896840401,0.5113247671411323,0.030811985772356824,-117.45993543274311,24.824439535004668,1,1
402,0.5670990193368445,0.4577391094494864,0.5124190643931654,0.03187774768848649,-117.23798856960515,24.71691309722391,1,1
403,0.5867036899181597,0.4674893617009782,0.527096525809569,0.03183976461035482,-117.16401577567375,24.68305482103601,1,1
404,0.5854021796044947,0.47647444979751313,0.5309383147010039,0.03549338393010752,-117.19106775728402,24.29630997317283,1,1
405,0.5752996086073402,0.4717282970557244,0.5235139528315322,0.06242689213234976,-116.99844971196981,24.197414704837872,1,1
406,0.5745630206074578,0.4744479923264707,0.5245055064669643,0.10437093905207533,-117.88482849946932,24.61237684823508,1,1
407,0.5679783633897364,0.46484166133725574,0.516410012363496,0.18177256337361708,-117.50025942464237,24.55225413582692,1,1
408,0.5512500817813508,0.4606799630592985,0.5059650224203247,0.1673536890945205,-117.74762433068703,24.473567830719436,1,1
409,0.5095646326919041,0.42632814150961845,0.4679463871007613,0.21196017725965582,-118.08502215728066,24.84698928843285,1,1
410,0.4984984909314307,0.38861627846731994,0.44355738469937533,0.23959554629949983,-117.72511326855883,24.91466803769566,1,1
411,0.4991009342340472,0.40195659973961234,0.45052876698682975,0.2950124107536092,-117.61266309061278,24.630927375238393,1,1
412,0.43384002238924235,0.3572662720555276,0.395553147222385,0.30026117889079934,-116.90848672509003,24.229039310848552,1,1
413,0.4794465483211236,0.3516305138937996,0.41553853110746164,0.31804301623201187,-116.686041410519,24.757447668329448,1,1
414,0.5865988350749113,0.3731463673687388,0.47987260122182507,0.24543019223933407,-114.46970724095198,22.773849759612013,1,1
415,0.6723190501095557,0.38527874208804846,0.5287988960988022,0.34820253442068677,-114.41362587497248,22.126197084627023,1,1
416,0.6326236446758112,0.35147920605254995,0.49205142536418056,0.32025381849541745,-111.91334083528429,19.730534192125237,1,1
417,0.6863314461130394,0.38383892507283857,0.535085185592939,0.16672423039712098,-111.45311712301512,19.742201286336964,1,1
418,0.7344022874778772,0.3891301743156855,0.5617662308967813,0.1293335633687599,-111.22033085969791,18.919231187018408,1,1
419,0.7096505187253753,0.38001694972946715,0.5448337342274212,0.13555249309384487,-111.28845194664737,19.036077277667058,1,1
420,0.7131770989906634,0.3536433887212965,0.53341024385598,0.11675268694441637,-109.90065180053064,18.328859850238707,1,1
421,0.7374963955406901,0.39936172585483776,0.568429060697764,0.13472732888735708,-109.92595377314574,17.986303972326652,1,1
422,0.7852974790215898,0.3909075115187164,0.588102495270153,0.12593385058814266,-110.36419108207461,17.724039527119466,1,1
423,0.7692842928890056,0.38541875354558247,0.577351523217294,0.11762165498670807,-110.30209732192235,17.22253729929394,1,1
424,0.7325952787738724,0.38010026576053507,0.5563477722672038,0.10879814757826439,-109.02873078193923,16.465649077675007,1,1
425,0.686994229606823,0.35939054222123623,0.5231923859140296,0.08689506521005311,-109.65655908733727,17.37539576112856,1,1
426,0.7407129399456611,0.36843800914620656,0.5545754745459338,0.1078626446069286,-109.87539711569389,17.413180520974596,1,1
427,0.7393685531537859,0.3603564619239292,0.5498625075388576,0.09159194187079091,-108.87359271604905,17.120268151089892,1,1
428,0.6957254847001443,0.37835171026733755,0.5370385974837409,0.08581928201938388,-109.50333363572119,16.721380489485238,1,1
429,0.759444755032633,0.3878986734580472,0.57367171424534,0.06361092684157992,-109.48461014485986,16.8121002038259,1,1
430,0.7406577834440794,0.37610192066356146,0.5583798520538205,0.10384025290160032,-107.5068647683041,15.981727776299172,1,1
431,0.7630598224754268,0.3861966201152092,0.574628221295318,0.10183483924462235,-107.52188886933429,15.524806734311559,1,1
432,0.7797003257460713,0.39203620366037967,0.5858682647032255,0.11762933059639867,-107.67257911277134,15.450190228255366,1,1
433,0.798181554075412,0.37489089239976503,0.5865362232375886,0.0634622045827688,-109.00991682524072,16.594068425372893,1,1
434,0.803519317074606,0.3684710298388147,0.5859951734567104,0.05777820868345696,-108.41788792994394,16.20800963380153,1,1
435,0.7080190387183798,0.3418954645145479,0.5249572516164638,0.071100844076621,-108.88247940964041,16.802885444351425,1,1
436,0.7252512717075756,0.36171449583498816,0.543482883771282,0.07834860618455451,-108.31019730656985,16.445412511987396,1,1
437,0.7629014368538006,0.37727045595778347,0.570085946405792,0.07457737179045049,-109.42365112952234,17.577093378552238,1,1
438,0.7629557958730684,0.37358211462749213,0.5682689552502802,0.1137628279504173,-108.55777229013141,16.364537337139556,1,1
439,0.7616157726745011,0.3741575797641043,0.5678866762193027,0.12929611703332736,-108.49570412047322,16.33884981305724,1,1
440,0.7759161987047958,0.39045378407619874,0.5831849913904973,0.12200150992909786,-108.10956437878602,15.631051513436962,1,1
441,0.8345534864076084,0.41038916139838066,0.6224713239029945,0.11550925442729727,-108.16332049590584,15.273396966898801,1,1
442,0.8241526545310507,0.4100908635065226,0.6171217590187866,0.11310682390803588,-108.3740458871906,15.86263639131962,1,1
443,0.8006569209574514,0.40250821212203886,0.6015825665397452,0.09002508377716205,-108.81692806574051,16.047072583006635,1,1
444,0.8109687326853793,0.39236722527138135,0.6016679789783803,0.05996540920710128,-108.55870609129762,15.622931298668675,1,1
445,0.8022638450141534,0.4022424174564306,0.602253131235292,0.05567491240038028,-108.35518265550745,15.971458525457503,1,1
446,0.7818960818900017,0.389189360384226,0.5855427211371138,0.05876035884096658,-108.37622913974768,16.486290938415273,1,1
447,0.8564441372627094,0.3894524835238042,0.6229483103932568,0.07671170778624486,-109.14045765036965,16.70931863179979,1,1
448,0.7995657932752248,0.3887333195782906,0.5941495564267577,0.044815240101228865,-108.86970858910932,16.83869906728707,1,1
449,0.7873299193874782,0.383644522314619,0.5854872208510487,0.0562023318785118,-108.96870310840069,16.804524998809075,1,1
450,0.810854034099054,0.3925613925342048,0.6017077133166294,0.05797974058665899,-108.60859333699148,16.690380544030944,1,1
451,0.7722705278590364,0.3907673794680402,0.5815189536635383,0.04422243516309817,-109.0770781763633,17.46854778994423,1,1
452,0.7693914943689887,0.38927509973756913,0.579333297053279,0.043082190886035134,-108.59544614078816,16.713432878461322,1,1
453,0.7629110056614715,0.3951201858193202,0.5790155957403958,0.051884964896307326,-108.88696996163128,17.13390284602683,1,1
454,0.7234137457961431,0.3809744034151964,0.5521940746056697,0.062397551719320966,-108.71065618340995,16.701160528208646,1,1
455,0.7617625967859791,0.3994153192856544,0.5805889580358168,0.06849173844099772,-107.89238443257965,16.47140469552271,1,1
456,0.7630418496503224,0.40561174372835757,0.58432679668934,0.09209139596685596,-107.75773732834492,16.696209786791435,1,1
457,0.7058175336888689,0.37158445629267445,0.5387009949907717,0.1052426012514569,-110.30257212207857,17.930043970102844,1,1
458,0.6882706351255418,0.3781366672164757,0.5332036511710088,0.05562127868173448,-109.52295129265367,18.100412887547485,1,1
459,0.688796587149666,0.37775542367754256,0.5332760054136043,0.06296537274832957,-109.05855498213913,17.79144232720529,1,1
460,0.6548747985324781,0.36224889626104523,0.5085618473967617,0.07145623544073587,-109.95506911791765,18.449186929063757,1,1
461,0.628863309742065,0.35921663761854855,0.4940399736803067,0.04873846887005706,-110.30193856237982,18.793237408177063,1,1
462,0.6402714746916026,0.3633358914548869,0.5018036830732447,0.03832513065172352,-110.53034329830288,19.11366814659079,1,1
463,0.6392039049113549,0.3575312550543978,0.4983675799828764,0.02290123404991203,-109.49438618089835,17.99296548406548,1,1
464,0.71840065411568,0.3935251802841472,0.5559629171999136,0.03812946798715751,-110.20373554590844,18.210468222594997,1,1
465,0.7225841933266381,0.39516540526977495,0.5588747992982066,0.04557493145289573,-109.03801995766212,17.74316383999232,1,1
466,0.7304538712196146,0.4160728739306181,0.5732633725751164,0.06497564424361776,-110.01819416075932,18.08146061408323,1,1
467,0.7156421103978735,0.4052344318139214,0.5604382711058975,0.059308120393524545,-110.0005708319361,18.600609082479,1,1
468,0.6905687853345138,0.3827022502052851,0.5366355177698995,0.03725759864281841,-108.45549677711138,17.462032505544297,1,1
469,0.7084150387666412,0.41432529306499066,0.5613701659158159,0.022435988327538067,-110.02057791189095,18.150826601218725,1,1
470,0.7217929762628437,0.41225766174629314,0.5670253190045684,0.026958659371816105,-109.83479456093502,18.388906079983137,1,1
471,0.6867011225025939,0.40449443928045037,0.5455977808915221,0.04833927366049086,-109.2858180441175,18.2372904750114,1,1
472,0.6735531823989573,0.4013565121872584,0.5374548472931079,0.052820801057390655,-109.71099861179579,18.696077868902524,1,1
473,0.6577512679312136,0.3915687705252556,0.5246600192282347,0.08833992146599001,-109.71796365539166,18.753191292290694,1,1
474,0.631378382899666,0.3806232900817968,0.5060008364907314,0.11405566647049267,-110.2704653828034,19.6765268342114,1,1
475,0.6148050951048304,0.3701862320958951,0.49249566360036273,0.10167633792469018,-110.45153726594731,19.943026399736762,1,1
476,0.509448617755324,0.3226010090995234,0.4160248134274237,0.08023965287522146,-110.47303947242636,20.255314706971852,1,1
477,0.331860340843319,0.19499593375952706,0.263428137301423,0.08083125498129314,-113.24979621548823,24.180493530332082,0,1
478,0.2915478378046087,0.21331990387186248,0.2524338708382356,0.023913404080390225,-114.58832139731807,23.795737782303327,1,1
479,0.412619387876984,0.3099222688332508,0.36127082835511737,0.05680326968874396,-114.62648379961064,23.701666401503783,1,1
480,0.42775573684408524,0.35176461653181745,0.3897601766879514,0.03157078010020478,-114.84058500341693,23.265477534574483,1,1
481,0.503394410453147,0.3871825518018826,0.44528848112751485,0.01871329679860944,-115.51223100058607,23.0249487590444,1,1
482,0.5137948097044498,0.40703769833543413,0.46041625401994196,0.043747954857998886,-116.74277157255847,23.98802436211489,1,1
483,0.5177203931464932,0.40688707200927654,0.4623037325778849,0.032848382920607266,-117.07904714914096,25.119117640999924,1,1
484,0.5259142563861438,0.4074491015438874,0.46668167896501556,0.014813825687450408,-117.02072361568872,25.34932496125131,1,1
485,0.5154775852176547,0.42053908665065703,0.4680083359341559,0.01544347346357967,-116.83746300931377,25.126400672763996,1,1
486,0.5312188283678805,0.4364275008887455,0.483823164628313,0.016269723775626087,-117.34414555816639,24.863269205133015,1,1
487,0.5155479999095077,0.4352345866053769,0.47539129325744234,0.012118223927890278,-117.10401575078484,24.79233338948788,1,1
488,0.527396157523289,0.44156337614898317,0.48447976683613614,0.012342320479444927,-116.61391885552959,24.2935606100601,1,1
489,0.5351685296489431,0.4505238378337025,0.49284618374132283,0.010825543322156113,-116.76189715706234,24.71143891739925,1,1
490,0.52465589380738,0.45012556366813194,0.48739072873775596,0.010973350330651376,-117.14853963527484,24.95603639268729,1,1
491,0.5570907225906505,0.4577347865788026,0.5074127545847266,0.006981942521969982,-117.32007579284758,25.341592624461608,1,1
492,0.5509944430602094,0.46775462193603756,0.5093745324981235,0.007647848278803712,-117.10557249477422,24.23400367333975,1,1
493,0.5537445456178711,0.4725310266650211,0.5131377861414461,0.008233786484328418,-117.70315277512306,25.31258402060988,1,1
494,0.5659523976980858,0.4681180059634007,0.5170352018307433,0.0096099371682734,-116.38938031250909,24.40893470989529,1,1
495,0.5636431452620786,0.4608528408728995,0.512247993067489,0.008350159176431287,-116.72574792008999,24.459653955775373,1,1
496,0.5547729719891765,0.4722261915174142,0.5134995817532954,0.007598580755142009,-117.23573508269835,24.665373073775545,1,1
497,0.5464924341098083,0.46000994075760454,0.5032511874337064,0.005641510660975605,-117.30534553114889,24.168076138353513,1,1
498,0.5467910132426349,0.4704159735069267,0.5086034933747808,0.008361132975168446,-117.15501644169025,23.796225409821627,1,1
499,0.5343779214780487,0.46072461340301146,0.49755126744053013,0.009084787211211543,-118.08895472242409,24.16670191772476,1,1
500,0.5336046483563649,0.4675454534549581,0.5005750509056615,0.007209781372408813,-118.03345705406336,24.428743751097887,1,1
501,0.5357264739135486,0.45851532216079666,0.49712089803717263,0.007339026766312193,-118.31676385857271,24.609252027532236,1,1
502,0.5473855218717949,0.4656340597070975,0.5065097907894462,0.00785767446566695,-117.54184140373923,24.461466029162114,1,1
503,0.5621968948153141,0.4694799358996263,0.5158384153574702,0.008948818138084931,-117.62706011428007,24.957721601120262,1,1
504,0.5355898912973202,0.4464506834013619,0.491020287349341,0.009580588318919746,-117.79110286568292,24.93979327680179,1,1
505,0.5441098698449166,0.46085119688998927,0.5024805333674529,0.009598967732513522,-118.16279868720243,24.884288254427307,1,1
506,0.5342058816637233,0.4542901654893831,0.4942480235765532,0.008217503413918286,-117.5796205051994,24.524421416404614,1,1
507,0.5576119272327924,0.45626394099217626,0.5069379341124843,0.009965407042545926,-117.57250114798173,24.449958193056982,1,1
508,0.5549606154643614,0.46302799694737173,0.5089943062058666,0.019807205481438075,-116.91511857753164,24.524129734203996,1,1
509,0.5445997464215612,0.4559924322890498,0.5002960893553055,0.05097988186711344,-116.57591861200042,24.678618721882298,1,1
510,0.5581926650803707,0.46843021416250663,0.5133114396214387,0.0854105515261957,-116.99855098073125,25.15303446889081,1,1
511,0.5751528006392047,0.4799765829725828,0.5275646918058937,0.07894481868645198,-117.416838262792,24.791350979807525,1,1
512,0.562155696773794,0.4662944480310751,0.5142250724024345,0.0695363104509694,-116.901111152427,24.582879450322164,1,1
513,0.5569822706055467,0.4624165174487552,0.509699394027151,0.07516714011231994,-116.8795083083411,24.63820651633525,1,1
514,0.5635438197010885,0.46811404677561225,0.5158289332383503,0.09781263188504082,-117.25001822218714,24.764293410999866,1,1
515,0.5421029336649192,0.4600347604506293,0.5010688470577742,0.126715937728963,-117.69429626392098,25.402320125322014,1,1
516,0.5342301957684628,0.4528196981367308,0.49352494695259674,0.03564540454477039,-117.7579084050857,25.13199901475842,1,1
517,0.5285914078815847,0.4429127756571602,0.4857520917693724,0.03810464431606882,-118.32804322965158,25.25173936932438,1,1
518,0.5191993455632016,0.42905563124350266,0.4741274884033521,0.03944361967780023,-118.3393090167635,25.047963679496142,1,1
519,0.34727009853048335,0.2728647246137082,0.3100674115720958,0.03668304370058133,-120.11963932580015,26.859169627852907,1,1
520,0.22346687335780155,0.17475796348432499,0.19911241842106325,0.05227072661093747,-119.16164643486883,27.394533947925286,0,1
521,0.35032861163107876,0.26152002668717916,0.305924319159129,0.04305275595741598,-118.5060933220845,26.097894680088846,1,1
522,0.4316993709439377,0.3582176863647849,0.3949585286543613,0.05360853964627738,-117.84378839062138,25.63604345016607,1,1
523,0.47957405394908326,0.39800581681905234,0.4387899353840678,0.08780906666545968,-118.08649359907115,26.151599487240205,1,1
524,0.5062291424410827,0.4171837754748977,0.46170645895799023,0.10170968152263983,-119.3714982749416,26.896981051703914,1,1
525,0.5064726587278636,0.42284454057599963,0.4646585996519316,0.1450311256458559,-119.42044643773713,27.100695582142343,1,1
526,0.5092160669612897,0.42640893370130767,0.46781250033129873,0.13373240448126333,-119.07221678833044,26.71568233092743,1,1
527,0.5008983652797154,0.4213789079213898,0.46113863660055265,0.10301272191341382,-119.35010647148819,27.53515196732746,1,1
528,0.5020615212714961,0.412529321560158,0.457295421415827,0.08982491005763547,-119.22233935277133,26.961738387162008,1,1
529,0.437412504259471,0.3214480672332176,0.3794302857463443,0.07833871369465553,-122.09953808523377,29.133414524573645,1,1
530,0.22447445313477848,0.10928511377462251,0.1668797834547005,0.08504010698223484,-124.74523660841716,32.03974210685044,0,1
531,0.11435965122734004,0.05993852885864302,0.08714909004299154,0.057016389175748076,-124.48952366693062,32.11669232464378,0,1
532,0.3075408267183477,0.201189111502793,0.2543649691105704,0.020640822470350092,-125.83091515508875,32.43768658952553,1,1
533,0.35430945269507286,0.27332115025658316,0.31381530147582803,0.011049257818609675,-126.16030384650992,32.82563600217243,1,1
534,0.3812157058173747,0.3384576615566642,0.35983668368701943,0.014825198699601026,-125.84314409962619,32.20655309108415,1,1
535,0.4219054928014106,0.38121722263354474,0.4015613577174777,0.010406778867554436,-123.47713876592745,31.255971727861038,1,1
536,0.42381274523998597,0.39964390245478565,0.4117283238473858,0.01301074871175908,-124.69718654894058,30.905272711012508,1,1
537,0.4107823899133628,0.3903996283215818,0.4005910091174723,0.020727331035292135,-124.66256403973398,30.74131239427784,1,1
538,0.4274863013730035,0.39198523129320945,0.4097357663331065,0.020043864302774394,-124.81226410227961,30.098854742120523,1,1
539,0.417316531640814,0.3905952287723463,0.40395588020658013,0.029070935361463553,-124.95244858378071,30.043196921985366,1,1
540,0.4194730009403383,0.4039941721742339,0.4117335865572861,0.02630752113246031,-125.19703046197492,30.11826676517629,1,1
541,0.4107654749226324,0.39275046572466776,0.40175797032365007,0.055674895099583184,-125.34298555355029,30.800944761424166,1,1
542,0.3964382156391515,0.38704696966587504,0.39174259265251327,0.04070332098922425,-125.54165784245478,29.222022116000517,1,1
543,0.4037274910172675,0.39399646010097866,0.39886197555912306,0.05801520503630325,-125.40521284451471,29.619345051213326,1,1
544,0.3957910699460631,0.38914636803671837,0.39246871899139074,0.0746220017868545,-124.90184877594733,29.995561185982055,1,1
545,0.39188390713794496,0.3936920557327306,0.3927879814353378,0.06390587957422277,-124.70689138661571,29.40333129583063,1,1
546,0.3941260438251999,0.40278829582588394,0.3984571698255419,0.06475300196528823,-124.41382994343236,29.215175997427018,1,1
547,0.40047673478245405,0.4091752050167141,0.4048259698995841,0.025437209968137475,-125.25896169921417,29.43304614205171,1,1
548,0.3978111844180312,0.40271556909476675,0.400263376756399,0.024962370024453576,-124.70810398661253,29.477043982862543,1,1
549,0.38682291605021457,0.4129030819973993,0.39986299902380695,0.04109850965893475,-124.08456878865513,29.154278699114048,1,1
550,0.3855616073609803,0.4053300982887671,0.39544585282487366,0.054040786331036546,-123.87019913298286,29.446160084181454,1,1
551,0.3815209053717999,0.40888542977828457,0.39520316757504226,0.07316204461489677,-123.56649400229583,29.25229523039349,1,1
552,0.39850013824544167,0.43420161899847504,0.41635087862195835,0.1480205307885313,-124.2439419023607,29.85569347680099,1,1
553,0.3882912575356435,0.4139982610731139,0.40114475930437865,0.18495989904568919,-123.97003079321873,29.821148772267787,1,1
554,0.3951479575829665,0.4154923435326829,0.40532015055782467,0.18440726407466937,-123.7235661279277,29.812126203518712,1,1
555,0.404388116352082,0.41827540799178947,0.41133176217193573,0.1917750247443939,-123.71484664671559,29.576491698586143,1,1
556,0.4039671742573294,0.4215455529187927,0.41275636358806106,0.19513950077255143,-123.84332846384137,29.53595977674707,1,1
557,0.40358749536427474,0.408688418381502,0.40613795687288834,0.18544969511332737,-124.04451528140554,29.84412218342919,1,1
558,0.40102976714091393,0.407066628937144,0.40404819803902897,0.1797625114148841,-123.97031886441182,29.54394056660628,1,1
559,0.40222249141118716,0.40569826358228883,0.40396037749673797,0.16783571512738912,-124.36451207313887,30.021289761431333,1,1
560,0.39752856425485134,0.3973356496952221,0.3974321069750367,0.08510448527670161,-124.57271142628112,30.263279758103856,1,1
561,0.3890273575284559,0.38782378748604257,0.38842557250724924,0.0350728414515473,-124.21091110523257,30.167272497589348,1,1
562,0.40103045158808875,0.40237519333313077,0.40170282246060973,0.04544428524922671,-123.8328632222749,29.894916236440697,1,1
563,0.40015834285005514,0.41004580501428217,0.4051020739321687,0.0428073607174867,-123.88434177296696,29.81832733484761,1,1
564,0.39418529073857805,0.40846602139964305,0.4013256560691105,0.036675584828786294,-124.54185356674682,31.21426539083063,1,1
565,0.38870515274885137,0.3919101151654437,0.3903076339571475,0.037857921506413636,-124.61723227592951,30.499244043148973,1,1
566,0.34253405208903603,0.3397033780461031,0.3411187150675696,0.023505688334897457,-124.94147352991992,31.16715163216452,1,1
567,0.10206996293955785,0.0812411420660441,0.09165555250280097,0.0719527423156063,-126.00405259987802,33.00582049143124,0,1
568,0.06018661387659364,0.051698669603220275,0.055942641739906956,0.05546752653688127,-125.9614554340067,33.777305680693715,0,1
569,0.03866981268473015,0.07163267991131295,0.05515124629802155,0.09415291986001188,-125.05409421416752,33.19836529694244,0,1
570,0.12623752081020362,0.13541283777541369,0.13082517929280865,0.10356461827284427,-123.36734927999663,31.345974405555307,0,1
571,0.261446454976243,0.25060032011164535,0.25602338754394416,0.08578251514618253,-123.43784154685179,30.80247208840642,1,1
572,0.3503799128377365,0.3042155687190708,0.3272977407784037,0.011640733932535651,-123.38980177145767,30.08972478795011,1,1
573,0.3727075916770541,0.3289754322388163,0.3508415119579352,0.012639580038405792,-122.7518920663073,29.751674908655055,1,1
574,0.4075611583373342,0.3562612753584505,0.3819112168478923,0.010646629699977546,-124.01661353988098,30.13583798752934,1,1
575,0.4473326214972042,0.38422894989300704,0.4157807856951056,0.010486241941286627,-123.80148297375233,30.634543561410574,1,1
576,0.4424586484476052,0.37856570651496985,0.41051217748128754,0.01954045245132478,-122.73706884146486,30.41017063857407,1,1
577,0.4833879569820068,0.41523839255106143,0.4493131747665341,0.026370920483474378,-121.82027269995788,28.947010096030635,1,1
578,0.4789145911487263,0.4044439169106739,0.4416792540297001,0.039752699975185,-122.05452070169395,28.75508168377831,1,1
579,0.5007942573770467,0.42950721810116693,0.46515073773910687,0.08595491031960355,-121.92242397112017,28.265293609738688,1,1
580,0.5141417589759683,0.4247196106023449,0.4694306847891566,0.09942738398872723,-121.79892981518509,27.852516584901746,1,1
581,0.49718927467084695,0.41867470764855697,0.45793199115970196,0.08106560699656878,-122.13356953978035,27.666223162543083,1,1
582,0.49348972218430526,0.42066376019596885,0.4570767411901371,0.12139406832466644,-122.05090747762613,27.61067685796596,1,1
583,0.486354340042231,0.4123972856384705,0.4493758128403508,0.13722458762743825,-122.35751551131453,28.48869107046161,1,1
584,0.5011345440317644,0.4351544235127744,0.46814448377226936,0.12499080857312715,-122.64698570084552,28.32125788231127,1,1
585,0.5056052740355834,0.42872376609816554,0.4671645200668745,0.1172479987438515,-122.52485207416898,28.114414125241904,1,1
586,0.5086422782218132,0.4326409104746738,0.4706415943482435,0.08808511108269121,-123.08234149626189,28.952435846305324,1,1
587,0.49049871015323104,0.4221188474675829,0.456308778810407,0.05916149609210032,-123.16577499561117,28.769877166428408,1,1
588,0.459666850194698,0.3760195918882666,0.4178432210414823,0.032672812645897616,-122.62057628452759,28.60228575189117,1,1
589,0.30910129745719345,0.1811981718929406,0.245149734675067,0.01768430814095325,-125.78391566329826,31.085652840566127,0,1
590,0.20074613502300392,0.09668646816700428,0.1487163015950041,0.017723956753700504,-126.00354178639006,31.00793920919579,0,1
591,0.20655242496992712,0.12519741737067233,0.16587492117029973,0.011231215185979892,-128.15513018653772,33.32153510503804,0,1
592,0.25548098920076506,0.1981926013976723,0.22683679529921869,0.011837125045980135,-126.86074027710603,32.75054231519961,0,1
593,0.31694864751999485,0.3080884310481553,0.3125185392840751,0.019752439275515468,-125.28655106308082,31.0411661774488,1,1
594,0.3470158568930079,0.31444311207704795,0.3307294844850279,0.03555756341730658,-126.11386915819125,30.876527556039576,1,1
595,0.3823764941191887,0.3601556014063762,0.3712660477627825,0.031389756176631554,-124.89225028440627,29.267946995804024,1,1
596,0.3775890829535638,0.3882035863534186,0.3828963346534912,0.030619085193302156,-124.15854918925389,29.824660263644237,1,1
597,0.3889340037365739,0.38206009456386203,0.385497049150218,0.027672028087551745,-123.66407358467352,30.1094586189576,1,1
598,0.41350168839983426,0.4245829806452759,0.41904233452255507,0.06901803120829474,-123.95277772723844,29.028884675056908,1,1
599,0.4274833899086521,0.4523311261023296,0.43990725800549085,0.04904280113500726,-122.9535529512925,29.428158504750773,1,1
600,0.42073274132674404,0.4525500431300979,0.43664139222842097,0.031230086125003817,-123.35685539118232,29.2559435311692,1,1
601,0.4079956376753336,0.4512686525187662,0.4296321450970499,0.08484343678804712,-123.23943695216815,28.67455649552983,1,1
602,0.4147603546425999,0.4763154851135859,0.4455379198780929,0.05610476549860078,-123.59126368320837,28.79919859532743,1,1
603,0.4154581839542505,0.4836175870148828,0.44953788548456663,0.059816066662196236,-123.2489008058167,28.409971824331816,1,1
604,0.4378356522028938,0.5081273451188532,0.47298149866087347,0.04576420230498878,-123.21285126820241,28.491636159677537,1,1
605,0.43687982794616165,0.5055585722610502,0.4712192001036059,0.04029042821884955,-123.19305719465295,28.525762955310032,1,1
606,0.44111190294425334,0.5103589858252052,0.47573544438472926,0.04694146867064091,-122.89838218159036,28.456553291337062,1,1
607,0.444824345173991,0.5188429728312911,0.4818336590026411,0.037123952913125875,-123.03503344479027,28.654455652870514,1,1
608,0.4413025010082683,0.5106340251993599,0.47596826310381407,0.035282616458685315,-122.39019506077773,28.469274211016533,1,1
609,0.4441556488718316,0.5210628456153735,0.48260924724360255,0.02730702734598633,-123.00031943630661,28.80802107250207,1,1
610,0.4448538682541315,0.5234448799371991,0.4841493740956653,0.026932404645025252,-123.13496869089754,28.54689725039941,1,1
611,0.44179215970844465,0.5191595637672962,0.48047586173787044,0.029849212022992802,-123.43123241420541,28.64912186072211,1,1
612,0.4539203490049491,0.523762427107407,0.48884138805617805,0.023476540737203584,-122.93408879536504,27.942146892134637,1,1
613,0.44961639687483335,0.5105744803437245,0.48009543860927895,0.04643449411240389,-122.69584401477503,27.58189234116056,1,1
614,0.4643841344903239,0.523959547372819,0.49417184093157146,0.043884232867772516,-122.50881726368826,27.757831735805745,1,1
615,0.4696120154615304,0.5273360039866929,0.49847400972411166,0.11121196293724095,-122.6223418523753,28.42928766182972,1,1
616,0.44960207277015357,0.5047372858735132,0.4771696793218334,0.22807289332315317,-123.01279458996987,28.65777716009308,1,1
617,0.45440162855958904,0.5267152884461839,0.4905584585028865,0.23996580396069903,-123.14462057480684,28.8454888397509,1,1
618,0.45276979427289354,0.5135629603655192,0.48316637731920636,0.23856044249169847,-123.12930353918276,27.962540039681482,1,1
619,0.4522562264623717,0.49937343612706486,0.47581483129471824,0.23591550613870274,-122.99920109958964,27.88801991994696,1,1
620,0.4402685972198275,0.4741887093168945,0.457228653268361,0.25395911952259054,-122.8153650800951,28.477308668339255,1,1
621,0.44036167252055364,0.47557648594446766,0.4579690792325106,0.22853203537308336,-122.94896615174818,28.813343321384938,1,1
622,0.4339053576041538,0.47060852294331285,0.4522569402737333,0.1926652809739305,-123.13101995498967,28.811970102262542,1,1
623,0.4300607501634353,0.46998184024317086,0.4500212952033031,0.16636949651991847,-123.45931400234609,29.220188257282825,1,1
624,0.4264559946854528,0.45529846412234964,0.4408772294039012,0.13285826654663546,-123.66020184955603,29.241480679236084,1,1
625,0.4385736402056534,0.48714186409710514,0.46285775215137925,0.07336520105250159,-123.83411290215025,29.527889468760264,1,1
626,0.4442409011933669,0.48667792385808695,0.4654594125257269,0.07606466255145423,-124.38159922614393,29.753337996295258,1,1
627,0.4424641504328101,0.4865210066068245,0.4644925785198173,0.06142723023876115,-124.86513663919114,30.58401797956985,1,1
628,0.4439283865504499,0.4870637672769524,0.46549607691370115,0.04712227594688435,-124.91551292841653,30.186484606171014,1,1
629,0.44453591178988267,0.48717647241603346,0.46585619210295803,0.05274037051996873,-124.92349438755356,30.090913717491556,1,1
630,0.44700923466904985,0.48665214607671836,0.4668306903728841,0.0673845502650833,-124.79909889020135,30.226547421580833,1,1
631,0.4484252723322766,0.4881959024306618,0.4683105873814692,0.0541956257180713,-125.10427518936116,30.556012878390995,1,1
632,0.4352448596347337,0.46231108046465713,0.44877797004969544,0.06803219616910519,-125.95117974804428,31.19751360502282,1,1
633,0.42535604944441574,0.44715499148191573,0.43625552046316574,0.03813934406028552,-126.72988607530709,32.278602246149646,1,1
634,0.40876395865452514,0.41521307554569636,0.41198851710011075,0.01779467192142427,-126.69504473011735,31.42430618616375,1,1
635,0.21529502064441375,0.2130232864135901,0.21415915352900194,0.015456999510098513,-124.78286507179683,32.983899189622065,1,1
636,0.1188069859365962,0.11161004888493317,0.11520851741076468,0.029671839142104424,-124.63794169618092,33.02391791000135,0,1
637,0.05035001511281687,0.06801164296405328,0.05918082903843508,0.028483915633583424,-126.30891024093272,34.566490494423846,0,1
638,0.05456620786190815,0.06821925889667174,0.061392733379289945,0.038842053210066424,-125.95530529152187,34.81607570129421,0,1
639,0.09243328480744951,0.07416200838366985,0.08329764659555969,0.01707296809823093,-125.74157244636741,33.724351077133505,0,1
640,0.26581943609801373,0.19671007772875515,0.23126475691338444,0.015871440960178236,-123.02656811147735,31.375718424307905,0,1
641,0.361023661007038,0.30345161050230796,0.33223763575467297,0.012341581589246057,-123.37264118531077,31.084654339168072,1,1
642,0.4237734414205367,0.3547033708289831,0.3892384061247599,0.012997555606919746,-122.28920867415174,30.23739138411219,1,1
643,0.4564204749102436,0.3865661888780412,0.4214933318941424,0.016352395547069812,-122.17832235394502,29.56794153593398,1,1
644,0.47936937435678456,0.4088686482710943,0.44411901131393944,0.016007722191268347,-121.71359302050101,29.09173176133444,1,1
645,0.5072730202962993,0.4282775188913207,0.46777526959381,0.028162168247758097,-122.06904375700402,29.16067919130058,1,1
646,0.48329073150518814,0.4088888637357362,0.4460897976204622,0.031396029269313334,-121.78357226741166,29.42487459786458,1,1
647,0.4994996100286669,0.43155013401710013,0.4655248720228835,0.025842012015440285,-121.3973928792453,29.266867743377187,1,1
648,0.49650720731845377,0.4304162747190884,0.4634617410187711,0.03870616259205883,-122.50747540435792,29.51560908659608,1,1
649,0.5021377544674078,0.4330695846790808,0.4676036695732443,0.03789573149966402,-121.16282569375701,28.047846203128504,1,1
650,0.5207711617760866,0.4487643969168599,0.48476777934647325,0.03499457900970787,-121.38016443969165,28.041634655564422,1,1
651,0.5224219405393945,0.4515977577690013,0.48700984915419787,0.04052706404448254,-120.81058620028968,26.959363052125443,1,1
652,0.5158414880788564,0.4459337568040694,0.4808876224414629,0.03152303757185396,-121.28163348633215,27.237764049848366,1,1
653,0.5253418940550331,0.44985505493473094,0.48759847449488203,0.03245300634542059,-120.48171898215566,26.764103036831237,1,1
654,0.5175292380708572,0.45110910170836066,0.4843191698896089,0.03106692989523451,-120.09907403979496,26.42563906258886,1,1
655,0.5353961390351168,0.4662686887687022,0.5008324139019096,0.02567211520907486,-120.02766110293095,26.057597525745983,1,1
656,0.5281921866709033,0.45541186523289784,0.4918020259519006,0.03222020598706059,-120.0538353033849,26.12508663473078,1,1
657,0.5265444948322139,0.45504764587746455,0.4907960703548392,0.027670774088086283,-120.47336979111006,26.57443809059659,1,1
658,0.532753542677659,0.4577738335596079,0.4952636881186334,0.03107107286524285,-120.71201738673857,26.79752794061858,1,1
659,0.5256401513136592,0.4503005733167545,0.48797036231520685,0.03443648531883323,-119.95654979988659,26.09813097958618,1,1
660,0.5075861989084841,0.4437913902454871,0.4756887945769856,0.033600782399108305,-120.01099324011167,26.442979512751606,1,1
661,0.5151568242548952,0.4554883976258604,0.48532261094037776,0.03346684369998799,-120.24397922549666,26.164755972184487,1,1
662,0.5166157211453878,0.44770157035531444,0.4821586457503511,0.024973645516477915,-119.56263827871143,25.601186924017615,1,1
663,0.5265092071254382,0.4586331708525028,0.49257118898897057,0.022512820013664555,-120.24586314507594,26.06842301780578,1,1
664,0.5429238563811171,0.4675208366838041,0.5052223465324606,0.02471618902011207,-120.12560295805719,25.99244774159751,1,1
665,0.5377771034430541,0.47372212397815505,0.5057496137106046,0.027575692181747342,-120.25091054667497,26.254535274574703,1,1
666,0.5330292040297226,0.4634464365031561,0.49823782026643937,0.02463965479324282,-119.79156834549315,25.924321742827335,1,1
667,0.5306169490117751,0.4641548224838739,0.4973858857478245,0.031606219350685034,-120.03615760713284,26.233379613153865,1,1
668,0.5215428245641562,0.45294869392752324,0.48724575924583974,0.033323679578604194,-119.72321190304824,25.9912568072714,1,1
669,0.5268603875405062,0.4624672158776303,0.49466380170906826,0.029587507800394514,-119.71626720923562,26.1406441554623,1,1
670,0.5276149372718929,0.4581948433819034,0.49290489032689816,0.024468870802321116,-119.6779685784378,26.21835360698597,1,1
671,0.5435065738730233,0.4530072013393602,0.4982568876061917,0.026149342915659207,-119.69616427766562,26.206204911412247,1,1
672,0.5328249781395711,0.45048786186891554,0.4916564200042433,0.026766041828956234,-119.7076043115236,26.043676169451793,1,1
673,0.5234308021554105,0.43674600324761703,0.48008840270151376,0.02338607017736575,-120.48927806458143,26.836014144681172,1,1
674,0.5258230514490151,0.4421534909479451,0.4839882711984801,0.024480498663673383,-120.5895992441395,27.03739757972323,1,1
675,0.5209376359531745,0.4364067210508877,0.47867217850203114,0.024059350556971327,-120.88079877799676,27.491992859688967,1,1
676,0.5115659174390449,0.4345209334131662,0.47304342542610556,0.024218830215167252,-120.26580404538677,27.024621685260286,1,1
677,0.5124053008390137,0.4379678926954326,0.4751865967672232,0.023392604195500065,-120.15399586523718,26.730202856676932,1,1
678,0.5060829783589981,0.4407525690484502,0.4734177737037242,0.019041091745108395,-119.75789152737958,26.68693244082453,1,1
679,0.5116568834012037,0.4405665455687419,0.4761117144849728,0.02164366971522871,-119.96201647738391,26.68193529549107,1,1
680,0.5163189285905438,0.44370352898461396,0.4800112287875789,0.022287641510154086,-119.8430653166068,26.492037479224244,1,1
681,0.5134038789557218,0.43961524651588774,0.4765095627358048,0.02088841232316193,-120.14485818280396,26.80319761611586,1,1
682,0.5137829298455143,0.4400932326861847,0.4769380812658495,0.02082147886391559,-120.20145670321139,26.85479257552745,1,1
683,0.5166176613614888,0.44059130730522916,0.478604484333359,0.019797451881636154,-119.82182437483205,26.542605121666348,1,1
684,0.5197884866026107,0.4373246482582008,0.47855656743040575,0.019021250872086518,-119.84901070433867,26.29299271844723,1,1
685,0.4999997699403173,0.42572545816999474,0.46286261405515605,0.019701483205349517,-119.81606777225565,26.61518708110779,1,1
686,0.2670973154410898,0.2686019511361092,0.26784963328859945,0.014449293676619271,-119.00234956013485,26.43326643231108,1,1
687,0.17778649267725613,0.1612205328896625,0.16950351278345932,0.02061440935508157,-119.62496797820062,27.34630503756449,0,1
688,0.18206318161471374,0.15513905110657208,0.1686011163606429,0.016534212435641606,-118.82265173113333,26.60693312055693,0,1
689,0.28506684930373327,0.2547584424666155,0.2699126458851744,0.02071286589788819,-117.07207634472321,24.838426847058724,1,1
690,0.36986582099716,0.31885121230707403,0.34435851665211703,0.019678843690860395,-116.38059624909619,24.198413267746577,1,1
691,0.42175934936179155,0.33479949037602125,0.3782794198689064,0.01772584917007433,-116.46232154085594,24.330416182365884,1,1
692,0.47196479946381004,0.3392925819747639,0.405628690719287,0.02157077948287774,-114.18662242502565,23.60296417636197,1,1
693,0.5223136368484675,0.34333133735962373,0.43282248710404564,0.02364318115349033,-112.41847932792412,21.661139381029084,1,1
694,0.5547320625981035,0.34444374369372116,0.44958790314591235,0.027409844079754775,-111.41015499394429,20.734440914563727,1,1
695,0.6521247343583477,0.37441868600484657,0.5132717101815971,0.04580208191008284,-112.82043005926026,22.136250949636686,1,1
696,0.6460493798668654,0.3578336201360602,0.5019415000014628,0.05445745464939937,-110.36556664344029,19.215267587445705,1,1
697,0.7248356029709697,0.38119066195782203,0.5530131324643959,0.03129515380445378,-109.30812049236498,18.518656841422136,1,1
698,0.6950027533134036,0.3762427310099075,0.5356227421616555,0.0388062763147909,-108.12578530829465,17.12760315169407,1,1
699,0.7022844437805786,0.37369674608790165,0.5379905949342402,0.04194201037023214,-107.52898144311924,16.359113935012306,1,1
700,0.7292923438012114,0.3872404146075566,0.558266379204384,0.04070619013317843,-106.6841519250202,15.06785072884679,1,1
701,0.7390810368889734,0.3623238660240123,0.5507024514564929,0.040518374975598744,-107.35522854923047,15.491012171098996,1,1
702,0.7133069840629939,0.3749809659724039,0.5441439750176988,0.04606835175641805,-106.57487387026558,15.134345720022635,1,1
703,0.7082184315845363,0.3446621762957423,0.5264403039401393,0.06147972210555884,-106.79033159383718,15.168144615223277,1,1
704,0.7191079617188698,0.35428515580237363,0.5366965587606217,0.0625865320960325,-107.21547655022331,15.389566546789249,1,1
705,0.747974394692841,0.37154279662387485,0.559758595658358,0.05941161076154792,-106.07510422658831,14.060458943577903,1,1
706,0.7107111499284772,0.3599366569350805,0.5353239034317788,0.0518974678327266,-106.24165130418858,14.599941644199427,1,1
707,0.6759747876892114,0.3454013639596592,0.5106880758244353,0.05507388355952912,-107.26508896484486,15.179369720332186,1,1
708,0.6472233297895167,0.32812570789015416,0.4876745188398354,0.06527773993950847,-108.18335211066557,15.987510500017956,1,1
709,0.6045609582190601,0.3272023992671461,0.4658816787431031,0.046448304493970985,-108.79910789690307,16.916042350694305,1,1
710,0.6359917040353146,0.36351758454747213,0.4997546442913934,0.028522924574049136,-108.59272319071354,17.391755399902703,1,1
711,0.6772372827590281,0.38427851281555875,0.5307578977872934,0.03147671842584627,-108.77899076711164,16.748289770005623,1,1
712,0.6097697624822195,0.3626649983873414,0.48621738043478047,0.024100512851308643,-109.27826907674134,17.819987431181662,1,1
713,0.624320044110746,0.36546898937953054,0.4948945167451383,0.02583612822183521,-109.41452342212094,17.758018134177213,1,1
714,0.6484736300770734,0.37690119337397743,0.5126874117255253,0.029958237899934233,-108.68407324502367,16.78082143775213,1,1
715,0.649048325299459,0.3752351208376828,0.5121417230685709,0.03378392001077063,-108.12185886242077,16.430157794135347,1,1
716,0.6485614599675167,0.3791118895794602,0.5138366747734884,0.024267034613517733,-108.82339509417153,17.323480161501163,1,1
717,0.6660677334632504,0.3767160179707776,0.521391875717014,0.031006386263901724,-107.78060002317608,16.32860953721856,1,1
718,0.6669324694712379,0.3850225536124094,0.5259775115418236,0.026552907488779864,-108.39796330926208,16.822005937550458,1,1
719,0.6199441395937851,0.361714927168761,0.4908295333812731,0.016482655648545896,-109.18629355816836,17.745909099356354,1,1
720,0.6369848838270239,0.3693734125485821,0.503179148187803,0.017326562469766205,-108.33314399139667,16.86390204318823,1,1
721,0.6885517024055812,0.3771347523430071,0.5328432273742941,0.031643828961877146,-109.29493343771978,17.590823247900637,1,1
722,0.6672961100728092,0.36852920794191313,0.5179126590073612,0.021557857013119044,-108.91597846092137,17.93921608385546,1,1
723,0.6822257214580238,0.3661054527258752,0.5241655870919495,0.02735792071240004,-108.60967365149465,17.26395596195228,1,1
724,0.6403636147878853,0.3599107009534547,0.5001371578706699,0.046910634512422444,-109.0046519062528,17.03965671789203,1,1
725,0.6549734894987844,0.35731235216170143,0.5061429208302429,0.030154374273977314,-108.44347666891584,17.309992123522687,1,1
726,0.5283959141458107,0.2525538261860879,0.3904748701659493,0.045369613121974246,-110.52680247796295,19.690519653997548,1,1
727,0.21785412911707094,0.11643295165008774,0.16714354038357934,0.026626124145869512,-112.08878211532907,21.69592015237233,0,1
728,0.17396248743984266,0.09433583568681202,0.13414916156332735,0.01971138521360136,-111.08939510894146,21.61139670012075,0,1
729,0.39313639397137584,0.2006308637391049,0.2968836288552404,0.02750615455665341,-111.6409175402096,21.651026312980182,1,1
730,0.5352019030773217,0.3258590086764243,0.430530455876873,0.01719937079813567,-112.59963647875166,23.228821472756326,1,1
731,0.48053715040089695,0.3517199950589494,0.4161285727299232,0.012049263229334166,-114.55771798115936,23.90450627243763,1,1
732,0.507373216119611,0.360956582028214,0.4341648990739125,0.038952146539439236,-115.6374221757356,24.265179372283303,1,1
733,0.5227670796408391,0.39947795240186124,0.4611225160213502,0.01079736509323369,-116.87683465754957,24.652783672490774,1,1
734,0.5220377082471879,0.4077656991476131,0.46490170369740047,0.011973632917707675,-118.40746381046226,26.06408357793837,1,1
735,0.506687119598841,0.39955455193349465,0.45312083576616785,0.012296542552323117,-118.56891722344824,26.09909924866379,1,1
736,0.5411178315778048,0.4153961230700209,0.4782569773239128,0.019010519379727565,-118.81881273540849,26.117063342274278,1,1
737,0.5327018285980738,0.4215593862211141,0.47713060740959395,0.016538349852076924,-118.92741707419275,26.49936101822745,1,1
738,0.5174783490237442,0.4152614393533412,0.4663698941885427,0.014807076888141582,-119.62247658914586,27.838134493792996,1,1
739,0.5220699071673438,0.4268069739968475,0.47443844058209567,0.012239542249892535,-118.74627008527861,27.29732386082828,1,1
740,0.5176553812110293,0.4235517016630673,0.4706035414370483,0.016981766452884645,-118.87594810155296,26.63170041904214,1,1
741,0.5177963436637749,0.4287883055756753,0.47329232461972515,0.013591019078453073,-118.63885209640787,26.683249579909607,1,1
742,0.5456669973475059,0.4434573631659799,0.4945621802567429,0.019660430236775592,-118.48991524684433,26.118624879615393,1,1
743,0.5210747165055789,0.4385756026242888,0.4798251595649339,0.0173363643727476,-118.86716193705777,26.345370799659047,1,1
744,0.5300708599060733,0.43984462576173655,0.4849577428339049,0.014996922337471977,-117.769990649568,25.287031722979826,1,1
745,0.5088836466144007,0.43691124566396305,0.47289744613918183,0.013872814389451428,-118.6579416634186,26.232654106773637,1,1
746,0.5211783696951856,0.4419573998305261,0.48156788476285584,0.015958073400529384,-118.44518197642013,26.225518153846934,1,1
747,0.5271681572805931,0.4469834527618704,0.4870758050212317,0.01610563399203944,-118.43262513827148,25.803045976767333,1,1
748,0.5329168544620703,0.44765028439284693,0.4902835694274586,0.014985279495793572,-118.62284349133122,25.87638637684579,1,1
749,0.5311517562718217,0.45354360101906205,0.4923476786454418,0.01784633294093804,-118.84932431757885,25.974209152638615,1,1
750,0.5290268748821099,0.44986951489062055,0.4894481948863652,0.014973604614081568,-119.09471741075284,26.184760390446414,1,1
751,0.5244178009720473,0.45159641454424315,0.4880071077581452,0.01739129643419485,-119.3891801580254,27.092517753539106,1,1
752,0.526439850519673,0.45090458070006817,0.4886722156098706,0.026500362027659537,-118.89721699143537,26.605238716593473,1,1
753,0.5164861000890416,0.44630967424535967,0.48139788716720067,0.024441664323821593,-118.72725101072456,26.375334022818915,1,1
754,0.5313174317693756,0.45435812542329573,0.4928377785963357,0.020976018172196575,-118.88125933656238,26.386076515908915,1,1
755,0.5234645705119799,0.44469239523778764,0.48407848287488375,0.017275442495483736,-118.39976066265682,25.71177134492231,1,1
756,0.5373429997324987,0.4596165293876576,0.49847976456007814,0.020020861414884912,-118.78196217577383,26.325860105302834,1,1
757,0.5053060302693543,0.43469580165055377,0.470000915959954,0.012434851533481013,-118.84682130685786,26.263030931690132,1,1
758,0.5069757214762464,0.4382212875789022,0.4725985045275743,0.011644327666799518,-118.89612531390726,26.191571358933782,1,1
759,0.517022043484087,0.43913857990574817,0.4780803116949176,0.013127360316482513,-119.63508890586378,27.162469228883264,1,1
760,0.5123223280060923,0.43434304614773867,0.4733326870769155,0.013068030674838284,-117.93449232050311,25.26315058698109,1,1
761,0.511087550000165,0.43494303081774727,0.4730152904089562,0.012555957934903742,-118.05402325130342,25.442557230139293,1,1
762,0.5105486540447258,0.43241835093590786,0.47148350249031684,0.012703040534635179,-118.57768067050837,25.78307936384134,1,1
763,0.5145177649822225,0.4338059787332011,0.47416187185771175,0.011650845266731486,-118.60256634616701,25.710049556073358,1,1
764,0.5230766838001399,0.4377827331149536,0.48042970845754673,0.013808632368474308,-119.1212359622245,26.149708233647946,1,1
765,0.5206892978877053,0.43985351551453133,0.48027140670111834,0.015184319268481102,-118.37202402123756,25.4624513085305,1,1
766,0.5232801893570193,0.43600899527274584,0.47964459231488255,0.013362137657664492,-118.95061846111268,26.600710742476142,1,1
767,0.5304700633369065,0.44113183972143927,0.4858009515291729,0.011849211880684454,-119.33707685140845,26.95526864754158,1,1
768,0.5084779022675578,0.42671137251088137,0.4675946373892196,0.01582928111733888,-119.16421976895938,26.75035181689896,1,1
769,0.534551158565698,0.4509019515966356,0.4927265550811668,0.022660355213290302,-118.11893172272596,25.59113988938206,1,1
770,0.5265869317302132,0.4468466240451828,0.486716777887698,0.019456131577222233,-117.68060426522203,25.26488002827525,1,1
771,0.5254281440424612,0.44921006816486797,0.4873191061036646,0.018141296364506534,-117.80011867174667,25.567968552132875,1,1
772,0.5279973845029763,0.4494899241015815,0.4887436543022789,0.019524219005445757,-117.87067180210335,25.549820438856123,1,1
773,0.528482759468647,0.4509041733065454,0.4896934663875962,0.019555999559392055,-117.977221953594,25.613263735554845,1,1
774,0.5475242478348389,0.45548632493419783,0.5015052863845184,0.019287727327088066,-117.92776895463344,25.404212427423282,1,1
775,0.5366624624099456,0.45138077134753696,0.4940216168787413,0.021941165893107115,-118.02129624708054,25.654746536901474,1,1
776,0.5566519297255028,0.46034353681842455,0.5084977332719637,0.02421369449221411,-118.20864662157278,25.801876746262067,1,1
777,0.5263150764068516,0.44772349828970365,0.4870192873482776,0.0201445097131006,-117.78504905149472,25.56937754193853,1,1
778,0.5120265520354929,0.4413580361489733,0.47669229409223307,0.014675950825073947,-118.25496080516682,26.171693629864652,1,1
779,0.5194010948066325,0.4477927275429384,0.4835969111747855,0.017815347335626366,-117.70152506413609,25.722416221534534,1,1
780,0.5187427448480277,0.4495218852292439,0.48413231503863585,0.017262807561014483,-117.7762754117994,25.74725945179777,1,1
781,0.5289586516131043,0.4532865837111833,0.4911226176621438,0.011098429277773802,-118.58942061840263,26.49347050572611,1,1
782,0.5450438618298142,0.4581154405441362,0.5015796511869752,0.013731169326958823,-119.11257067735693,26.700035741983868,1,1
783,0.5317417608148621,0.4545510097505616,0.4931463852827119,0.01105161343492203,-118.44161577265771,26.451391177422785,1,1
784,0.5416825437801722,0.45392065399188913,0.4978015988860307,0.013845147892543676,-118.94315313540451,27.199364245323736,1,1
785,0.5202056062972867,0.4413050449906604,0.4807553256439736,0.013139961289078947,-118.33602128936288,26.150160952890452,1,1
786,0.5224560153127217,0.4449852092407816,0.48372061227675167,0.08923956077782452,-119.34443239182706,26.558719434215643,1,1
787,0.47444491786865794,0.3813936712527053,0.4279192945606816,0.25873707086769865,-119.00181138836304,25.30982745760874,1,1
788,0.3189425669300033,0.21272512843924274,0.26583384768462304,0.2943321066200639,-121.95726307240881,28.248223070660632,1,1
789,0.2722319977877214,0.13320046501994048,0.20271623140383094,0.2990572623949971,-124.35566818730915,29.90729003059457,0,1
790,0.18332390502627333,0.09988319985335442,0.14160355243981387,0.2586604477091103,-126.23706142918303,32.21564350156208,0,1
791,0.27440074917448176,0.20239291233621862,0.23839683075535018,0.0816738466066313,-128.74920338620294,33.54747654785999,1,1
792,0.3222180462846299,0.26701799254394776,0.29461801941428883,0.010064480739129668,-126.43941513990393,32.801054932559005,1,1
793,0.3904220457000877,0.3180147988387881,0.3542184222694379,0.013710778445255279,-125.99284705101782,32.56559927305838,1,1
794,0.40630640480879004,0.3635643043194383,0.3849353545641142,0.010912572225687832,-124.78326782334376,31.336579239854682,1,1
795,0.42687644963951143,0.38100643452961713,0.4039414420845643,0.0939562150785586,-123.43335286279627,30.665081244442742,1,1
796,0.4181390199558027,0.3791047886799428,0.39862190431787276,0.027840618710634746,-123.95382845333677,30.60324607820375,1,1
797,0.42137093684597005,0.3874719636749717,0.4044214502604709,0.011895537856791849,-124.24011939376287,30.261505685565606,1,1
798,0.4192820747694107,0.40802981582777725,0.41365594529859395,0.012542709957235495,-125.35208617521711,29.84606243426329,1,1
799,0.4098663908287879,0.3891808726104676,0.39952363171962774,0.017663705625381852,-123.87539576181958,30.865875225333795,1,1
800,0.4172061443786953,0.39995912576508985,0.4085826350718926,0.03412145613319971,-125.18076647110946,30.151794787156465,1,1
801,0.41368612837353436,0.39731559933620847,0.4055008638548714,0.06533014657322292,-125.26847429485329,30.638425637462966,1,1
802,0.41797567965211874,0.41022998914300457,0.4141028343975617,0.05562130304871999,-125.90417055515175,29.91024467593007,1,1
803,0.41132034927087946,0.4054082113836797,0.40836428032727956,0.08024573925495725,-125.35251323164674,31.040060222508664,1,1
804,0.41283568406142795,0.4087342847541794,0.41078498440780364,0.1458311648165921,-125.79322710860335,29.70396859809392,1,1
805,0.413378082009658,0.4070183182798433,0.4101982001447506,0.1597454480396962,-125.71240785425029,30.260333996605233,1,1
806,0.4189980737030977,0.4065428993712604,0.41277048653717907,0.11521841302367423,-127.07189876508096,31.054008754396495,1,1
807,0.4188448041708168,0.40478387594174864,0.4118143400562827,0.0754476510682136,-125.27569050100202,32.62986678236093,1,1
808,0.4157320134700861,0.3946494502624226,0.4051907318662543,0.053169214252433136,-124.51560642192345,31.82694296070818,1,1
809,0.3095846269956739,0.3240879745968238,0.31683630079624886,0.05127648478368507,-124.46883145276853,30.99763206226345,1,1
810,0.06194740205389244,0.0649817486657551,0.06346457535982376,0.04607180146313241,-123.54132733423735,32.56340903064467,0,1
811,0.06070181380713963,0.06902552560725286,0.06486366970719624,0.019484082392188264,-124.04697549864603,32.77974136429603,0,1
812,0.12092123618889007,0.0912790334372461,0.10610013481306808,0.011924302340511955,-122.97489002527333,31.640234483904088,0,1
813,0.32468171073308094,0.2879518064342091,0.30631675858364504,0.01163910616526573,-122.4179954006155,30.50339090640139,1,1
814,0.37398281094070046,0.33173785800328426,0.3528603344719924,0.012383375770767759,-121.69364936045322,29.292891089332784,1,1
815,0.4281315203400786,0.3606837191970607,0.39440761976856964,0.013513498920210986,-122.43355536380753,30.52437825302671,1,1
816,0.4545588822995614,0.39601821493582606,0.4252885486176937,0.03394979907943959,-121.28789124618882,30.118920101054645,1,1
817,0.47996933378695833,0.4125467770611744,0.4462580554240664,0.087725146152681,-121.68945404041894,29.820000649284637,1,1
818,0.5057346776924342,0.4380010403158104,0.4718678590041223,0.0748026770637512,-121.34455933029712,29.153387080456458,1,1
819,0.5168684237615125,0.44096218405228016,0.47891530390689635,0.08581539432928245,-121.40171577012924,29.03733925188839,1,1
820,0.5306358923919009,0.45021650149958253,0.49042619694574174,0.1353006231595681,-120.56572538495273,28.30272446019564,1,1
821,0.525406714933579,0.4321231764361653,0.47876494568487216,0.1195691304996054,-121.31746997284154,28.38972564319837,1,1
822,0.5363581013474154,0.44767230247522843,0.49201520191132186,0.1268155925989123,-121.61974542039127,28.62694650493751,1,1
823,0.5186212605846802,0.4419599677720909,0.48029061417838553,0.11014100590745617,-121.24894351107626,28.42837760618361,1,1
824,0.5255429169410413,0.4497069894256614,0.4876249531833513,0.09926914407363487,-121.47282450090553,28.449523989182932,1,1
825,0.5440349485870702,0.46708234897353085,0.5055586487803005,0.044928227546950146,-121.89380416541945,28.4872972797706,1,1
826,0.5403559591144996,0.46102329519296104,0.5006896271537303,0.040331182787530874,-122.5401723143053,28.545607824242307,1,1
827,0.5476594056173374,0.4696780052163395,0.5086687054168384,0.02415783845558637,-122.9087228865227,28.678985926524543,1,1
828,0.5365336557172995,0.4691645959426026,0.502849125829951,0.02554637156606528,-122.99799736326986,28.76637793932652,1,1
829,0.5206938076173934,0.4492735795723093,0.48498369359485133,0.020641845261734824,-122.89548436855308,28.97488414403714,1,1
830,0.5353465298449142,0.4637693537676129,0.49955794180626356,0.025589764255020908,-122.87273780227522,29.24092849145595,1,1
831,0.5353959064653568,0.4742094278151928,0.5048026671402748,0.02278757959980007,-122.5618681571051,28.925014996014216,1,1
832,0.527022801954931,0.4581912064985704,0.49260700422675074,0.022005368042708646,-122.06312789282364,28.116045033179798,1,1
833,0.5338236808281861,0.4654211477618041,0.4996224142949951,0.01764968272107151,-122.58525949072724,28.954691312739076,1,1
834,0.5143856801362925,0.4412621539134718,0.47782391702488214,0.015792342229584415,-121.9100923021327,28.638821645635723,1,1
835,0.5109320136729526,0.45231009992510046,0.48162105679902656,0.025142790286935984,-122.98977910556154,29.50349844424115,1,1
836,0.5163755694612994,0.4505683296569659,0.48347194955913264,0.020672987931759885,-122.43915745159738,29.256381535926856,1,1
837,0.5155987629029444,0.4538399652805968,0.4847193640917706,0.0214024586449442,-122.19623690009495,29.07886121006496,1,1
838,0.5177249045906156,0.45155099274929533,0.48463794866995547,0.02138456631367153,-122.36801636338367,29.08167940164957,1,1
839,0.4929749639153851,0.430049825597553,0.46151239475646905,0.01624537544647809,-121.92133573491532,28.847520344056175,1,1
840,0.4503182679046811,0.3624195386268537,0.4063689032657674,0.009814175500101685,-122.55272310865183,29.093960973155227,1,1
841,0.2075086155777574,0.1040986277059034,0.1558036216418304,0.011451741499366732,-123.98068729324164,31.342482924753075,0,1
842,0.10621273559665231,0.05372394158331218,0.07996833858998224,0.013666372942620023,-125.63363180618774,32.47923923073668,0,1
843,0.22501962961575292,0.1650346665974006,0.19502714810657676,0.010172355611739185,-127.02108370913255,33.19957418280764,0,1
844,0.3595214359189173,0.3217071014166572,0.3406142686677872,0.008750189478262638,-125.13606219537674,31.95827290835812,1,1
845,0.3776451864630054,0.35123093460369986,0.3644380605333526,0.004640431653261519,-126.07722565084381,31.7384877564126,1,1
846,0.34805165192404974,0.3679292591508882,0.357990455537469,0.008260658604435514,-125.01954300476677,31.256436842279772,1,1
847,0.41340457994472557,0.45813753478552965,0.4357710573651276,0.007915319830134132,-122.93536823904635,29.568835878439096,1,1
848,0.43746168509030525,0.4874128075835218,0.4624372463369135,0.006837679171969413,-122.83672111542907,29.047008628297842,1,1
849,0.44205827111109686,0.5074026124165514,0.4747304417638241,0.008898837822134752,-122.27653731426308,28.515724417818205,1,1
850,0.44942595119687656,0.5147714360597693,0.4820986936283229,0.008599643342720146,-121.43776240284372,27.026654272015264,1,1
851,0.44862551637656256,0.5179109385595754,0.48326822746806897,0.005845644829161186,-121.69249702240606,27.48940502966464,1,1
852,0.4558683302616311,0.5496563814079332,0.5027623558347821,0.022432883491618233,-121.99948528618134,27.726000181075975,1,1
853,0.46861700689651964,0.5513243769377776,0.5099706919171486,0.011041337358056019,-121.26890042399172,26.847325769673933,1,1
854,0.4635340622005088,0.5603803276661642,0.5119571949333365,0.012948468579702605,-121.1127670014422,27.13623801202814,1,1
855,0.46832814264565975,0.5661249603176552,0.5172265514816575,0.009906345292402642,-121.55316043801103,26.80903179113612,1,1
856,0.4735498695116596,0.5754551718041636,0.5245025206579116,0.01178717375236655,-121.15439384181356,27.428841206480335,1,1
857,0.48482332472558143,0.5893041061024277,0.5370637154140045,0.005854916525561258,-120.4593521587016,26.691922523445246,1,1
858,0.4835348775521095,0.5908358894063691,0.5371853834792393,0.007886732587116928,-120.86189631608015,26.70228037937453,1,1
859,0.48013204640931034,0.5878755962501933,0.5340038213297518,0.009956964193115059,-120.70811334453663,26.599121286778114,1,1
860,0.4816239205761131,0.5874547554962671,0.5345393380361901,0.010386044933977693,-120.62792481855146,26.46366558777527,1,1
861,0.4844107430121201,0.5879549698733865,0.5361828564427533,0.008102990924874869,-120.63404509894117,26.731877637918775,1,1
862,0.49503355624160567,0.6083948059601386,0.5517141811008721,0.005521727448550196,-120.45440813246724,26.46237076700108,1,1
863,0.49130624567269365,0.6091143177590445,0.550210281715869,0.006198351155563777,-120.69036112082723,26.494753641833714,1,1
864,0.4801071493736104,0.587350288299296,0.5337287188364532,0.0069106512532560145,-120.95501719981677,26.891587381690957,1,1
865,0.47788208277148103,0.5723016224983869,0.525091852634934,0.014472055448350136,-121.30620851730916,26.671293875862265,1,1
866,0.47726736399637315,0.5727502649374665,0.5250088144669198,0.014699431499951645,-121.13076815517721,26.73451916847629,1,1
867,0.47783821846482233,0.5734975604690067,0.5256678894669145,0.01329851640061741,-121.19371714307698,26.860955236091016,1,1
868,0.4858548702914756,0.5876778066381247,0.5367663384648002,0.013749444103004379,-120.98480991651104,27.129056396858417,1,1
869,0.4832031847759747,0.5885813607565334,0.5358922727662541,0.016603845514477536,-120.89902108819236,26.58021720918129,1,1
870,0.4858920116976074,0.5932201590708607,0.539556085384234,0.008798009687201132,-120.97983687777139,26.828621905192836,1,1
871,0.49221739687085614,0.5941439128286155,0.5431806548497358,0.0129816555299967,-120.23435855915514,27.868778312755193,1,1
872,0.4909842605222271,0.5889624613664398,0.5399733609443335,0.011571746911080396,-120.69449698538016,27.09097717356112,1,1
873,0.4901897471165973,0.5828581350076866,0.536523941062142,0.008060583983605952,-120.64129613268675,27.019112742522655,1,1
874,0.4982829227227203,0.5879196900981947,0.5431013064104575,0.00605683708858721,-120.1434294367413,26.918965051566385,1,1
875,0.5123674363946218,0.5940624004696639,0.5532149184321429,0.011233970721163953,-120.19384740176658,27.303209466567655,1,1
876,0.5061422285626727,0.5960550752677837,0.5510986519152281,0.013839871850824071,-120.96680704815357,28.678901375226133,1,1
877,0.5332371550533832,0.6156602164990863,0.5744486857762348,0.02602952965008395,-121.56263062199079,29.875974998559304,1,1
878,0.5369471998343882,0.6051965846683626,0.5710718922513753,0.017432341578990544,-121.26270736811112,30.1264058963525,1,1
879,0.5385859852504291,0.598982919891478,0.5687844525709536,0.030120761673968103,-121.69513885368461,30.70933093112996,1,1
880,0.5253997992915747,0.5899138755237401,0.5576568374076574,0.05660285381915178,-121.80414264361185,30.74514936585812,1,1
881,0.5277746014615097,0.5888412663541666,0.5583079339078381,0.030620914785326955,-121.76059623360133,30.333168010648176,1,1
882,0.512482718571769,0.5577092427124029,0.5350959806420859,0.04685179822924582,-121.23666124980218,29.730122188133002,1,1
883,0.5173765443481819,0.5447762195757109,0.5310763819619464,0.07503589292313695,-121.52004068237659,30.328922417015,1,1
884,0.4838604424093222,0.5061097566658675,0.49498509953759484,0.028748015426447893,-122.11536857488795,31.54910267882888,1,1
885,0.32955017971690165,0.3726733708318744,0.351111775274388,0.01663323302259738,-123.34773731902224,32.090300048071626,1,1
886,0.16443779226716101,0.20648648998172772,0.18546214112444437,0.018813292325045236,-123.98559502421745,33.937595335569505,0,1
887,0.09468402821738735,0.11315566694406431,0.10391984758072584,0.016385787875228205,-124.68454930910653,35.72664157489618,0,1
888,0.08895320275464368,0.10556409032394384,0.09725864653929375,0.013759139014093567,-123.51455061794323,34.56994483669629,0,1
889,0.2705491116497006,0.26233396868861464,0.2664415401691576,0.03837223645326388,-121.38477049574725,31.669439031863114,1,1
890,0.3689405305632564,0.32200833960828706,0.3454744350857717,0.033363719939970435,-120.87531158334505,31.267975741279326,1,1
891,0.4475258443907907,0.38869629550657886,0.41811106994868474,0.03253889621493003,-119.76188639198676,30.81320161154482,1,1
892,0.4777240739393199,0.4291897346130018,0.45345690427616087,0.016700375024137397,-120.4285181264883,31.117026402229904,1,1
893,0.5016858848660988,0.438963577648857,0.47032473125747787,0.04118922284982446,-120.19176506705476,30.625927420876337,1,1
894,0.5182036637706061,0.4466037894558631,0.4824037266132346,0.03927895170868779,-120.2256779743411,30.55990849321769,1,1
895,0.5271798856140366,0.4673333758334089,0.4972566307237227,0.04404513293945916,-120.428546258978,30.262103170142762,1,1
896,0.5357255207017854,0.47616992178306483,0.505947721242425,0.056216319966906333,-120.0590616521727,30.681724881612872,1,1
897,0.5459107138861246,0.4776275245356554,0.51176911921089,0.05302128602450771,-119.91472918875301,30.32813000721437,1,1
898,0.5438870535661933,0.4781637445591887,0.511025399062691,0.04754596748969179,-120.31917366917214,30.603214640519667,1,1
899,0.5346145835520959,0.46789774372104886,0.5012561636365724,0.036968267699056874,-120.59234447835847,30.49314106270458,1,1
900,0.5282581316240379,0.46016722210299105,0.49421267686351444,0.03372804516108782,-120.50988054615708,30.362051573422445,1,1
901,0.5533022089419725,0.48498740296311843,0.5191448059525454,0.047170032395298815,-120.77781581034534,29.884185660969123,1,1
902,0.5551729974381867,0.4819544858598181,0.5185637416490024,0.06652643731721052,-120.6505600675846,29.70514036575025,1,1
903,0.5589772894146802,0.4771761774923068,0.5180767334534935,0.060715222613035844,-119.36219157046652,28.81773443930982,1,1
904,0.5444604054688963,0.48782662949428934,0.5161435174815928,0.06832511319067315,-118.45448601686319,28.168170708226015,1,1
905,0.5524872312593315,0.49149483689880996,0.5219910340790708,0.061084376352053174,-118.33287738365347,27.74600659825622,1,1
906,0.5655074944724384,0.4920976437395515,0.528802569105995,0.06828408492039695,-118.84592756415863,27.60331221905073,1,1
907,0.5374469487822721,0.4525541487685754,0.49500054877542377,0.06297720923732626,-118.15026641476851,26.620814290595085,1,1
908,0.26893074912000464,0.27869510397416486,0.2738129265470848,0.04228259419232635,-117.53983874927198,26.322894620461714,1,1
909,0.33803693070034263,0.32229640520627606,0.33016666795330935,0.05809248296586614,-116.65207532782385,24.989895813959375,1,1
910,0.4567327017133867,0.40086043650727865,0.4287965691103327,0.07591153171922838,-117.94053616100062,25.74354332576616,1,1
911,0.5063325282767758,0.43871337759099616,0.47252295293388596,0.04167218623990446,-116.95781116423217,24.127283748111665,1,1
912,0.5478557903954908,0.46442508720010706,0.5061404387977989,0.035186412332194494,-117.2423999047581,24.748779800671418,1,1
913,0.5492097288265334,0.4610800909689695,0.5051449098977514,0.02376733673453294,-118.03241091344466,24.919997046104978,1,1
914,0.560267311700166,0.4730953126210134,0.5166813121605897,0.021368811760293222,-118.21013611114863,25.134908910958334,1,1
915,0.5758581951625074,0.470915097238217,0.5233866462003622,0.025478883808978156,-117.94470160562716,24.69328956392659,1,1
916,0.5733812111165566,0.47475852824421044,0.5240698696803835,0.018929212730629492,-118.24482166483212,24.66035711172657,1,1
917,0.5736242703669778,0.4733030813611827,0.5234636758640803,0.01890502084609041,-117.70808658936296,24.191283547468558,1,1
918,0.5833217900712405,0.47923899573687967,0.5312803929040602,0.01977302779394801,-117.67957403688342,24.527360608745912,1,1
919,0.588830616210087,0.4851541422595757,0.5369923792348313,0.03328929948582501,-116.59144637164287,23.644794753366487,1,1
920,0.5922830311325481,0.48794798285919544,0.5401155069958717,0.04244271496913195,-116.97800146077462,24.07049294428366,1,1
921,0.5891027506281454,0.48130305324872025,0.5352029019384328,0.04325847048685194,-117.11767387194111,24.143054740997314,1,1
922,0.5982375767302817,0.48481483835568534,0.5415262075429835,0.04759918782274235,-117.30228499768026,24.075164226537243,1,1
923,0.5927874248200229,0.48282214613856544,0.5378047854792942,0.06031891095548593,-117.20633531097799,24.152868796379167,1,1
924,0.6031110283400224,0.48305953983831224,0.5430852840891673,0.14985866842529175,-115.96648304973222,22.58534537026651,1,1
925,0.5947215239066068,0.4812203087489016,0.5379709163277542,0.20607389340669188,-117.32521611515422,23.985258499802104,1,1
926,0.6009607223352731,0.4915137525958958,0.5462372374655844,0.20432818431268657,-116.75351060978724,23.616601974318417,1,1
927,0.6032350264738312,0.4907006244114271,0.5469678254426291,0.2086638772892471,-117.21320098386178,24.234849126166544,1,1
928,0.5969206632013221,0.48228912849977557,0.5396048958505488,0.20832233212303727,-116.91640301057345,23.83009239488998,1,1
929,0.5898333598836181,0.4863163764769955,0.5380748681803068,0.08566121390441768,-117.57139968519328,24.250202917986513,1,1
930,0.6090108754493151,0.4896174947545861,0.5493141851019506,0.06225768524850161,-116.93349798027057,23.866942957665376,1,1
931,0.5951719088793114,0.47862710184654084,0.5368995053629261,0.028893462131498012,-117.48887739335404,24.261439770658978,1,1
932,0.5892959243633229,0.4699375881518674,0.5296167562575952,0.031869714689576424,-117.16120589825414,23.74618158556084,1,1
933,0.6030328671109945,0.48339828949663377,0.5432155783038142,0.028981926102247348,-117.16139804127734,23.4887326172003,1,1
934,0.6026102444325138,0.482604097586149,0.5426071710093314,0.02858095825026648,-116.65174797565338,22.985461339910792,1,1
935,0.6089394953845548,0.4814515396405665,0.5451955175125607,0.030124377560067094,-116.8122475486485,23.173007473359913,1,1
936,0.5880341214046129,0.470282823366578,0.5291584723855954,0.025581977360386754,-117.50356992056481,23.962382749060588,1,1
937,0.5746951639078514,0.4649294943794244,0.5198123291436378,0.023713576939538482,-118.04109996167921,24.697845600152334,1,1
938,0.5814834607519876,0.4705339987368865,0.5260087297444371,0.020812837679932982,-117.92594435380502,24.456115701016493,1,1
939,0.5962552392375507,0.48867733807901953,0.5424662886582852,0.024229334669803804,-118.29610655031045,24.800005034943158,1,1
940,0.589675456484906,0.4749815807579128,0.5323285186214094,0.022513179592251006,-117.60173077463132,24.16049177642223,1,1
941,0.5969683255597159,0.48397838799463205,0.540473356777174,0.021753180313942043,-118.28996836527769,24.65012362437142,1,1
942,0.6074269579138083,0.48809025778666326,0.5477586078502358,0.02206410594952565,-117.81250686149495,24.4205111643918,1,1
943,0.6059355540114294,0.4928963652160509,0.5494159596137401,0.026184842698696035,-117.67668282356676,23.86437114380267,1,1
944,0.6129167578614343,0.4930068056137632,0.5529617817375987,0.030588460340353913,-118.32538043124832,24.005302266866853,1,1
945,0.6082552344075011,0.4953465830602622,0.5518009087338817,0.02928109122554313,-118.23711990006551,24.042646212838036,1,1
946,0.6103468438155147,0.49147713282616784,0.5509119883208413,0.023209232970849265,-118.30047270436626,24.19763600847686,1,1
947,0.6130850388290655,0.5015152297513872,0.5573001342902264,0.029386368631661757,-117.50027862776442,23.635504162377966,1,1
948,0.5973570738224602,0.48106935873578766,0.5392132162791239,0.026899286248450623,-117.8436566890112,23.75608762635812,1,1
949,0.5820329888297268,0.4727434134200664,0.5273882011248966,0.04300401239741349,-118.20182535471086,23.52013158978578,1,1
950,0.5905606824399482,0.47092360865332,0.5307421455466341,0.09859566777875566,-117.1383168522863,22.600074651995318,1,1
951,0.5896743647625406,0.4744305398356719,0.5320524522991062,0.2236370230614284,-117.40938400945615,23.34087895468926,1,1
952,0.5911284053443226,0.47032744662035947,0.5307279259823411,0.26218115575420076,-116.57062361353704,23.155967594727546,1,1
953,0.5827348867119851,0.470262485561178,0.5264986861365816,0.05724141046740444,-117.05237136698776,23.162040015523672,1,1
954,0.5704182246385937,0.46301593003911024,0.516717077338852,0.027721072640311224,-117.66417947009181,23.090199848981808,1,1
955,0.5667875894206809,0.46642318418600465,0.5166053868033428,0.02178300372071583,-117.63909835555228,23.270651977821988,1,1
956,0.5666132457271739,0.4704686328885579,0.5185409393078659,0.0478506272391444,-116.82466356908157,22.07371823346311,1,1
957,0.5314593450500907,0.4329426623744236,0.48220100371225716,0.05038799832712837,-116.52667754391182,21.710567701106697,1,1
958,0.2628217517997322,0.16715153546502923,0.21498664363238074,0.02168224151231374,-118.28901594766064,24.187889984816934,0,1
959,0.2096362659956685,0.1161371263699478,0.16288669618280815,0.0295826732132338,-119.48156111396153,24.75892544768674,0,1
960,0.4401177789987357,0.32922556163161876,0.38467167031517724,0.023479231083809424,-116.64757239462888,20.585666616870554,1,1
961,0.4884215020035325,0.3855057558348015,0.436963628919167,0.04178574012973584,-116.92819797414622,21.477565183468442,1,1
962,0.504645259243781,0.3995313289922245,0.4520882941180028,0.07936399810932279,-116.79857098732165,21.07503281074693,1,1
963,0.5161297903838424,0.408832181479058,0.4624809859314502,0.08299178359408425,-116.92304862241672,21.294212608893222,1,1
964,0.5568918269782314,0.4416855036241282,0.49928866530117977,0.1253934412866587,-114.980993384345,19.87893520027121,1,1
965,0.49320501845935194,0.41528078736319557,0.4542429029112738,0.13872010592428435,-115.06786591239732,20.293898686856785,1,1
966,0.5260558846448928,0.3976241880532136,0.46184003634905324,0.1712208949498383,-113.2873596577314,19.519683917709735,1,1
967,0.6938572665677892,0.4271462785427227,0.5605017725552559,0.14578491331732996,-115.73709929328338,21.328748028399428,1,1
968,0.7022977388226158,0.3849595565369067,0.5436286476797613,0.06377535160633277,-110.26775510280352,16.20573874032669,1,1
969,0.6738864210687614,0.40221898395004585,0.5380527025094036,0.04753000851890589,-109.21377175138336,15.277975378122278,1,1
970,0.7760417983209309,0.39140095321003543,0.5837213757654831,0.04060320211369249,-106.67336294760665,12.806951592949353,1,1
971,0.8214609559024044,0.3770591468597787,0.5992600513810915,0.036743525714104316,-105.2980881125486,10.998668586450737,1,1
972,0.7669868824738219,0.35664118547311857,0.5618140339734702,0.048306951509519226,-103.56936134210883,9.416029533677781,1,1
973,0.8055895607788565,0.36953378422769306,0.5875616725032747,0.048086308426821676,-104.1670438556011,9.483648252797506,1,1
974,0.8915521298487138,0.3864863953204619,0.6390192625845879,0.34394021796705077,-103.50851182912838,9.312594406951744,1,1
975,0.9476356626583438,0.39530337315522546,0.6714695179067847,0.3635660227060083,-102.72534125895513,8.47897927143737,1,1
976,0.958036785677329,0.3975504002140219,0.6777935929456754,0.07493597732048488,-104.18318838747143,9.880338450885112,1,1
977,0.9231827670450572,0.3968341415313391,0.6600084542881981,0.06037390396815134,-103.51571341372043,8.494370617330963,1,1
978,0.9771482009765792,0.39784540524999884,0.687496803113289,0.05861994188554386,-103.8540610838793,8.71071595038758,1,1
979,0.9881752125366343,0.403213506067823,0.6956943593022287,0.16867692478941396,-105.18093554618495,9.84600692703135,1,1
980,1.054743916574625,0.40473811066015697,0.729741013617391,0.15123151852880543,-105.29802510265841,9.89889603590196,1,1
981,0.9646007827603228,0.4133169969620315,0.6889588898611771,0.25057366353613003,-103.52525521245425,8.904948113101995,1,1
982,0.9009040059730912,0.40662354918867216,0.6537637775808817,0.39847462035449455,-104.80171726676647,10.343860884636047,1,1
983,1.0081647514722487,0.4441991208532517,0.7261819361627502,0.36885028074223153,-103.26139012183347,9.259093456635659,1,1
984,1.0426803402281448,0.4369795679000306,0.7398299540640877,0.3144046267886042,-101.92121409210039,8.1166219309984,1,1
985,0.8947399475157428,0.39243727030017606,0.6435886089079594,0.19959601036209731,-102.00291318545831,8.612467864936768,1,1
986,0.8550742448086972,0.38680488160047066,0.620939563204584,0.42504252518754826,-103.61082153365413,10.341240967382431,1,1
987,0.8513072006537757,0.39898829543541453,0.6251477480445952,0.3218008545958402,-105.28671174591246,12.0378773574556,1,1
988,0.8791252798260133,0.3802747091769917,0.6296999945015025,0.29453181033140785,-104.46802702536152,11.090492540827354,1,1
989,0.8202508204465478,0.37617212842174985,0.5982114744341489,0.5321253515487924,-105.04542856069301,12.497648714820112,1,1
990,0.8867030125719804,0.3902398978020291,0.6384714551870048,0.13515344874301927,-103.97026909986663,11.020505953514782,1,1
991,0.9091632960976584,0.3983852650031718,0.6537742805504151,0.0210726869119711,-104.17445764044616,11.214815470099214,1,1
992,0.9109093936771091,0.4008784768999315,0.6558939352885202,0.016527952461818745,-105.66696412426337,11.933247812949933,1,1
993,0.9308455763235414,0.42710316840018353,0.6789743723618624,0.03416964270702259,-105.99768629404632,12.455168759543477,1,1
994,0.9479535604478989,0.42340257318815316,0.685678066818026,0.1665074331597986,-104.97127326207872,12.392888526680771,1,1
995,0.905470653556122,0.4072392516749666,0.6563549526155443,0.10983495778335654,-107.13423012401377,14.97656220242824,1,1
996,0.9086301427483457,0.41502274517870535,0.6618264439635255,0.03262673427016881,-106.76591790506208,13.602779084120572,1,1
997,0.7909433427926793,0.3967183636528127,0.593830853222746,0.048130266177701046,-108.58720125553616,16.032880166690564,1,1
998,0.6592030749317437,0.4007253063316612,0.5299641906317024,0.035773652514119174,-110.33964522030537,18.336001068338536,1,1
999,0.6600141149527766,0.4347310147029335,0.5473725648278551,0.054276877004969255,-113.73487634299649,22.610718783252775,1,1
1000,0.6007787802002272,0.43867539404877953,0.5197270871245034,0.11610561219376744,-114.65688385824511,23.31328304953184,1,1
1001,0.5751071613726801,0.4416720479951959,0.508389604683938,0.24099250758952273,-117.57992574041867,25.083082503120316,1,1
1002,0.5934384550135724,0.47654312557688366,0.534990790295228,0.08411328907268956,-117.41309356105775,24.594798128255174,1,1
1003,0.5764531070814608,0.4796350099414866,0.5280440585114737,0.06267679838555143,-118.09178024914831,25.60414997777581,1,1
1004,0.5820153328559585,0.4774218028763829,0.5297185678661707,0.04480518593697296,-119.0737944016057,26.25633331034582,1,1
1005,0.5780875312304978,0.45611948349897147,0.5171035073647346,0.07042386421889231,-118.35725578950174,25.46299192951936,1,1
1006,0.5703188334007743,0.4466181230413508,0.5084684782210626,0.07388354650219618,-117.99945227993146,24.679322947645595,1,1
1007,0.5578700708107868,0.4422952706313204,0.5000826707210536,0.08131648280586826,-115.83957600653706,23.96531321222181,1,1
1008,0.5649499667337767,0.44218239761974704,0.5035661821767619,0.0643090595612224,-116.7008987344391,24.730043584492705,1,1
1009,0.5654901805478811,0.43252286384080785,0.4990065221943445,0.06498489967750835,-116.99547541310774,24.036471598656725,1,1
1010,0.572222577160212,0.4442962027378968,0.5082593899490544,0.05340661082049771,-116.43640456153273,23.504746312751447,1,1
1011,0.5867807941016515,0.44701380898853726,0.5168973015450944,0.04307560394441069,-117.31162478369367,24.120008228858335,1,1
1012,0.5689906761220549,0.43672682506423793,0.5028587505931464,0.04201891584160062,-117.25296141111991,24.306631298513473,1,1
1013,0.5735766623197293,0.45089157063224133,0.5122341164759853,0.061718180229672216,-116.09210183054546,23.240051732833138,1,1
1014,0.5909490341182174,0.4618617875612093,0.5264054108397134,0.09985168433220555,-115.81692381433395,22.928776985567634,1,1
1015,0.5838116787212823,0.4502678259825505,0.5170397523519163,0.10345568249645354,-115.68071886166052,22.88323780269737,1,1
1016,0.5735786425682403,0.4494430885056665,0.5115108655369534,0.10717599748963692,-115.7175020893469,23.218180183916118,1,1
1017,0.591102504289566,0.4651569893159341,0.52812974680275,0.10792350762859923,-115.24338370539029,22.79064388184758,1,1
1018,0.5882699562407617,0.4711385127133043,0.5297042344770331,0.17287745858982084,-115.75493540176224,23.35686068864777,1,1
1019,0.5865317116289929,0.4563974904797717,0.5214646010543823,0.2083242237267145,-116.36293933184254,24.20472119350249,1,1
1020,0.5768846341744038,0.4512163916621018,0.5140505129182529,0.2185928287873778,-116.25015110499055,24.2004230774362,1,1
1021,0.5772052563411137,0.45455499199145716,0.5158801241662855,0.23480639014919294,-116.89749428818492,24.251659857783373,1,1
1022,0.57519322264144,0.45307623060918667,0.5141347266253133,0.21615933842277515,-117.36838991071167,24.900861791830202,1,1
1023,0.573858823472122,0.4502774805808438,0.5120681520264829,0.09285643914313986,-117.42946271058281,24.402688942570986,1,1
1024,0.5848078941878364,0.4674029490575577,0.526105421622697,0.06102064450435043,-117.25577344427012,24.253771474403926,1,1
1025,0.5835495360365568,0.4649973617137087,0.5242734488751327,0.051871285771990946,-116.63773254146369,23.596588828767203,1,1
1026,0.5819228945508027,0.4557247333614713,0.518823813956137,0.07135004353834289,-115.83351270403462,23.0626139266789,1,1
1027,0.5783141144699256,0.45436438561365977,0.5163392500417927,0.09425022588950033,-115.49931681343142,22.97002712682387,1,1
1028,0.5607864649415394,0.45331780295463836,0.5070521339480889,0.14917404839310455,-116.12641052355234,23.77888803631337,1,1
1029,0.5467720457672012,0.44262846656473687,0.494700256165969,0.16057644195687681,-115.62641566653916,23.39466878327006,1,1
1030,0.5534377791669807,0.4450339792684236,0.4992358792177021,0.19411707724716423,-116.35086671936705,23.966319128029525,1,1
1031,0.5748209844226222,0.45894732832771523,0.5168841563751687,0.23340455533644577,-115.08914733012858,22.837562437637594,1,1
1032,0.5740732043677944,0.4507959136751619,0.5124345590214782,0.21588734965331516,-114.00892044637988,22.42891027452433,1,1
1033,0.5311351477193477,0.4209247060980189,0.4760299269086833,0.13971600992244285,-115.32620346032651,23.956934410885527,1,1
1034,0.5826077934052079,0.4047432285120443,0.49367551095862605,0.11681296051585337,-115.52484948876516,24.410037245821535,1,1
1035,0.5999374855622771,0.4055969538116715,0.5027672196869744,0.12334041597684735,-114.18186596706079,23.22767465583713,1,1
1036,0.5886136931053854,0.38948695999036514,0.4890503265478753,0.10717132880198334,-112.757761088241,22.638704143721213,1,1
1037,0.6498481609567678,0.40388097265289974,0.5268645668048337,0.1171039219307163,-111.87980695932279,21.58339874350147,1,1
1038,0.6661571504700174,0.4026191219689366,0.534388136219477,0.13670658426677204,-110.28853322645374,20.2917535704725,1,1
1039,0.6787842477885081,0.38273966430103146,0.5307619560447698,0.11969116783622577,-112.42080066849759,21.82858910788064,1,1
1040,0.676226240446367,0.3800001104782415,0.5281131754623043,0.10487261406421443,-111.49271642859061,20.88791441983796,1,1
1041,0.6222726690619084,0.35990016067756797,0.49108641486973814,0.12678797185395052,-110.61634456231796,20.18611284641437,1,1
1042,0.6294892970017847,0.3504356212033324,0.48996245910255853,0.126214423888959,-110.14004495472388,19.929993472207265,1,1
1043,0.6556482907379663,0.37755240444462246,0.5166003475912944,0.1714141030027927,-110.26881987579738,19.896455097627744,1,1
1044,0.6602022861499512,0.369694724462579,0.5149485053062651,0.1825212431145713,-110.7409621253696,20.221947416863934,1,1
1045,0.6243411599256004,0.34710180458448775,0.4857214822550441,0.12316426256273075,-109.96985135897798,19.54822851504407,1,1
1046,0.6511605347588378,0.3368571648676208,0.49400884981322934,0.1774906789440112,-110.592682608964,19.853508025685326,1,1
1047,0.6284711272128994,0.3379837630899779,0.4832274451514387,0.17560502036628092,-108.95550799994469,19.010934068406716,1,1
1048,0.6547215261584998,0.3562008895874642,0.505461207872982,0.20962572266888316,-108.80804243791984,18.741717340150775,1,1
1049,0.5993437317222474,0.3386503870087976,0.4689970593655225,0.20575948854764345,-109.65615374817209,19.36090209644694,1,1
1050,0.6021888013138963,0.3502324076431545,0.47621060447852537,0.24493777631796568,-110.20348969311893,19.89894249801619,1,1
1051,0.6206555812439647,0.3655415159997272,0.49309854862184593,0.21078052787812881,-111.30750122015841,20.589024354789636,1,1
1052,0.5880415720806856,0.3373910366623625,0.46271630437152406,0.23508377003564615,-111.76854055328421,20.85969660317758,1,1
1053,0.5971682267835035,0.31691013411898494,0.4570391804512442,0.22960967337828822,-112.00756311314247,20.670418435571413,1,1
1054,0.617539118239763,0.3605561867600922,0.48904765249992765,0.24692098918283548,-112.4618481527933,21.637508473020706,1,1
1055,0.6465711623725409,0.35160929228260246,0.4990902273275717,0.35741833566536135,-111.86479330668973,20.36961263421955,1,1
1056,0.6270380616552279,0.3575019767719752,0.4922700192136016,0.3244925819855464,-113.82237964716333,21.84329168424275,1,1
1057,0.5767290724259467,0.35516868353068165,0.4659488779783142,0.3029318586401155,-113.02886163414595,21.695811657213444,1,1
1058,0.5729079104510351,0.37556792274075496,0.474237916595895,0.2725926638726116,-113.85337780184533,22.747372005480624,1,1
1059,0.41928688120389135,0.28855240989693715,0.3539196455504142,0.11031647959187563,-116.63758066675655,24.88971385043333,1,1
1060,0.2629558820805421,0.16776569692285156,0.21536078950169685,0.04473459249858314,-120.31231515406883,28.377934115592527,0,1
1061,0.16038983447537958,0.07365185186026849,0.11702084316782403,0.022306921089336466,-121.21030221200722,28.553699034840903,0,1
1062,0.2430896145931755,0.1246370032068918,0.18386330890003366,0.019577520553307855,-120.85968279923355,27.857975771404107,0,1
1063,0.4227943230376165,0.31259901946528945,0.367696671251453,0.03112520783079187,-119.15304022483113,25.714593420479773,1,1
1064,0.4866893083365602,0.364120822452319,0.4254050653944396,0.1605902928321146,-119.1431256510695,25.76676625213691,1,1
1065,0.5097178428102112,0.40425740024688744,0.4569876215285493,0.20812453272046308,-120.09130302994576,26.823070683989787,1,1
1066,0.5157229220939671,0.41949875973415773,0.4676108409140624,0.11694026824600899,-120.5657438813701,26.947910642650793,1,1
1067,0.5058099588492526,0.42538883879003053,0.4655993988196416,0.039834856742124516,-119.01580707433449,26.089449393716198,1,1
1068,0.5328214481713016,0.4363091484490295,0.4845652983101656,0.026019904931187252,-119.11501721309779,26.617922352372194,1,1
1069,0.5292173978234053,0.44234786044067226,0.48578262913203873,0.04125262970605029,-118.51280152427634,26.898850041271224,1,1
1070,0.49972836123757797,0.43424409557986954,0.4669862284087237,0.06545614227792543,-118.64104422464284,27.093229926464154,1,1
1071,0.5239264575917532,0.44242708824225047,0.4831767729170018,0.078648765261628,-119.19013937633594,27.737961067574236,1,1
1072,0.5055637367411642,0.4409111332053737,0.4732374349732689,0.037473843436116316,-119.22478796596833,27.094648079575872,1,1
1073,0.508411059257958,0.4336954610981938,0.4710532601780759,0.04218038493839849,-120.37876259406801,28.544441357946567,1,1
1074,0.4910572587465418,0.42835033682285933,0.4597037977847006,0.03535348843023086,-120.58385976018585,28.987424568635266,1,1
1075,0.46702136996779076,0.4113574432113048,0.43918940658954775,0.01889937024901111,-122.02678826489446,29.642239183056024,1,1
1076,0.4671224247259424,0.38536891587337685,0.42624567029965965,0.016954632036141722,-122.36268658836526,30.02738895500023,1,1
1077,0.4624841064624794,0.3712745864479955,0.41687934645523744,0.019376658514259258,-124.39177446436813,31.51242445104399,1,1
1078,0.47412606275279356,0.3975313947508884,0.435828728751841,0.02123142520279311,-124.71631982869974,32.02067923664616,1,1
1079,0.4628335291843339,0.398882448949713,0.43085798906702344,0.05176438895287872,-122.42739510247932,30.08364667729243,1,1
1080,0.4669479254606012,0.40835836827604166,0.43765314686832146,0.046686588217455256,-122.43864132304294,31.059494223777993,1,1
1081,0.48029194836864086,0.4442467481807664,0.4622693482747037,0.08143057444981237,-122.47869607068381,31.128872997212536,1,1
1082,0.47024115003305916,0.43532071308839454,0.45278093156072685,0.07154015684607286,-123.2135690612937,32.04225569104394,1,1
1083,0.46404220293685366,0.42812938974741777,0.44608579634213574,0.022706978576873916,-123.83763681329872,31.89343332396936,1,1
1084,0.4498768755670024,0.42287061110737123,0.4363737433371868,0.020080300810373604,-124.33430274761344,31.310891811706032,1,1
1085,0.44311291641499145,0.4242699523727925,0.433691434393892,0.022638827577901297,-124.47200123188945,31.38416770523186,1,1
1086,0.4414794677898888,0.4205131916329647,0.43099632971142676,0.04386263174406682,-124.61424028844135,31.04591721783333,1,1
1087,0.4313484519733546,0.4079123036109501,0.41963037779215234,0.07443307559134857,-124.46187678799217,31.209466046584406,1,1
1088,0.43502998868140863,0.40789240095649154,0.42146119481895006,0.11804603499382424,-124.19560403094569,31.07051523706393,1,1
1089,0.4414519659441752,0.4165772949005985,0.42901463042238686,0.1288118176122233,-124.03232816353193,31.060694850022006,1,1
1090,0.44865172540065545,0.4250537859028784,0.43685275565176696,0.08783066641729141,-124.37766542211857,31.029609444451,1,1
1091,0.44152088316195315,0.4261727117522296,0.43384679745709137,0.015610515286687773,-125.15862161493266,31.218395456865103,1,1
1092,0.4430617212320912,0.42386025390923754,0.43346098757066437,0.022293189884574648,-125.47535173661112,31.38638242205527,1,1
1093,0.4427275191768078,0.42248642195352826,0.43260697056516806,0.03311495912952195,-125.10376648524077,31.930476028823914,1,1
1094,0.43898165552544016,0.4156624030055319,0.427322029265486,0.046597764753471466,-124.93806744523103,31.75222203552811,1,1
1095,0.44426183152644877,0.414465662425323,0.42936374697588586,0.023878050263212026,-124.11791225481286,30.98711434106048,1,1
1096,0.446385836948726,0.425053658081644,0.43571974751518505,0.018991540605305002,-123.88143900195273,30.88488547293879,1,1
1097,0.4478707931328995,0.42953464331832647,0.438702718225613,0.008716612689082753,-123.64288649955321,30.28632358403988,1,1
1098,0.4413851910657567,0.4193446958468925,0.4303649434563246,0.010937720085540226,-123.90502753600909,30.739066202702055,1,1
1099,0.44164314186949727,0.42265292261929194,0.4321480322443946,0.01267516533764765,-123.81035502936791,30.73796073028508,1,1
1100,0.4422637372445469,0.41322489987424893,0.4277443185593979,0.021184459742122838,-123.85981675140728,31.248177690994737,1,1
1101,0.43937129666986685,0.4166824301070758,0.4280268633884713,0.03716181200993304,-123.67726196682092,30.90805643429335,1,1
1102,0.4395444793782657,0.41237174390092357,0.4259581116395946,0.038138552854788905,-123.41566128887526,30.785097117835043,1,1
1103,0.43517673302520543,0.4108283624408491,0.42300254773302726,0.0354634374129374,-123.74544755520472,31.033927682109802,1,1
1104,0.43444383395242847,0.40752462263537165,0.42098422829390003,0.04379705597861682,-123.51398071865042,30.893120434221917,1,1
1105,0.4267136822897995,0.4168778185111541,0.4217957504004768,0.02237321001347483,-123.00602660100081,30.340452298573712,1,1
1106,0.4347907394551015,0.4170726199281163,0.4259316796916089,0.021945981224173433,-123.33862694604726,31.02742932714339,1,1
1107,0.42901325876001256,0.41486633514864957,0.42193979695433104,0.025957135765363244,-123.12094996787268,30.828694955450082,1,1
1108,0.4277985962537209,0.4170235542567432,0.422411075255232,0.022419505292620108,-122.85963723338097,30.41465701132165,1,1
1109,0.4342104220734439,0.41833093138165983,0.42627067672755187,0.018322508476707272,-122.98412749457376,30.39013461620602,1,1
1110,0.435846323357202,0.4193754666104119,0.427610894983807,0.01967383922812136,-122.88658556989387,30.717425137166128,1,1
1111,0.4404342709473562,0.4184018537292457,0.42941806233830093,0.01869871328463789,-123.00025247966857,30.81372663181969,1,1
1112,0.4372150602521152,0.41832975617183515,0.42777240821197515,0.017892714417552975,-122.98053680647732,30.615918991978578,1,1
1113,0.4404997063990418,0.41799922972473913,0.42924946806189046,0.016192518631735764,-122.90093339038548,30.66144030125676,1,1
1114,0.43502375330310106,0.4142137183526802,0.42461873582789067,0.018261467931767517,-123.10633039228762,30.857910104901787,1,1
1115,0.4345438365427859,0.4163203688778599,0.4254321027103229,0.017952660179862568,-123.35492855582476,31.424710172717873,1,1
1116,0.41680806635083606,0.39741102309504417,0.40710954472294014,0.01622769051360592,-123.93759061738601,32.09671488554596,1,1
1117,0.3356574191310017,0.3330930633268352,0.3343752412289185,0.011193379539033477,-123.59826946739307,32.03823790632782,1,1
1118,0.17944557305881365,0.17476390881757217,0.1771047409381929,0.011155075669062842,-122.88549154315915,31.97122069538764,0,1
1119,0.11169782087162582,0.07904185080344153,0.09536983583753367,0.011366965309677377,-124.21222500872577,34.05788031554316,0,1
1120,0.11089410088425616,0.0687944066393474,0.08984425376180177,0.01773776160458729,-122.36180239568871,32.2107321521862,0,1
1121,0.25409528779577045,0.13559376479893304,0.19484452629735174,0.011467213041278467,-122.15180613743253,31.892638532278593,0,1
1122,0.34205209910326445,0.2958200662788779,0.3189360826910712,0.013700375768163818,-120.16823123371678,30.17045738628897,1,1
1123,0.4156655215679709,0.3693066699458993,0.39248609575693505,0.017806067142157614,-120.33025470321645,31.19207320813491,1,1
1124,0.42035916947298435,0.36973781852070814,0.3950484939968463,0.025496388765316985,-119.34183024211295,30.710944550450886,1,1
1125,0.43144705530024885,0.3776282142877999,0.4045376347940244,0.03095179223843906,-118.30523775095486,29.724902760589078,1,1
1126,0.4553414897839856,0.3854648431203911,0.42040316645218834,0.010873662035593661,-117.32059334650305,29.138375077194848,1,1
1127,0.4672663050671359,0.40204714953429777,0.4346567273007168,0.00875432248904445,-116.90214725182899,29.13949243899846,1,1
1128,0.483825425723217,0.4052271378957124,0.44452628180946474,0.010922348518398413,-117.0476783602913,29.344153647322184,1,1
1129,0.5136014267044264,0.4283725343222927,0.4709869805133596,0.011319513979153132,-116.05740384781531,28.364458881059765,1,1
1130,0.5424340945197266,0.4404339980199504,0.4914340462698385,0.011722760497933212,-115.6194377083427,27.79556256989438,1,1
1131,0.5327014818051299,0.42950631087803204,0.48110389634158096,0.013141456191069349,-115.77013758567892,28.19700184044701,1,1
1132,0.570785187822153,0.45954585639635426,0.5151655221092537,0.016734940171392848,-114.80652053329186,26.989361003015986,1,1
1133,0.5625027373707162,0.4310607744762118,0.496781755923464,0.01760404377486736,-114.04795326917618,26.528919721127576,1,1
1134,0.5299960472000277,0.40534926805292604,0.46767265762647686,0.01884753134124319,-114.49860620858882,26.096311783885582,1,1
1135,0.5279148946799489,0.36066748906906915,0.44429119187450905,0.012316208724598232,-114.59104302248758,25.917685340758876,1,1
1136,0.4988276717635568,0.3514419605364315,0.42513481614999415,0.021835730762764998,-115.0758136046653,27.63451127700979,1,1
1137,0.5128220821020985,0.34801214969371697,0.4304171158979077,0.045522496950307904,-112.78373062972267,25.17431391478204,1,1
1138,0.5420489886506561,0.3612561699844784,0.45165257931756725,0.07044474295076701,-111.82321906819185,23.843144436155033,1,1
1139,0.5450009314924925,0.3454347368028451,0.4452178341476688,0.05081675749978416,-111.6397520641838,23.713955997559925,1,1
1140,0.6040256608303672,0.36083633845702484,0.48243099964369607,0.07001758980660544,-109.81905429264543,22.309628663454074,1,1
1141,0.6155571455412612,0.35801240224651637,0.48678477389388874,0.05184147212705615,-109.5347112148956,21.552701648626815,1,1
1142,0.6024506139986718,0.3677779751668464,0.4851142945827591,0.06122833702991486,-111.00106675738118,22.553626018127993,1,1
1143,0.5971277975810593,0.3652190111859519,0.4811734043835056,0.05142580734231095,-111.51784982161138,22.900836548785968,1,1
1144,0.6190734310281003,0.3699844829180383,0.4945289569730693,0.07159481173410268,-110.75195434251938,22.19028817211603,1,1
1145,0.6000788734038432,0.36351487523252035,0.4817968743181818,0.058786818278293074,-110.27761711331196,22.214448855129973,1,1
1146,0.5932589884076768,0.3645435360998459,0.47890126225376134,0.060902593584532615,-111.66386575327984,23.488945809612993,1,1
1147,0.6020930030223561,0.3443074970488172,0.47320025003558663,0.05492887202795477,-110.6242515352071,22.339660460943005,1,1
1148,0.6125829480416536,0.36178159762744766,0.4871822728345506,0.057796070380575264,-111.7013894248009,23.154406277210057,1,1
1149,0.5802093591140646,0.36301795232588,0.47161365571997227,0.21702885906338068,-110.46935065457815,21.70789041659132,1,1
1150,0.4520015113057452,0.2874739279746338,0.3697377196401895,0.24511158236848155,-112.3642176596028,23.691202536449925,1,1
1151,0.3140659352303886,0.19586171444374129,0.2549638248370649,0.19959486625788697,-114.43364678545485,25.801486378776378,0,1
1152,0.17514698679704158,0.07864322456220887,0.12689510567962523,0.23292500254615675,-119.94849154476712,30.822887748107416,0,1
1153,0.19869976762364053,0.0926656342155169,0.14568270091957872,0.1454713077979335,-117.14066792725704,27.992883674216845,0,1
1154,0.21933715222131872,0.13133854340329745,0.1753378478123081,0.04173876239100022,-118.35232900278415,27.71198695372267,0,1
1155,0.387252669184928,0.31692726735370924,0.3520899682693186,0.03885542648146179,-117.17956083746928,25.726416751280873,1,1
1156,0.4176956632754801,0.34187270114652224,0.3797841822110012,0.02705263059804349,-117.66592202711992,26.00096636813147,1,1
1157,0.4499000649432432,0.36182378636578366,0.4058619256545134,0.04833850952477436,-116.66210586515217,25.267092108083148,1,1
1158,0.4851353910017952,0.3780704494251373,0.43160292021346625,0.11750886204534366,-117.81297197376455,26.09234650014238,1,1
1159,0.4992257765151255,0.382756035533351,0.4409909060242383,0.20878960866188953,-117.68551226561821,26.059834888950093,1,1
1160,0.5111826179677561,0.3833180131048693,0.44725031553631267,0.2487705084395615,-117.31167282755251,25.542590036698858,1,1
1161,0.5113288684280993,0.39085749978815465,0.451093184108127,0.24575981694734406,-118.46936179247965,26.872429376297365,1,1
1162,0.5173619242743017,0.40071965105057195,0.45904078766243683,0.2276673386395642,-118.60253443645556,26.78501622726488,1,1
1163,0.5242057572356392,0.3965237915147784,0.46036477437520884,0.03732696593957658,-116.96281160810396,25.967061803818318,1,1
1164,0.5200575415919629,0.3972167412989118,0.4586371414454374,0.021636977697963442,-117.6145395105104,26.64260457522134,1,1
1165,0.5415744514835397,0.4206400610480871,0.4811072562658134,0.023713440815312885,-115.77786139198203,25.076367953357177,1,1
1166,0.5131822662633412,0.4011453783966729,0.4571638223300071,0.034518799665242406,-116.58465581641735,25.85561217576805,1,1
1167,0.5191596363866668,0.4058787814593082,0.46251920892298753,0.0333061700604311,-116.27458186349224,25.340338338994776,1,1
1168,0.49701978118674467,0.4068129085988709,0.4519163448928078,0.039437105047726566,-115.49033775292055,24.147395175257646,1,1
1169,0.4890996682252907,0.3942945133403298,0.4416970907828103,0.033665186378426686,-116.14375235473457,24.955880194296416,1,1
1170,0.506525933851606,0.4014022837923298,0.4539641088219679,0.051538747588685395,-118.69539102432067,27.172172392136897,1,1
1171,0.5226056771814669,0.4063633124181796,0.46448449479982323,0.0406134623997389,-118.86326850661946,27.516786736438856,1,1
1172,0.5454739757156547,0.4444734824961256,0.49497372910589016,0.02157001379520918,-121.106724015889,29.075818995575823,1,1
1173,0.5458405692041306,0.45207808361947965,0.4989593264118051,0.018986337866802552,-120.0961968278723,27.89187735867204,1,1
1174,0.5378618804011932,0.45037760133665306,0.49411974086892313,0.0343837959438582,-120.88995476393882,28.26852361649064,1,1
1175,0.5327741579830947,0.45841652343286543,0.49559534070798006,0.015114063557168381,-121.13682593955431,28.406475082895778,1,1
1176,0.5120975633238392,0.45453836872923875,0.483317966026539,0.014678881127262218,-121.99479039516626,29.482969702578952,1,1
1177,0.5416285308388277,0.46733723060250576,0.5044828807206667,0.022366187720440005,-121.39939137181055,29.065143952044597,1,1
1178,0.532952379964165,0.4542090007843128,0.4935806903742389,0.05126407141004383,-121.36235014373146,29.150880950013715,1,1
1179,0.5503661658293247,0.4621233119953061,0.5062447389123155,0.07011395439877653,-121.8915964599677,29.93385366877023,1,1
1180,0.546711352888971,0.46922627177767356,0.5079688123333223,0.04677982997756658,-122.26981195999976,30.78741182544641,1,1
1181,0.5028887864903389,0.4452054727828668,0.47404712963660284,0.021372268395083275,-123.5564821144625,31.35486103338316,1,1
1182,0.43303226714675647,0.38536639872437245,0.40919933293556443,0.008718020886669259,-123.59161254939686,30.76747256661795,1,1
1183,0.3041221991914409,0.29485084378862414,0.2994865214900325,0.00850924194466405,-122.4542205115402,29.074431703473977,1,1
1184,0.05858459254351945,0.10039711145300065,0.07949085199826005,0.013234196190588606,-124.48293977620006,32.68013132938118,0,1
1185,0.04764086345580786,0.0755332234210353,0.061587043438421585,0.04938819596779092,-124.27805481516188,32.186408494498195,0,1
1186,0.19281510482067224,0.17663633187552422,0.18472571834809823,0.011237631175769562,-124.73032259015406,30.911574168708814,0,1
1187,0.3321048866178922,0.35288722118529076,0.3424960539015915,0.03653877997358423,-122.75830544959933,29.655831617887543,1,1
1188,0.35022952176594646,0.4198620773787384,0.3850457995723424,0.0270047511801711,-122.9987993432312,29.5619598869075,1,1
1189,0.42365604480590546,0.4750920058441856,0.44937402532504556,0.0551751080510674,-121.34480602975911,27.8214432051379,1,1
1190,0.4196824900619651,0.49376273228713713,0.45672261117455115,0.07358820277438317,-121.92793820832792,27.40051664396497,1,1
1191,0.42659341848127025,0.5145539679274893,0.4705736932043798,0.10788505967752351,-121.40856011396939,27.35257536320861,1,1
1192,0.45735164869524675,0.526465809393116,0.49190872904418137,0.049032142699850456,-120.35894897976495,25.84203633282126,1,1
1193,0.45246906713708657,0.5307257372830521,0.4915974022100693,0.0190028050194245,-121.6874787009544,26.086563678591773,1,1
1194,0.4524080080863932,0.5445950376227826,0.49850152285458793,0.019756347352742693,-121.19219284297847,26.584718182403346,1,1
1195,0.45737592310652303,0.5538709752168016,0.5056234491616624,0.033158871794709,-120.5489163054662,25.73284744794141,1,1
1196,0.4654677134555312,0.577617883394551,0.5215427984250411,0.07861469889779157,-120.87492172804274,25.67714420030246,1,1
1197,0.4723637006173756,0.588272935328727,0.5303183179730513,0.1808485178154483,-121.03501681140065,25.663788004249618,1,1
1198,0.47120454654689475,0.5878264895589072,0.529515518052901,0.24025032982757683,-121.0727172567141,25.58174426633882,1,1
1199,0.4691058566458652,0.5775655927638562,0.5233357247048607,0.19367715313114356,-121.18893984520615,25.65943014388196,1,1
1200,0.46953599502146304,0.5784739493142401,0.5240049721678516,0.2096977988422904,-121.0371619028182,25.46052311793389,1,1
1201,0.4854172297649198,0.6015356300898494,0.5434764299273847,0.20561732007802874,-121.56162230560233,24.87085911985634,1,1
1202,0.48711081876292595,0.6064169692928968,0.5467638940279114,0.16690933505418581,-121.45115507615809,25.100928335080802,1,1
1203,0.48137078044432635,0.5992146104364575,0.5402926954403919,0.1542615466501244,-121.65134265910635,25.14370191591121,1,1
1204,0.4791454776350243,0.5909600083906826,0.5350527430128534,0.11826317110124215,-120.93358549340923,24.542751590558193,1,1
1205,0.4827717660864408,0.5932283069801393,0.53800003653329,0.09289714492075035,-121.05878323187653,24.721294256162096,1,1
1206,0.48285941796019727,0.5926650033550669,0.5377622106576321,0.09449712062595957,-121.24476051264087,24.785511764352023,1,1
1207,0.4831679704898082,0.5923270925439122,0.5377475315168603,0.0974734223687408,-121.09785363481765,24.979896872613825,1,1
1208,0.4836256500470582,0.5953411499726825,0.5394834000098704,0.10274380657040987,-121.20958194797637,24.973580084468246,1,1
