frame_num,left_ear,right_ear,ear,mar,phi,theta,label,valid
1,0.43298649880318374,0.3803725844372939,0.4066795416202388,0.12842612899319106,-133.60342634023377,22.71361079290592,1,1
2,0.4312087109279269,0.37955896284371854,0.4053838368858227,0.11388763037542943,-133.67843291181302,22.662741916788637,1,1
3,0.42058233601377987,0.38189467494792356,0.4012385054808517,0.12252393984514193,-133.16403263979578,22.292956671089225,1,1
4,0.40635130465226577,0.38122824172902625,0.393789773190646,0.12046717477816411,-132.6744855479612,21.94253766153668,1,1
5,0.4268618324352164,0.39641098944122105,0.41163641093821873,0.1364961967614206,-132.33852925047205,21.358480231954744,1,1
6,0.4335161857381844,0.40177040769311767,0.41764329671565104,0.12720513056837277,-132.53525237142907,21.75970083741535,1,1
7,0.4283116278307244,0.3988424520458313,0.4135770399382779,0.12369196815689443,-132.52237157467943,21.741390634617943,1,1
8,0.42744667320714574,0.4014547078659792,0.41445069053656247,0.125388564271102,-132.32174927262906,21.502779009959788,1,1
9,0.42740110560849365,0.40538846007436236,0.416394782841428,0.12489535647739601,-132.45157887688111,21.819070740634732,1,1
10,0.42626156465908616,0.4047970198749385,0.4155292922670123,0.1294066333899239,-132.45925258677988,21.757925610244946,1,1
11,0.4257197433074681,0.4041259916713952,0.41492286748943163,0.13320790800004625,-132.29031399676728,21.649413632594662,1,1
12,0.4412970613887928,0.40727200830636745,0.4242845348475801,0.12441018338374946,-132.3084405474914,21.756498063508023,1,1
13,0.41987851689273203,0.39339458094054097,0.4066365489166365,0.11770251096516682,-132.6563753660466,22.025659243580144,1,1
14,0.439268511653465,0.40938714107989566,0.4243278263666803,0.12782079865264925,-132.18409764407497,21.86906228250037,1,1
15,0.438207450438005,0.41119218996787543,0.4246998202029402,0.13456404559648655,-131.98985343897118,21.674635540348334,1,1
16,0.4371421240725743,0.4161958836689597,0.426669003870767,0.128851506742916,-131.99988266284916,21.558484179444587,1,1
17,0.42992804217163455,0.41032266214456153,0.42012535215809804,0.12633361272186705,-132.28597430891017,21.700812730276358,1,1
18,0.43078902212296755,0.4088927582026662,0.4198408901628169,0.12102142330402486,-132.2990832735221,21.822251853476576,1,1
19,0.4296459017940384,0.4106013288850272,0.4201236153395328,0.12041205416417065,-132.55342253056523,21.937238309212542,1,1
20,0.43005011145907646,0.4077863305056039,0.4189182209823402,0.13019820196200368,-132.3081019930479,21.74576664134005,1,1
21,0.4270283162048178,0.4099615029357764,0.4184949095702971,0.12577527882014658,-132.0595042594951,21.479339888810486,1,1
22,0.4217784827547307,0.39213878002018887,0.4069586313874598,0.1263462937988914,-131.98041857699826,21.410210578887895,1,1
23,0.4383617191711336,0.4074299075344154,0.4228958133527745,0.12953257431080456,-132.09271625464024,21.656081542744825,1,1
24,0.4336195542925522,0.4073810963200764,0.4205003253063143,0.12928320822485465,-132.2071235865704,21.791007884473526,1,1
25,0.43426368567145784,0.40718400956310735,0.4207238476172826,0.1305065899093898,-132.21222334169303,21.553961540663742,1,1
26,0.4341289952298821,0.39761111484963246,0.41587005503975727,0.13413521881548715,-132.39754071687335,21.563379353953188,1,1
27,0.4337910933443121,0.39537408549986497,0.41458258942208853,0.12109601106852942,-132.8170120228932,21.862111737399097,1,1
28,0.43981607686869983,0.39975822187839655,0.4197871493735482,0.12614946124227203,-132.26114696888877,21.5689706164659,1,1
29,0.440647573945128,0.4042956069810719,0.42247159046309996,0.12565908172659473,-132.6272574239812,21.861464754354426,1,1
30,0.4392038058635234,0.4046199998456589,0.4219119028545911,0.13029382129701253,-132.19902322064,21.57858526830799,1,1
31,0.438307432806986,0.40465711340693555,0.42148227310696074,0.1281644276204321,-132.26230591479373,21.64845044174792,1,1
32,0.43668798135259596,0.40241058293141185,0.41954928214200393,0.13214368649799227,-132.11813326043398,21.68747899419553,1,1
33,0.4306231015499847,0.39283328228145575,0.4117281919157202,0.13735164225088947,-132.26320099007768,21.684153997101046,1,1
34,0.439719965744422,0.40353979274590834,0.42162987924516515,0.14256881953636485,-132.25976263690356,21.696457493610634,1,1
35,0.43594009600518957,0.400316970994885,0.4181285335000373,0.13680009641477728,-131.83665194377994,21.4734815370686,1,1
36,0.4540971490507615,0.41736193588272014,0.4357295424667408,0.1398854979420573,-131.653358314163,21.442799495996542,1,1
37,0.44751361161055403,0.41217818821007246,0.42984589991031324,0.13659522286301257,-132.24892257751853,21.937734957688704,1,1
38,0.4423649656102142,0.4091567707227932,0.4257608681665037,0.13803108045617682,-132.0343737264592,21.59892867440195,1,1
39,0.42935844750532404,0.386447103064955,0.4079027752851395,0.1292500791094202,-132.98483691604005,22.5575159539074,1,1
40,0.43292362346573904,0.387225043096567,0.41007433328115306,0.13345402899882144,-133.00920087781643,22.747365879018833,1,1
41,0.4252690591415222,0.38428265891023905,0.40477585902588065,0.11050766240893434,-133.11224430903368,22.761737405249345,1,1
42,0.4293169021424118,0.38206787575951484,0.4056923889509633,0.13035394042944592,-133.3640646953435,22.88430602064803,1,1
43,0.438010116429648,0.3889874620623356,0.4134987892459918,0.12115225057764897,-132.86865771633882,22.583457494793628,1,1
44,0.4380850082950886,0.40019789823004226,0.41914145326256547,0.1361643604809249,-132.51533632325217,22.329996366858346,1,1
45,0.4332589206101282,0.3996835493635689,0.41647123498684857,0.1448924754332111,-131.91145254941569,21.75731575279411,1,1
46,0.4327817810434529,0.40286362935300324,0.41782270519822806,0.13623933542218825,-132.4089383170036,22.112887020650053,1,1
47,0.42566810233460717,0.3994668513421482,0.4125674768383777,0.13040549272265284,-132.20812423632103,22.102420165723473,1,1
48,0.42807163325009184,0.3958192988457957,0.4119454660479438,0.13089275845396278,-132.5753701722331,22.46396511072055,1,1
49,0.42366198706956343,0.39576697061066984,0.40971447884011664,0.12669620817997046,-131.4865289151957,21.076623273894363,1,1
50,0.42113157542279905,0.3923781864612263,0.4067548809420127,0.12127647345459,-131.6919281119026,21.375383631214305,1,1
51,0.3999023538772153,0.37090109288601775,0.3854017233816165,0.11190559786988369,-131.93861086209313,21.31836749643109,1,1
52,0.34957081051769917,0.31421751954240296,0.3318941650300511,0.11510956405812237,-132.83167343947085,22.08050696558158,1,1
53,0.3670392041627161,0.3404427176061979,0.353740960884457,0.11561971665031885,-132.7859961004803,22.006123861063955,1,1
54,0.3813258024266831,0.3496608792416931,0.3654933408341881,0.11678826854341583,-132.58399074719497,21.877422319791012,1,1
55,0.3819354658706517,0.345470268443549,0.3637028671571003,0.12036200696151225,-133.15627880313852,22.615702571232696,1,1
56,0.19199262875057826,0.17938153271279175,0.185687080731685,0.1290764670874651,-135.75280735040462,25.21180189496205,0,1
57,0.030442101913729765,0.05195134210264096,0.04119672200818536,0.12367835976648212,-137.75406910395952,27.781468168019007,0,1
58,0.03384743002429348,0.04362471894465148,0.038736074484472485,0.11422035227910686,-136.71977740436762,26.555877183875584,0,1
59,0.08757743579167701,0.08631893166543934,0.08694818372855817,0.11047535117236212,-133.19106070040328,22.820734223921818,0,1
60,0.2876167779486358,0.28977747654795377,0.28869712724829477,0.1325011807788046,-131.56022014098312,20.346216446744815,1,1
61,0.3621241642661441,0.34301954775248267,0.3525718560093134,0.14347775265969356,-131.82975488588187,21.065861721071855,1,1
62,0.37833420019804404,0.35200945840164544,0.3651718292998447,0.15974914366738643,-131.6327767097636,21.183202920390286,1,1
63,0.42342496491657544,0.386927208369667,0.4051760866431212,0.12988382083611738,-132.0643935251471,21.475177981469685,1,1
64,0.41944291455581956,0.3856077881145263,0.4025253513351729,0.11741263086815494,-132.1482571136391,21.888834537270032,1,1
65,0.4497343641403331,0.40525823553277757,0.42749629983655535,0.15028804925870165,-131.80446814189193,21.730377546689795,1,1
66,0.45806088934673217,0.42105382064856006,0.43955735499764614,0.14479831705435803,-131.46422125615553,21.40728936390081,1,1
67,0.48149209815715227,0.4372166304183229,0.45935436428773757,0.14996612845135113,-131.48518594908685,21.53933064643615,1,1
68,0.4963921577552601,0.44859187839021447,0.4724920180727373,0.12159502643574295,-131.77962287661992,21.55209074728915,1,1
69,0.4936790250763683,0.44794909342344813,0.4708140592499082,0.1196930607090723,-133.30499692683523,22.36914680622104,1,1
70,0.4916675712675907,0.4452667918261519,0.4684671815468713,0.11557413688779451,-132.99868203475668,22.04507020631403,1,1
71,0.48438088282033404,0.4238718055176582,0.4541263441689961,0.1409576124279869,-132.9892375582804,21.394941789128566,1,1
72,0.4961648420230567,0.4232554051703437,0.4597101235967002,0.11098802756010549,-134.1184175351937,22.338563451240585,1,1
73,0.49798886284490024,0.416496488039184,0.4572426754420421,0.0804059970303759,-134.89863550276056,22.70555863414974,1,1
74,0.5108150058098482,0.42742833728211677,0.4691216715459825,0.09699168343440273,-135.76590150130463,23.654580242943688,1,1
75,0.5123854661872339,0.42615582977921884,0.4692706479832264,0.0947613274576211,-136.0351986929638,24.114808115206824,1,1
76,0.5063305229649332,0.4244355716737976,0.4653830473193654,0.1076917820796174,-133.94388227439887,22.29536511934199,1,1
77,0.5111200365529373,0.41821091219731577,0.4646654743751265,0.17354546003050597,-135.2576647972787,23.188623281421233,1,1
78,0.5176164372730854,0.4326236473753812,0.4751200423242333,0.20768010668443784,-134.5759893923232,22.363662867533723,1,1
79,0.514442047024363,0.43283713121863776,0.4736395891215004,0.24155271121282082,-134.80659774177093,22.775701248753446,1,1
80,0.5129231419884842,0.43157668243739533,0.47224991221293977,0.24755989150608407,-133.63320775900516,21.82572975814178,1,1
81,0.5295374290019366,0.44463297032852767,0.4870851996652321,0.311847936427156,-135.07321835451364,22.833079513273205,1,1
82,0.5269976464595788,0.44468650560134615,0.4858420760304625,0.3351896458472031,-132.45193128151163,20.584269387574384,1,1
83,0.5115284081515015,0.43783253371528996,0.4746804709333957,0.31905584940621057,-132.77853086052565,20.640899655706185,1,1
84,0.520238235665508,0.44526705360256746,0.4827526446340377,0.30409369693794935,-134.72823989682982,22.45383898909691,1,1
85,0.500267686445784,0.42442065696845943,0.4623441717071217,0.2767723610893965,-133.45863200052779,21.05076433233572,1,1
86,0.5052703710656081,0.42783059039317994,0.46655048072939403,0.2524074008811573,-132.75158320677437,20.390544492853447,1,1
87,0.5019080459625685,0.429072216844144,0.46549013140335627,0.23137652855120328,-132.89188309173613,20.83255800491882,1,1
88,0.5004635865913011,0.42393364731213334,0.4621986169517172,0.2053123581242388,-135.62379472558064,23.011517662073548,1,1
89,0.49865428286104124,0.41997287064714095,0.4593135767540911,0.14559490760209312,-138.2622748705912,25.141482909309143,1,1
90,0.501423894399573,0.41529158648235454,0.4583577404409638,0.03665765598701946,-137.55172158849962,24.239118788067756,1,1
91,0.5064385352322384,0.42026391054580187,0.4633512228890201,0.017854297535157205,-138.87307476168323,25.260045823753394,1,1
92,0.5094527631906376,0.42214301076438493,0.46579788697751123,0.013813689988538205,-140.1675848963775,26.162726633357973,1,1
93,0.5061774540533143,0.41675591478480756,0.4614666844190609,0.015094855956584096,-139.36684407078442,25.64743749541426,1,1
94,0.5067848202064672,0.41390446214384735,0.4603446411751573,0.01521519124567841,-140.81965327231495,26.537113993639945,1,1
95,0.5203168213389999,0.4307414262931471,0.4755291238160735,0.014389300328651208,-142.40040380058272,27.99406971037268,1,1
96,0.5116908251179956,0.42490323740952984,0.4682970312637627,0.015559967054210942,-142.0647345251447,27.601317137929723,1,1
97,0.4962962235975477,0.41186664055828165,0.4540814320779147,0.014980011204175182,-140.597748891074,27.232358242987843,1,1
98,0.4787821017709285,0.4011295853963284,0.4399558435836285,0.016332916321772733,-142.15111567358943,27.877020144202735,1,1
99,0.4595779516505362,0.39900235579820825,0.42929015372437224,0.01253309154034265,-139.70239140000882,27.411989462763394,1,1
100,0.4618142191291546,0.3893011960086688,0.4255577075689117,0.009694318526035512,-139.15353327830815,27.759348894223553,1,1
101,0.4825571318705306,0.40020420557746994,0.4413806687240003,0.008331157925246075,-137.12825515563566,27.2932841022226,1,1
102,0.45107211869654534,0.3926302179841822,0.42185116834036374,0.007825615051423849,-137.71372496223444,28.347245344991812,1,1
103,0.45857513491337776,0.38698448128829904,0.4227798081008384,0.009096247757944972,-134.55985662422742,27.240015004199616,1,1
104,0.45551707170805944,0.3879361810584937,0.42172662638327657,0.008139310931753973,-134.42477269757455,27.167299239344533,1,1
105,0.44779052085142557,0.3754001809666869,0.41159535090905625,0.006412346775848444,-134.2724720747917,27.639297030435028,1,1
106,0.474931684207937,0.38391093986009006,0.42942131203401357,0.008884608968127186,-132.61087685068193,27.381436891813557,1,1
107,0.46681463899033615,0.3771779013169455,0.42199627015364083,0.008120903236307089,-131.65622810270156,26.657873479642117,1,1
108,0.45849897492678077,0.37961465267813305,0.4190568138024569,0.0041933092294571565,-131.1351871031339,26.76017386539338,1,1
109,0.4778299325290138,0.39714720041836815,0.43748856647369094,0.009729360406754472,-130.6398253813076,25.411417417767534,1,1
110,0.47812316777191466,0.39734769398568803,0.43773543087880135,0.007831094187132221,-131.40114415625393,26.200911380346298,1,1
111,0.4819505124073375,0.3998943046807409,0.4409224085440392,0.009405684891197296,-131.22764925304824,26.02094476303223,1,1
112,0.4698780735434957,0.3951952560194394,0.4325366647814676,0.010380984395655563,-130.01378601895016,25.368292842314514,1,1
113,0.4765979905699421,0.39650164926574316,0.43654981991784264,0.009390205092536411,-129.54809536520855,24.717661369105503,1,1
114,0.4592783646323688,0.3743038140738143,0.41679108935309156,0.008691080921277482,-130.32829949846672,24.948408444625944,1,1
115,0.5039088843279809,0.40733168882714205,0.4556202865775615,0.012661252558526079,-130.03220231239527,24.683679778028576,1,1
116,0.5171187328414972,0.41540912927958273,0.46626393106054,0.013249070443697438,-130.07820263202456,24.13844223111345,1,1
117,0.5179955902908695,0.42347652351217985,0.47073605690152465,0.013793715056825065,-129.73087031353253,23.817828044213083,1,1
118,0.5095975575420431,0.41764358887503933,0.4636205732085412,0.016726835260275536,-129.0895865992625,23.471757211981654,1,1
119,0.49658003976163356,0.4073247003281311,0.4519523700448823,0.016003999815592567,-127.75419660922725,22.637418847565165,1,1
120,0.5204373942144411,0.42617482831843,0.47330611126643557,0.01991074563613894,-127.61701559934377,22.054759121360753,1,1
121,0.5348506568611089,0.43166894432484687,0.4832598005929779,0.02063929559954921,-126.35699195979956,20.793583162767682,1,1
122,0.5376102098485712,0.45024712624440566,0.49392866804648844,0.019242056841354483,-126.67893791058377,21.168563038709443,1,1
123,0.54563837303873,0.4540859081489232,0.4998621405938266,0.01611430604469583,-127.03258279680318,21.466484595070938,1,1
124,0.5370534906169958,0.4452203729476654,0.49113693178233064,0.01875041584151945,-126.9001665335224,21.35496181569624,1,1
125,0.5437671771897473,0.44785697317681267,0.49581207518327997,0.027760435721540702,-128.08990027009523,22.13704086630261,1,1
126,0.5512865080024345,0.44555904542507896,0.49842277671375673,0.10153651102721664,-126.7617466530702,20.472611284075676,1,1
127,0.5337888684187067,0.43991129923996064,0.48685008382933365,0.13090060787515828,-126.75684013189654,19.910907011250757,1,1
128,0.5386099119691281,0.44775415862351275,0.49318203529632043,0.15499835783380658,-126.34108941131461,18.356919947158755,1,1
129,0.5398246332635396,0.4544598543701916,0.49714224381686556,0.22542129456339,-127.37507125752757,19.4556794681458,1,1
130,0.5539975115841411,0.4680279416285437,0.5110127266063424,0.18238701073435035,-127.7288370561436,19.52556208248002,1,1
131,0.5481301599660773,0.4568227437064216,0.5024764518362494,0.18261752812089652,-129.0917972130427,20.068791101202237,1,1
132,0.5320141394203252,0.4550424207053791,0.4935282800628521,0.2397899937439151,-129.14802879975494,20.255525131190556,1,1
133,0.5496177886382443,0.46229722387187977,0.5059575062550621,0.22273502661881447,-129.17374276704734,20.102745813659162,1,1
134,0.543235820165737,0.4545668540811197,0.4989013371234283,0.22730704563420892,-129.6177639434395,20.390154863279626,1,1
135,0.5459294909645184,0.4549165604632235,0.5004230257138709,0.21458974071179113,-129.46769727639918,19.79965811528036,1,1
136,0.5407523001332329,0.44714339549146837,0.4939478478123507,0.20562691866446026,-129.74055975584977,20.96940734019784,1,1
137,0.5576188161393396,0.45630716038554114,0.5069629882624404,0.17581482370669987,-130.06698013439475,20.920791499561563,1,1
138,0.5695148746704721,0.4631524697467302,0.5163336722086012,0.17092347355109988,-130.63665482955403,21.287895813099077,1,1
139,0.5582790002907142,0.45646504886172273,0.5073720245762184,0.1433394424749112,-129.2669904483558,20.48069315344853,1,1
140,0.5489705541424622,0.4356470146635696,0.4923087844030159,0.14034931715681973,-129.64347367658337,20.739362093316647,1,1
141,0.559171103561156,0.4429695411023053,0.5010703223317307,0.14243952601455775,-129.4218961942231,20.387194851819253,1,1
142,0.55304320326238,0.4377149889687564,0.4953790961155682,0.15559722291945868,-129.49019608724555,20.51503020948304,1,1
143,0.5499001174590722,0.44160786668705604,0.49575399207306414,0.15968906597931046,-129.08873530711213,20.224347612425387,1,1
144,0.5328267996075753,0.4391398878775531,0.4859833437425642,0.16126697115759048,-129.14475849300482,20.470580560669678,1,1
145,0.5262443787140606,0.42195914922920513,0.47410176397163284,0.17870727278678233,-129.497194557351,20.49874138184082,1,1
146,0.5002609382357169,0.4074709120611438,0.4538659251484304,0.1758360573951656,-130.04649272469334,20.91948218921033,1,1
147,0.4993549821500537,0.40328686739978226,0.451320924774918,0.17462107457746603,-130.58169641994596,21.25731960682429,1,1
148,0.5098492213435809,0.40448620251874073,0.4571677119311608,0.15947727588298238,-131.01938680857907,21.65843015325303,1,1
149,0.5044085487167377,0.40120855546703355,0.45280855209188564,0.16077609551311636,-131.53845548606367,21.868367314412065,1,1
150,0.5197520538911332,0.4036611349722529,0.46170659443169304,0.1572373352966376,-132.17470535129328,22.528865950875446,1,1
151,0.5212805250323393,0.40841346357946584,0.4648469943059026,0.16060901063462504,-132.11257947886185,22.80240027693438,1,1
152,0.5292956164610115,0.41684513082675323,0.4730703736438824,0.16165787726483033,-132.8368315231074,23.103059781204635,1,1
153,0.5464625333941671,0.4271581987866185,0.48681036609039274,0.1636190943943492,-132.02147253602877,22.67175849143559,1,1
154,0.5380445688562705,0.42411350230896333,0.4810790355826169,0.1548293241936086,-132.12223363279188,22.843870144296115,1,1
155,0.5360179749431996,0.4260264576139898,0.48102221627859465,0.1548171592182458,-133.39959899152356,23.641460972843564,1,1
156,0.5286962776441779,0.42262160811202715,0.4756589428781025,0.1357419627152562,-133.29081329252233,23.421008513752696,1,1
157,0.4999457131133677,0.41089036008076313,0.4554180365970654,0.11234101524532562,-131.3301504639148,21.654146054660863,1,1
158,0.4978270582268565,0.4075211894485445,0.4526741238377005,0.11035977620210063,-131.3612989297226,21.42994563214389,1,1
159,0.5049781311394437,0.4069332013802945,0.45595566625986905,0.08568266131049893,-132.21043499302937,22.374863351583468,1,1
160,0.5118880293239967,0.40535343824918424,0.45862073378659046,0.0659118373175108,-133.01536095310973,23.120952011801503,1,1
161,0.5139615146165217,0.4095534592324011,0.4617574869244614,0.06697548349199733,-132.669482787094,22.711571711141126,1,1
162,0.5335933011580946,0.42026139914628974,0.4769273501521921,0.0602142163512421,-133.36770655831074,22.86240400987209,1,1
163,0.5221867525402055,0.4133582392072613,0.4677724958737334,0.04744279558994408,-132.6946368610451,22.711002074610146,1,1
164,0.5307519888248723,0.4203417637058824,0.47554687626537734,0.032904291157147464,-132.26918395434237,22.02836595345436,1,1
165,0.531044226778332,0.42314504355220806,0.47709463516527,0.040728858222377214,-133.13425513592847,23.003083738944053,1,1
166,0.5416621514643001,0.4294213884543341,0.4855417699593171,0.027928882212635717,-133.37814719650814,22.98211165757196,1,1
167,0.5283628866889699,0.4301596381514974,0.47926126242023365,0.03267674077439367,-132.7302912887974,22.53361351507384,1,1
168,0.5337553110234967,0.4343978501066096,0.48407658056505315,0.0379448628475779,-131.8797608353349,22.127290359364974,1,1
169,0.5342833218445991,0.43801815831735297,0.48615074008097603,0.019158160611697513,-134.1080924888901,23.75142633431161,1,1
170,0.5392552591934903,0.4393529659995149,0.4893041125965026,0.021121876464971805,-132.82379607041634,22.575601621940326,1,1
171,0.5418948941346671,0.44485163027741337,0.4933732622060402,0.01976936911847926,-135.02317004778268,24.485644867984668,1,1
172,0.5520376013574385,0.4477697233045272,0.4999036623309828,0.02139187203402643,-135.20935082171184,24.889390122488873,1,1
173,0.5461868973218674,0.44683828057438796,0.49651258894812766,0.024401770254437988,-134.87379408482448,24.45467987710399,1,1
174,0.5376202202626679,0.44807846943150575,0.4928493448470868,0.020658097920703302,-136.05654684991265,25.332140903323463,1,1
175,0.5444987129285167,0.44746055406959745,0.49597963349905705,0.021153998656115718,-136.21460758407983,25.240633633274655,1,1
176,0.5493717363360618,0.44688538957612256,0.4981285629560922,0.019752813772399853,-137.87121393959066,26.560965082891624,1,1
177,0.5431462544685515,0.44688803900979446,0.49501714673917296,0.015264087197214114,-136.77523769493655,25.653349283561734,1,1
178,0.5425823508816174,0.43792743646078297,0.49025489367120023,0.014506469421717063,-137.75716322062945,26.20523781339629,1,1
179,0.5402150005516687,0.4419282626463788,0.4910716315990238,0.016303515693679074,-136.5187489282385,25.329146328724306,1,1
180,0.5368970279148161,0.44256153567676726,0.48972928179579167,0.016565660246091157,-136.97184036149346,25.552365953021013,1,1
181,0.5468355354234101,0.4303031197296448,0.4885693275765275,0.016901847536317724,-137.6965984505306,25.927001892115907,1,1
182,0.5556565159500518,0.4382133451536926,0.4969349305518722,0.017426476649895994,-137.52817106847522,25.752827713876595,1,1
183,0.5328740567841586,0.42547258312693187,0.47917331995554524,0.014020577813415227,-137.47147131972702,25.724805355074363,1,1
184,0.5383336592260072,0.4256980506675916,0.4820158549467994,0.01483880191869984,-137.98852990855616,26.095670774719384,1,1
185,0.5466950410336977,0.4306884804882121,0.4886917607609549,0.01810665578763774,-138.02503738800633,25.761328152334936,1,1
186,0.5525888204247996,0.4314888839376151,0.49203885218120735,0.020961528682187293,-139.57670840892553,27.16192380035376,1,1
187,0.5477547938498106,0.43305876631418627,0.49040678008199845,0.02112799630446094,-138.03293947636243,25.838873349726395,1,1
188,0.5575581688667248,0.44166687692708784,0.49961252289690633,0.022907698967439598,-136.72308114149575,24.7074108572329,1,1
189,0.558589502040327,0.42688742094130183,0.4927384614908144,0.021352591072313475,-139.36813187717928,26.715857631572085,1,1
190,0.532164340084211,0.42834537393801314,0.48025485701111204,0.028920468006028873,-137.61301424734444,25.286586168040362,1,1
191,0.5306605149562792,0.42456183616148596,0.47761117555888255,0.0597505356949006,-136.90073746913924,24.849858971152123,1,1
192,0.5408393724317198,0.42143056752249425,0.48113496997710703,0.07017516286049673,-138.81544204358752,26.419912744356676,1,1
193,0.5202972657045631,0.42508819450397006,0.4726927301042666,0.09567569354015634,-139.0395795486574,26.656029176303377,1,1
194,0.5139721334206176,0.4316909652536425,0.47283154933713006,0.08570537460355772,-139.19891463822924,26.844494781942494,1,1
195,0.525060930154109,0.43030147183374334,0.4776812009939262,0.07189977441582339,-140.82956015176856,28.196535625872706,1,1
196,0.5160127897446515,0.4254358134736662,0.47072430160915885,0.05824378127242932,-140.5470984768312,27.628613413441915,1,1
197,0.5190914569548442,0.4246197051023147,0.47185558102857944,0.07370580361536312,-139.58979750063656,26.993250965973946,1,1
198,0.5306289864562852,0.42673637218244914,0.47868267931936714,0.07352944498950173,-136.92361893354524,24.907524995695386,1,1
199,0.513180477527168,0.42551329320572423,0.4693468853664461,0.05423000027149037,-137.870009456621,25.880063432773586,1,1
200,0.5145760903753106,0.42531562658856115,0.4699458584819359,0.049447384232779515,-139.3411672491919,26.787313974518273,1,1
201,0.5120201387410196,0.42782458966535286,0.4699223642031862,0.046922061914563294,-139.4457830903007,27.046561046007277,1,1
202,0.532330278227358,0.4249549952035893,0.4786426367154737,0.05940308513686772,-138.66665508394607,26.638954122518925,1,1
203,0.5170029309562558,0.414852942799128,0.4659279368776919,0.061112853107438685,-139.23696771383345,26.851880955534362,1,1
204,0.5340266677842573,0.4271626656401123,0.4805946667121848,0.05269138286540018,-138.98134062214328,26.851609884959757,1,1
205,0.5285779127760167,0.42659950336867336,0.47758870807234505,0.05701995074713783,-137.4696447105631,25.428568155953155,1,1
206,0.5313245670469027,0.42798043630533356,0.4796525016761181,0.0639308685585918,-137.86346590771146,25.48898393964381,1,1
207,0.5329111300201497,0.43481221500806205,0.48386167251410583,0.04652215107274438,-136.29250702752887,24.262887389585753,1,1
208,0.5290080790033423,0.4318433678133201,0.48042572340833123,0.06788111320535023,-134.4652214489213,22.956552972113286,1,1
209,0.5341745099229549,0.4349418001258874,0.4845581550244211,0.12726452582216674,-134.7431903850115,23.340381716441957,1,1
210,0.5297827438027582,0.43299787325599176,0.48139030852937503,0.19548308864254602,-133.8082864587984,22.400681306310357,1,1
211,0.5376658831411977,0.43587139164969735,0.4867686373954475,0.22687636459899335,-135.43435138641644,23.528159580406587,1,1
212,0.5324584214619892,0.4372473212591175,0.48485287136055333,0.2334823311410726,-133.62655696281493,22.232390443015255,1,1
213,0.5481455075461288,0.445807099148297,0.4969763033472129,0.26648298416222016,-135.94116698571506,23.655095487715535,1,1
214,0.5488762327257075,0.44330063621842825,0.49608843447206785,0.275252184203555,-134.41709419274264,22.413251136362824,1,1
215,0.5457268746977286,0.44597296185985746,0.49584991827879304,0.30791457865221034,-131.722717216267,20.4087677411213,1,1
216,0.5338478227684211,0.43198051484514965,0.4829141688067854,0.29743385723066584,-132.7565931682444,21.022342054561268,1,1
217,0.5156430430840688,0.428298985000169,0.47197101404211894,0.32426667787473434,-133.12551967480033,21.12596949414323,1,1
218,0.5115383612984763,0.42640017263531066,0.46896926696689345,0.3432616204219796,-130.4137624798322,19.591486922584632,1,1
219,0.5117430927727363,0.4270132282169497,0.46937816049484304,0.36694563880865716,-130.63966833601617,19.654834787095158,1,1
220,0.5043126367436318,0.42403569124531215,0.464174163994472,0.3541704049384739,-131.07361620680408,20.004540982908395,1,1
221,0.5193831192942318,0.4257406934583233,0.47256190637627754,0.2972444608073818,-132.75888038140624,21.417324648998033,1,1
222,0.5171719575473671,0.421612749532269,0.46939235353981806,0.2591965910305047,-132.20313938052615,20.991505621479423,1,1
223,0.5309678228279225,0.42104674869854003,0.47600728576323126,0.22610810588304014,-132.38597027253024,21.137985593575333,1,1
224,0.5454332790937558,0.43560528004361515,0.49051927956868546,0.07878776104953124,-134.84641044371108,23.085948149354167,1,1
225,0.5678235321916141,0.42992742949485885,0.49887548084323646,0.0270472194108506,-135.33681784854932,23.34270493551046,1,1
226,0.5757085241829537,0.43387623874172243,0.5047923814623381,0.0313916759966032,-139.54928754013065,26.16021588682109,1,1
227,0.5874646227328516,0.436637876178021,0.5120512494554363,0.059099387001991556,-141.14077067031494,27.252665557630863,1,1
228,0.5463816988182689,0.4208309652609327,0.4836063320396008,0.15811510911190696,-137.74510154072595,24.65976305114543,1,1
229,0.5685732341834215,0.4350143494624278,0.5017937918229247,0.17421802872589107,-134.78226699656574,22.422922984355008,1,1
230,0.5555723395600419,0.4228652778633088,0.48921880871167533,0.22797766350827373,-136.75147820671523,23.992119846005476,1,1
231,0.5903356526522083,0.42545902671841995,0.5078973396853141,0.28604184089498297,-134.84917313330672,22.435685968135456,1,1
232,0.5756490444294184,0.4165460633980828,0.49609755391375066,0.32235982099641186,-135.70450920103733,22.95595553088652,1,1
233,0.5667629512640947,0.41054642495054466,0.4886546881073197,0.35747391122272965,-132.6048463317248,20.86548474432564,1,1
234,0.5757343920536702,0.42218360037551717,0.49895899621459366,0.37786088520370215,-131.54169711109955,19.849341208869472,1,1
235,0.563922587005486,0.41664709056730403,0.49028483878639506,0.3512765722865107,-134.5835860256269,22.13596912453347,1,1
236,0.5594994938431636,0.4284059757576029,0.49395273480038326,0.3323450279108079,-133.87723233912277,20.788294274213936,1,1
237,0.557076887703016,0.4325422575450635,0.49480957262403974,0.31653260944238576,-135.26493584036908,22.6073029072221,1,1
238,0.5671972468566365,0.4299872979630702,0.4985922724098534,0.28866328071741626,-141.13079697413426,27.33955664906007,1,1
239,0.5892260520672088,0.4376937869735038,0.5134599195203563,0.26977338303793397,-138.57221162801008,25.05869973423852,1,1
240,0.5842709187594338,0.4389873409039937,0.5116291298317137,0.27888085404107765,-137.71167155539004,24.676769921906214,1,1
241,0.5556438020647764,0.43093813604331077,0.49329096905404357,0.29021914436556373,-136.8828658005773,24.30191009524933,1,1
242,0.5592561783386096,0.42916448530726736,0.4942103318229385,0.31977576752580456,-133.91687151574465,22.085353083071883,1,1
243,0.5376496643935631,0.41975924349740645,0.4787044539454848,0.34680969576144544,-133.57431470539063,22.094182456871785,1,1
244,0.5376299115338802,0.43170178842428064,0.4846658499790804,0.3467409300727763,-132.66457162052396,21.018147681200034,1,1
245,0.5246200231843763,0.42292761326111283,0.47377381822274456,0.3128363193903249,-131.4087030576428,19.9024492636905,1,1
246,0.499494859505637,0.40422935809358707,0.45186210879961203,0.2671990890040206,-128.8866415998388,18.323464205383473,1,1
247,0.4907058437718033,0.39745239494155454,0.44407911935667893,0.02846726529065415,-129.1911609981553,19.1662611141753,1,1
248,0.48069836710788694,0.40833872022546847,0.4445185436666777,0.01940703874581529,-129.2931225542816,19.41647293580288,1,1
249,0.4716952426135993,0.40075364706708877,0.43622444484034406,0.05376237068454561,-128.45375196542986,19.200218243096174,1,1
250,0.4769696877742938,0.3934072555431252,0.43518847165870955,0.15269261824825436,-128.66780672884198,19.309937045227684,1,1
251,0.4884645971750376,0.4086632958245489,0.44856394649979325,0.11718422095884026,-130.3046003160284,19.975602586100763,1,1
252,0.4532009593780967,0.3868928253262798,0.42004689235218823,0.04100321400954582,-130.94202878933066,19.81499675909326,1,1
253,0.48251542653811835,0.38862558931703595,0.4355705079275771,0.023742506664608476,-131.10960012267793,20.424944072471607,1,1
254,0.46095473175850143,0.38044004697419254,0.420697389366347,0.030371201826161945,-131.63723042207087,20.486928377675934,1,1
255,0.4844164377849135,0.4021529926726806,0.4432847152287971,0.07157367884498074,-130.71886402001252,20.212172590062018,1,1
256,0.47968554869963137,0.40418626137522906,0.4419359050374302,0.20802751426213842,-131.1727545942668,20.67116003566229,1,1
257,0.4668738435043343,0.4058734422676163,0.4363736428859753,0.2798639264200322,-130.66839345624243,20.086324312957302,1,1
258,0.4879607990402049,0.4192527852552092,0.45360679214770705,0.29071036554097324,-131.98358912917996,21.727369410961128,1,1
259,0.478652099774703,0.4039657948342624,0.4413089473044827,0.25884022218082453,-132.99725405806083,22.724284516057335,1,1
260,0.47815847484518503,0.4009489522910383,0.4395537135681117,0.2658735906248961,-133.39256111345932,22.479338428928106,1,1
261,0.4826332575370708,0.39815954369409784,0.4403964006155843,0.2411858337271722,-135.10720990216234,24.509670538757433,1,1
262,0.4972847970229546,0.4000705794728074,0.448677688247881,0.24011974559067392,-134.19074170684368,23.565434442196317,1,1
263,0.49262570358689084,0.39780789895693397,0.44521680127191243,0.2160717101321283,-135.41775358412463,24.50248985229467,1,1
264,0.5049395278492682,0.41459503067587694,0.45976727926257255,0.2085638523091035,-135.27011278843528,24.702922579908,1,1
265,0.48302713807697606,0.39966850673195586,0.44134782240446596,0.20741167464308283,-136.15097182877787,25.78441982035676,1,1
266,0.4981644148808195,0.3983411919100169,0.4482528033954182,0.20202921058391166,-136.49441684402726,25.9192376772214,1,1
267,0.4962184859717864,0.4019215466002039,0.4490700162859952,0.18099938669341842,-137.44073515818292,26.817552531019206,1,1
268,0.5053871339952919,0.4161688201519409,0.4607779770736164,0.1823456171539862,-137.1227909820346,26.659886989879478,1,1
269,0.4934823049589498,0.4003970764947309,0.44693969072684037,0.175706223688794,-135.7746183953906,25.913838707061295,1,1
270,0.4903837098880382,0.39667427198824246,0.44352899093814036,0.1748916826664632,-135.74795334076603,26.099476543137374,1,1
271,0.46865439797605124,0.38637442735807837,0.4275144126670648,0.17527329119385407,-136.59407096503932,26.754191291834744,1,1
272,0.46533167872352743,0.37981308514014545,0.42257238193183644,0.166041929958649,-135.01548367196852,25.793709000192358,1,1
273,0.4687569603868698,0.37972913657778445,0.42424304848232713,0.17523811257433364,-135.4393488382546,26.602296446628156,1,1
274,0.44619747214955247,0.36400948598185323,0.4051034790657029,0.17495655255413586,-134.39141187344458,25.862212441804402,1,1
275,0.4648897079178993,0.3847611104523679,0.42482540918513356,0.18214568285186097,-134.83049155256782,25.651466751982394,1,1
276,0.4635484942721199,0.38955697145182444,0.42655273286197215,0.17117108348715657,-136.09114604265346,26.306220895095713,1,1
277,0.465329039036631,0.37428836462985293,0.4198087018332419,0.1824899243160188,-134.65977106894053,24.990838385864272,1,1
278,0.4764066498409959,0.3759168808675602,0.4261617653542781,0.17957487368924407,-133.62244501499828,24.27845064333032,1,1
279,0.49307008704729544,0.39021843966169806,0.44164426335449675,0.20478584392847007,-133.5299561782022,23.921247054788733,1,1
280,0.5050109182551233,0.4024910699043228,0.4537509940797231,0.20415676989073975,-132.48585996508172,22.751360595868423,1,1
281,0.4952471833237447,0.3998113082767614,0.44752924580025305,0.22843928213884157,-132.01043083642517,22.48427841100173,1,1
282,0.5057614197539931,0.4036836013981822,0.4547225105760877,0.22732440099739912,-132.01800736745216,22.57056264842106,1,1
283,0.5160629369585025,0.4076528631905975,0.46185790007454997,0.24792232328465413,-132.44135131273242,22.76308767425009,1,1
284,0.5094153705556425,0.41787633706043703,0.46364585380803974,0.24398588537012414,-131.33587264195475,21.96766465739495,1,1
285,0.5109528517093945,0.41755917621534416,0.4642560139623694,0.25947607648428894,-131.47467103256184,22.076637113053188,1,1
286,0.5129034409366274,0.41879601377795783,0.46584972735729263,0.2667443856389719,-131.66448001186478,22.28031024440507,1,1
287,0.524653704756552,0.42025987779932855,0.47245679127794027,0.26710324450195216,-131.82895050056422,22.506465535847454,1,1
288,0.5160086370723163,0.41659885469425145,0.4663037458832838,0.2658788141827092,-132.02551800984259,22.29080599365697,1,1
289,0.5038993026889416,0.4090912048261638,0.4564952537575527,0.26203085719193336,-133.47360373658864,23.920426255532323,1,1
290,0.5026915794480725,0.4090440844953212,0.4558678319716969,0.2501001815297342,-133.09178351756333,23.458020467835123,1,1
291,0.5085709294124405,0.4151747556490206,0.4618728425307306,0.27277451345257364,-132.637185327903,22.994688646834224,1,1
292,0.49666651160844566,0.4131978590540949,0.4549321853312703,0.25218782943178564,-133.63725186077676,23.527457784222946,1,1
293,0.5037783923609621,0.4168585974013164,0.4603184948811393,0.2374675532565057,-132.30937331378064,22.485707726503843,1,1
294,0.51608625510888,0.4183930322985847,0.46723964370373233,0.24587484342342156,-131.06042324803548,21.405642683872838,1,1
295,0.5037469653035046,0.4134829207452391,0.4586149430243719,0.24829904638198347,-132.40040808262282,22.419087487450795,1,1
296,0.5040078756926499,0.4176483049313718,0.4608280903120109,0.23677552710969035,-131.60486715530703,21.548598110024333,1,1
297,0.5085996810015533,0.42563969681436054,0.4671196889079569,0.25526716035389674,-133.76463077886774,23.38160903385305,1,1
298,0.5103644431785505,0.428934479203282,0.4696494611909162,0.267099864125472,-134.0370279040337,23.484034579969393,1,1
299,0.518180823507446,0.42904421867256076,0.4736125210900034,0.2668596779276819,-132.6517756652347,22.56379472774432,1,1
300,0.5180836519259753,0.4303633291281241,0.4742234905270497,0.2553238231745218,-133.8423624799642,23.263278653466816,1,1
301,0.4973340603288484,0.4091481384649361,0.4532410993968923,0.22008243491526555,-134.11698517793175,23.292394607352524,1,1
302,0.49900227325524366,0.40716830164392226,0.453085287449583,0.19738631605727755,-135.56652441085944,24.14474373069436,1,1
303,0.5043599675642252,0.4132584664143593,0.4588092169892922,0.217440384801902,-136.86379866464907,25.192960280929405,1,1
304,0.4898098264610415,0.39539437922282267,0.4426021028419321,0.19247759991306307,-136.78545314333888,25.14359561821614,1,1
305,0.49199498313022694,0.4021967343315384,0.44709585873088264,0.1852981795414309,-137.52161244935425,25.56597925923172,1,1
306,0.48535907684549534,0.399420328658409,0.44238970275195216,0.17544146713452854,-137.1518752369016,25.31151742102868,1,1
307,0.4790698241727394,0.39235985565605674,0.4357148399143981,0.18413527541165836,-137.04545003291057,25.2297035816975,1,1
308,0.49580744886190264,0.4039587874411935,0.4498831181515481,0.19590313020658548,-136.68205553221597,24.889608143613003,1,1
309,0.49292932659692307,0.40358249489885356,0.4482559107478883,0.20766071272045683,-135.592663163888,23.90609714673926,1,1
310,0.5074034367665744,0.40118644446737645,0.4542949406169754,0.20526048499211724,-135.0707798658223,23.366910150046973,1,1
311,0.5238662021722015,0.41654781749961844,0.47020700983590996,0.236065933628482,-134.81830999438404,23.142478767244985,1,1
312,0.5324454540273947,0.42481852199432374,0.47863198801085927,0.2239508477484818,-134.6457037821806,23.046592822542024,1,1
313,0.5308309025725362,0.42208073059952017,0.4764558165860282,0.2610590551413082,-134.40002149483024,22.41664347892473,1,1
314,0.5412121532607264,0.4353213843424176,0.488266768801572,0.2794563425930479,-133.8559073647714,22.329361430302722,1,1
315,0.5483333244542729,0.4369291887209741,0.49263125658762347,0.26548587933603596,-133.39259557572223,21.91959642945095,1,1
316,0.542847796811733,0.4373819417570933,0.49011486928441317,0.24702421234809488,-134.3717487679939,22.920662157729048,1,1
317,0.5394983165672073,0.44022280277481574,0.4898605596710115,0.2353437462548751,-135.02745382622683,23.270904991737552,1,1
318,0.542499462369268,0.4438217113902808,0.49316058687977443,0.22365255723282818,-135.66267861893454,23.844844478686614,1,1
319,0.5260312164119899,0.43503731580826827,0.48053426611012906,0.20464701649262887,-137.1535085337433,24.96051495680608,1,1
320,0.5152893170176459,0.43123693536929203,0.473263126193469,0.15150370018987333,-136.8538399332107,24.808902416660935,1,1
321,0.5232845179738378,0.432733892451333,0.4780092052125854,0.1588643662973254,-138.27500876339388,25.770346796545276,1,1
322,0.5083165616353419,0.42096507526474275,0.46464081845004235,0.15200895735745942,-138.01171426128403,25.645096614399773,1,1
323,0.5125704691609843,0.42067842321593596,0.4666244461884601,0.1442132465258475,-137.11055336185711,24.964308873493465,1,1
324,0.5448152176124879,0.4449811767466332,0.4948981971795605,0.1471408895918917,-138.43094701381682,26.085819773333476,1,1
325,0.5174391230699048,0.42293952676433094,0.47018932491711785,0.14384626411700058,-139.7670256051902,27.329134184714068,1,1
326,0.5289492880507259,0.4291489649666432,0.4790491265086846,0.15628578004841454,-137.14179347278133,25.492889127051367,1,1
327,0.5323012830979058,0.42661341953516113,0.47945735131653344,0.12786669204671916,-139.85918657279254,27.44710346094394,1,1
328,0.5120759051788051,0.41752457859095315,0.4648002418848791,0.13397759120662037,-140.13678378405018,27.777298417756334,1,1
329,0.5412534457344165,0.4350653725805323,0.48815940915747436,0.14947565975934604,-138.74634839118417,26.690702964658716,1,1
330,0.5314316513998333,0.43319915419506577,0.48231540279744956,0.15460868512374926,-138.2886225919595,26.206400077141986,1,1
331,0.5295697049994643,0.43534099621072353,0.4824553506050939,0.16276812066602694,-138.85837448946106,26.534248399866026,1,1
332,0.503733695889065,0.4176198597398104,0.4606767778144377,0.14888465909635315,-139.23727737537857,26.864079769438778,1,1
333,0.5065146185745214,0.42020312528869175,0.4633588719316066,0.15440240636525052,-139.7150275675255,27.336393663537304,1,1
334,0.5239571362226444,0.4295910516077909,0.47677409391521763,0.1532975313195736,-140.74334124784397,27.38044018480003,1,1
335,0.5159141448452409,0.42080684411847297,0.4683604944818569,0.1576175819810591,-139.63393808117593,26.62150446598376,1,1
336,0.5182159315817708,0.4362046150581825,0.4772102733199767,0.1725348229521505,-140.3785617139826,26.915799967749273,1,1
337,0.5203330041621169,0.4304469771684821,0.4753899906652995,0.17650729912645866,-136.76908431361818,24.532391796328135,1,1
338,0.5182945621442476,0.42606547000241557,0.4721800160733316,0.1716929915714067,-137.82406316457462,25.201233620750518,1,1
339,0.5282349627754799,0.43716644265213084,0.4827007027138054,0.18253183510950177,-138.30750672327213,25.58448609288167,1,1
340,0.5256438826936705,0.4317561534966833,0.47870001809517687,0.1821815318286281,-138.16430104430907,25.31854632582927,1,1
341,0.526170381096034,0.4393953749711936,0.48278287803361375,0.17755938501584617,-138.10166419454885,25.24667220475609,1,1
342,0.5296717923943165,0.44048870622899,0.4850802493116533,0.17911708966523196,-136.74295175539444,24.60132391127029,1,1
343,0.5316962488289597,0.4448570415248843,0.48827664517692204,0.17138740222414284,-138.14309006259174,25.348412551595363,1,1
344,0.5140236913919229,0.4149028658365614,0.4644632786142422,0.17102175772497938,-138.69362642924176,25.936087909601486,1,1
345,0.502279109981813,0.4075829521429179,0.45493103106236543,0.15488024019232774,-140.16949895201378,27.151459980173808,1,1
346,0.5018300188455208,0.4058989412628749,0.4538644800541979,0.1553206965243321,-141.1420480179371,27.70872844265015,1,1
347,0.49413058747329186,0.4029226425057476,0.44852661498951973,0.16395759793328915,-139.27083473654835,26.46278811331236,1,1
348,0.5041805798808222,0.4057351937678431,0.4549578868243327,0.1519961461948492,-139.63170601936469,26.718703169528894,1,1
349,0.4929167477126377,0.39807070907208625,0.445493728392362,0.1649155341482294,-139.02634663162968,26.22835853406706,1,1
350,0.5008630247373502,0.40501118229643146,0.45293710351689087,0.16196703350411915,-139.97461943785495,26.942192123191237,1,1
351,0.49416766461595674,0.4091764256895125,0.4516720451527346,0.1676924593179691,-138.65853388726458,25.916452249724927,1,1
352,0.5020528662204038,0.4103035565304107,0.45617821137540726,0.16210677717634342,-140.72629207151246,27.44811088195265,1,1
353,0.5133209915209449,0.4054235085683384,0.45937225004464166,0.16906290670119062,-137.83171039832382,25.607547428530214,1,1
354,0.49824886631694637,0.40174715162848385,0.44999800897271514,0.16291283006491863,-139.36898131724206,26.34146962081929,1,1
355,0.4932894699289207,0.3990267052827791,0.4461580876058499,0.15733924058505006,-139.45881940818086,26.311053769269925,1,1
356,0.4821923066624542,0.38940907327019186,0.43580068996632304,0.16282219110153406,-136.2570011153507,23.791427324030543,1,1
357,0.47947605981460983,0.3879250960665976,0.4337005779406037,0.1392409515826867,-135.9692287557923,23.813510846223593,1,1
358,0.49614354991996323,0.408292840036645,0.4522181949783041,0.1760502352141912,-135.5867577822521,23.308903411211123,1,1
359,0.4992782148501319,0.4030134369893552,0.45114582591974356,0.16787595073982095,-135.7880762431213,23.557948566079407,1,1
360,0.49081107429641924,0.39851700232483284,0.44466403831062606,0.1492718232465204,-137.25906573342058,24.551633389394834,1,1
361,0.4957591280462213,0.4063727458620087,0.451065936954115,0.1427360321289339,-137.88956525319057,25.407189674196367,1,1
362,0.48880784601569527,0.40596818826017833,0.4473880171379368,0.15217734465154223,-136.2596317429251,24.055535608974342,1,1
363,0.4856041888363552,0.40086292510676613,0.44323355697156064,0.146558985762225,-137.13425750528725,24.738455687399362,1,1
364,0.49005065689976723,0.40871170367131576,0.4493811802855415,0.14596677244420597,-136.9186437635958,24.64047331669509,1,1
365,0.489021159180844,0.4065143383271311,0.4477677487539875,0.16165460274159427,-137.00161295378507,24.846512981386038,1,1
366,0.4679747471349835,0.3776508386522342,0.42281279289360885,0.1721571403758381,-139.2223215133193,26.426056559541998,1,1
367,0.48794106756633965,0.3904947327708377,0.43921790016858864,0.15981335395479754,-140.68239107898208,28.083971300953422,1,1
368,0.47338014761583025,0.38507845141284264,0.4292292995143364,0.16680085316508447,-139.08358761507588,26.59053129449661,1,1
369,0.47485676360950085,0.38627052316146726,0.43056364338548403,0.16885770782064857,-141.89605994210547,28.86005434799358,1,1
370,0.47056891062157635,0.3784624090952456,0.424515659858411,0.16666405486107902,-143.01856836351214,29.55888489521494,1,1
371,0.4726805091720242,0.3631687163686619,0.41792461277034304,0.15337746320909967,-143.2921577938708,29.91171086834082,1,1
372,0.4766265514134048,0.3592682692548814,0.4179474103341431,0.11931386195656729,-140.32064236782188,27.835185751095093,1,1
373,0.5013435925436784,0.3856420667705325,0.44349282965710546,0.13701029102625573,-142.69702491748643,28.90100376952967,1,1
374,0.4935836014985871,0.3808381500270374,0.43721087576281226,0.11023714829803795,-143.89085288261245,29.941008700126282,1,1
375,0.4910349529709962,0.38410398575639937,0.4375694693636978,0.14228493133046236,-142.02373681258905,28.534871584263694,1,1
376,0.49535038612683485,0.3895630810084074,0.44245673356762116,0.15296821243393824,-142.2150789021723,28.619194891363918,1,1
377,0.4928926031693914,0.3960500523746856,0.44447132777203846,0.16675443121855663,-141.18178854568265,28.047823973904247,1,1
378,0.47639087701584687,0.3891476822732569,0.4327692796445519,0.18093203692877874,-141.4674551167196,27.403438503309154,1,1
379,0.46049836788458426,0.39283721928470733,0.4266677935846458,0.1551830685363397,-138.73228610287916,25.400779746795287,1,1
380,0.45807192721433937,0.3875820982003375,0.42282701270733847,0.15022319211359275,-137.9089357102035,25.11448969895307,1,1
381,0.46648568103697763,0.39788911886900524,0.43218739995299144,0.1698010644429538,-137.92333190349026,25.077633413547453,1,1
382,0.44825206626012365,0.39061293051364215,0.4194324983868829,0.15863475526755155,-136.45399894817328,23.865357354681034,1,1
383,0.41780109073988325,0.3816988089308488,0.39974994983536605,0.16349814385498937,-133.94430793270683,22.468414644800124,1,1
384,0.43555658494374894,0.38844144313965995,0.41199901404170447,0.17577061038151837,-134.68567130316546,22.749301945541955,1,1
385,0.4588247297694191,0.4061452354907752,0.43248498263009716,0.18467776517764953,-134.07155218230048,21.477650877944793,1,1
386,0.4655116548106297,0.40077809498965755,0.43314487490014364,0.19033605016330163,-135.48045298765962,22.603738941190702,1,1
387,0.47072128036365296,0.40832464056400314,0.43952296046382805,0.17793298580009248,-137.34699245417966,24.24826094461106,1,1
388,0.46946275430491147,0.41157812190444754,0.4405204381046795,0.18921202332582918,-137.1771828652355,23.907791291874005,1,1
389,0.472670766053837,0.4149480711208926,0.4438094185873648,0.1764875743945214,-136.6660614245717,23.57216853141006,1,1
390,0.48999823743561294,0.4260810841618133,0.4580396607987131,0.1922217111070872,-135.94709543128425,23.409355933472398,1,1
391,0.47252258143150627,0.4266365944087207,0.4495795879201135,0.20569507167606071,-135.00426753657297,22.720736374321042,1,1
392,0.48920260383216224,0.4286107831937445,0.4589066935129534,0.19520823148373506,-135.19417485056638,22.912103773100917,1,1
393,0.46912329101925965,0.4282683690595927,0.44869583003942615,0.20212572212538046,-135.74241471235058,23.411541492302486,1,1
394,0.49178597186643697,0.42897778146572496,0.460381876666081,0.18642895021921413,-135.89358767398127,23.69104438331039,1,1
395,0.4974153627446731,0.4311175683076989,0.464266465526186,0.19305109415842125,-135.64949164774094,23.435602000839022,1,1
396,0.5315196998130439,0.44327267461049136,0.48739618721176764,0.18848353971137377,-136.68223222112914,24.077689713366354,1,1
397,0.514053237088985,0.422500690797131,0.46827696394305796,0.19615336480987625,-136.7746672161923,24.261346749630565,1,1
398,0.5145997055156162,0.4263056953636985,0.47045270043965737,0.1952193108766167,-137.68692761731484,24.98036113607263,1,1
399,0.5161539595876521,0.4330430344572918,0.4745984970224719,0.2072250884998427,-135.93346442691572,23.829811540608343,1,1
400,0.4930486879600006,0.42640570056404714,0.4597271942620239,0.2042701535396464,-135.66272497986276,23.42961246015988,1,1
401,0.5034697392710819,0.4355701336859251,0.4695199364785035,0.1909771608982825,-136.3157770591852,24.085180396523114,1,1
402,0.5164230060715523,0.4382358045758056,0.47732940532367896,0.19487633536483193,-136.33311608175433,24.04389317575658,1,1
403,0.5153634962023096,0.43786615334961476,0.4766148247759622,0.1917815317868279,-137.27871217095802,24.9659351695372,1,1
404,0.5213766143439793,0.4390842782440513,0.4802304462940153,0.19286982933773125,-137.23605316038567,25.15179692598176,1,1
405,0.5142252697007661,0.4310463394912414,0.47263580459600374,0.17955119412088766,-135.97710202162835,23.884997830199907,1,1
406,0.519834358959396,0.43158365928902886,0.47570900912421243,0.17824145784182013,-135.92949515724044,23.8322694045528,1,1
407,0.5350965167620487,0.44535997998846943,0.4902282483752591,0.17063173803889387,-136.664016209428,24.18710146259904,1,1
408,0.534758938720528,0.44348776760309794,0.489123353161813,0.1658940927189598,-135.72990279658435,23.735815322739743,1,1
409,0.5201084974185224,0.4379214495281918,0.4790149734733571,0.20205395591214262,-137.56281679661237,25.329176486113994,1,1
410,0.5260856584941214,0.4469866616876359,0.48653616009087863,0.18814888127985896,-138.09487740552683,25.5970853294829,1,1
411,0.5085565670074731,0.4251917785777418,0.46687417279260746,0.17816889495309646,-139.9215251763331,26.673396640328203,1,1
412,0.502791156284681,0.4100264778353627,0.45640881706002184,0.17049171829216095,-139.3840720769017,26.706849894374407,1,1
413,0.5207041469646009,0.4229327726938874,0.47181845982924414,0.17294905564060925,-139.5173425025119,26.212330428608023,1,1
414,0.5275213411630761,0.42325472088894345,0.4753880310260098,0.17598634087747736,-139.3478178312968,26.19066651942489,1,1
415,0.5088931826629387,0.4122487038372071,0.46057094325007286,0.17562619909235946,-138.58759202647704,25.55474228384484,1,1
416,0.4942097944930255,0.40949535559286465,0.45185257504294507,0.18263952249360907,-139.20328695285653,26.052016930711105,1,1
417,0.5002434577282249,0.4132149206725062,0.45672918920036554,0.17431139032621357,-137.77436186028396,24.8415453186375,1,1
418,0.499063969721991,0.41147602993416926,0.45526999982808014,0.15887091291511451,-138.13733102248278,25.56675548242378,1,1
419,0.5088135719418847,0.4122109981867226,0.46051228506430364,0.13641368371227838,-136.64720712964777,24.082949879794562,1,1
420,0.4915513569780333,0.4130321230453083,0.45229174001167083,0.13578273296087182,-138.5136034431586,25.639815572898673,1,1
421,0.5090041282863926,0.4252455560182254,0.467124842152309,0.1303245297207354,-138.333415795733,25.429431153449734,1,1
422,0.5171888023277107,0.4192632950878682,0.46822604870778944,0.12706834530158564,-137.66016738552625,25.26799774231325,1,1
423,0.5223151537231183,0.43280575872372795,0.47756045622342314,0.1518196564758433,-138.07084420203637,25.183983013070446,1,1
424,0.5197853783085531,0.43102466067580053,0.47540501949217684,0.143230218883953,-137.69837680271334,24.835778017589828,1,1
425,0.5118041605121741,0.4242392669113869,0.46802171371178053,0.13449048150484408,-137.94477813723944,24.678057617395503,1,1
426,0.519345672755904,0.43164433017129683,0.47549500146360046,0.1510982738183939,-137.60285243466103,24.58611650096088,1,1
427,0.5289722993431761,0.43621279624705805,0.48259254779511707,0.15540531905523639,-137.4536344592997,24.51341874013417,1,1
428,0.532431243362956,0.4343359590964556,0.4833836012297058,0.16770958533023161,-138.9128873410475,26.182586606881976,1,1
429,0.5197114779158257,0.43165740614714365,0.4756844420314847,0.15765824513686524,-137.92273007353057,25.58235387757258,1,1
430,0.5380313982544049,0.4416202266009389,0.4898258124276719,0.17641059009105903,-139.2681122121858,26.16599353676625,1,1
431,0.538120307637152,0.4389288067727688,0.4885245572049604,0.18353544709727934,-138.9012883598294,25.84902149800394,1,1
432,0.5241255696980522,0.4354849503269264,0.47980526001248935,0.18769707811465355,-137.4335526650137,24.769912768043426,1,1
433,0.5151916591594728,0.43193327112368884,0.47356246514158085,0.18952966835277668,-136.70258602067733,24.39292244408196,1,1
434,0.47604566600881,0.39244288554482626,0.4342442757768181,0.17669773524040716,-138.0457555396768,25.307121948943703,1,1
435,0.4595000115467997,0.377269451978982,0.4183847317628908,0.1690698094317369,-138.00807876801528,25.2516988704118,1,1
436,0.4587369379909958,0.3790684874427894,0.4189027127168926,0.15932726909124645,-137.20436771441692,24.96045219694474,1,1
437,0.4584851515947997,0.3761584844343917,0.41732181801459567,0.16059758920451286,-138.10745550157844,25.58216423020458,1,1
438,0.49791359672781604,0.40582614077062895,0.4518698687492225,0.16485843080660167,-138.38048186551305,25.691878762226697,1,1
439,0.48795630523523126,0.4033228662492989,0.4456395857422651,0.1696606716604076,-138.337487594917,25.47332313045304,1,1
440,0.48609700894187485,0.39416133334875725,0.440129171145316,0.16131916783043707,-137.5832008351438,25.450580309871032,1,1
441,0.4837878266319631,0.39401085475572684,0.43889934069384495,0.16965885737714728,-139.08877547552743,26.483512446561406,1,1
442,0.47476582303083337,0.3847626138107715,0.4297642184208024,0.1679293973990843,-138.50725663160358,26.015169602823512,1,1
443,0.4846613766728943,0.3977460401475349,0.4412037084102146,0.17287879002174925,-137.09468416274984,25.074200645057,1,1
444,0.48401794046117197,0.4008133373375987,0.44241563889938534,0.17717523635555246,-137.12342269612995,25.020188574410508,1,1
445,0.46906846990726364,0.3776368258326941,0.42335264786997884,0.1760438318799428,-138.35022296465885,25.801078787444492,1,1
446,0.45243660073378406,0.359065301456097,0.4057509510949405,0.18452703013499258,-138.48554318489693,26.614226295964155,1,1
447,0.45527507679950346,0.35906859863265533,0.4071718377160794,0.1801340423647072,-138.44672816426987,26.4332461036742,1,1
448,0.44613246478276924,0.3596119567658216,0.4028722107742954,0.1918729847850001,-138.35091812228754,26.538270410493645,1,1
449,0.44506567168959965,0.3601658587343469,0.4026157652119733,0.2066452496580555,-137.81142424166353,26.250277868878037,1,1
450,0.4614321084756134,0.3677726957455754,0.4146024021105944,0.19354709508965984,-136.9869305728297,25.369454979881482,1,1
451,0.4689861149750249,0.3706548552691911,0.419820485122108,0.18146673590950885,-137.32483225847105,25.68820959256021,1,1
452,0.4678528893486581,0.37089069649768136,0.41937179292316973,0.18677555494668305,-137.13726633402277,25.358121535627127,1,1
453,0.4901203264856838,0.38621330214485095,0.4381668143152674,0.1935023012966756,-137.7330934609705,25.775882011461615,1,1
454,0.4791218487235285,0.38178148462935246,0.43045166667644047,0.1951337096173372,-137.22048368143697,25.498188548545844,1,1
455,0.4576187808870653,0.3748151602375291,0.41621697056229723,0.1982046620285453,-137.54478850729174,25.980753753356126,1,1
456,0.45233480207154947,0.36163169062341805,0.40698324634748373,0.20479289477457155,-135.8599468072769,24.68431170160636,1,1
457,0.4551819157026751,0.37301814589345794,0.4141000307980665,0.18842067051584638,-135.27461501029012,23.830940042909866,1,1
458,0.4442385545436202,0.36954744952596313,0.4068930020347917,0.19273174879422644,-136.06328056715014,24.369572012706872,1,1
459,0.45169665688474814,0.37646485504962895,0.4140807559671885,0.2008967322585247,-136.42107123872478,24.54460018443576,1,1
460,0.46914312553813114,0.39163703971668556,0.43039008262740835,0.19414322650870192,-136.14103241429123,23.999982121282226,1,1
461,0.4713681528511678,0.387757494557795,0.4295628237044814,0.19929782635671855,-136.13829103419968,24.36660719074393,1,1
462,0.47088227504103614,0.38825317519373714,0.4295677251173866,0.1933875944104175,-136.38297174976867,24.535332454835128,1,1
463,0.47002007453785033,0.3863269454496027,0.4281735099937265,0.19419420276429292,-136.91024604397498,25.205197443578577,1,1
464,0.4531384058612458,0.3794235771021793,0.41628099148171255,0.18406062360309722,-136.78556116883834,24.881179704472366,1,1
465,0.4631785850738396,0.38185225909264875,0.42251542208324416,0.19889396498965753,-136.54219712589313,24.191267334365516,1,1
466,0.4842810700788219,0.39343538612421686,0.43885822810151937,0.18993682475693363,-136.42517924817912,24.078045706812315,1,1
467,0.4855878830552026,0.3933271437311314,0.439457513393167,0.19882248688153284,-135.80563825275829,23.672045898001016,1,1
468,0.48759919644376337,0.3945044300183038,0.4410518132310336,0.20739499114036014,-135.73714103697668,23.958467556221667,1,1
469,0.4771643667158156,0.38919938875267146,0.43318187773424355,0.1871744199554925,-137.326669459433,24.774016439129927,1,1
470,0.5024017710997873,0.4088864947280724,0.4556441329139299,0.1773863719582159,-136.2034815601337,24.02579894562439,1,1
471,0.49401402999338745,0.40346666130857584,0.44874034565098164,0.19712762963600827,-137.2712124630319,25.013421086112135,1,1
472,0.47595300398136076,0.39534611168400274,0.4356495578326818,0.19493451243995916,-137.1794561728302,24.518531732073814,1,1
473,0.46136634182829017,0.3926778515172982,0.4270220966727942,0.20138671315075593,-136.25055456609962,23.91645860169845,1,1
474,0.4716145655627531,0.404140883049165,0.43787772430595906,0.1937262134219232,-134.15578238753844,22.63992216875837,1,1
475,0.47859365665643505,0.4032879683978982,0.44094081252716666,0.18558840951671207,-135.2835467141012,23.286297497402884,1,1
476,0.4791935022648592,0.40166880768308005,0.4404311549739696,0.1845254084170831,-135.1811227685183,23.49808849661055,1,1
477,0.47104729288400593,0.39895013628482395,0.43499871458441497,0.19807813205002314,-135.26089715421315,23.75528980197508,1,1
478,0.4919236750984141,0.40585009054806526,0.4488868828232397,0.18960790906569255,-135.20240783633824,23.922773527063324,1,1
479,0.4920352940468942,0.407374967242079,0.4497051306444866,0.19109619149226167,-134.63562524881735,23.310222049532644,1,1
480,0.48938048771763615,0.4129087448763055,0.45114461629697084,0.19689842594494206,-136.09166453327214,24.624193402761684,1,1
481,0.4970559468513057,0.41705862033967783,0.4570572835954918,0.19729458079498421,-135.11852565959765,23.783358564287198,1,1
482,0.47002936027896103,0.400021408617353,0.435025384448157,0.16380672854831266,-136.02393935752613,24.033413117443892,1,1
483,0.47487036102993263,0.4037419665825026,0.4393061638062176,0.17709734907910815,-135.16603772645686,23.368604289250012,1,1
484,0.49234765283280396,0.41065012098126147,0.4514988869070327,0.18320399012028263,-135.44344150042764,23.72102799189996,1,1
485,0.489204829992709,0.4135174168351966,0.4513611234139528,0.1756805620257052,-134.76948995566005,23.218201889266417,1,1
486,0.4869459216287526,0.4154838058737719,0.4512148637512623,0.1832459991604287,-134.6296355276581,22.986122048149166,1,1
487,0.4849771149712376,0.41218314910277276,0.4485801320370052,0.16947003775904892,-134.84751254337664,23.06009957447958,1,1
488,0.48951703659248974,0.4176238524599739,0.45357044452623185,0.18882915228798172,-134.9790405439816,22.790419414279853,1,1
489,0.48977012599560177,0.41516841291529466,0.4524692694554482,0.17722512442872668,-135.6532262365669,23.74361276918505,1,1
490,0.471402278186725,0.38604195356334836,0.42872211587503667,0.1866194022855316,-137.37683972038351,25.206738057568476,1,1
491,0.47660783922694244,0.38033514082578346,0.428471490026363,0.18713614847782142,-138.72753819307925,26.455270224477257,1,1
492,0.4642833209641062,0.38127001171743363,0.42277666634076994,0.17899543362835482,-137.65523888357384,25.799153476641873,1,1
493,0.4604383227307293,0.3831461152233005,0.4217922189770149,0.1850524421638938,-137.44793710799038,25.61641789578355,1,1
494,0.45937368406493245,0.37407676868461937,0.41672522637477594,0.18808853188427974,-136.26300339316165,24.398584719901372,1,1
495,0.4295514255475422,0.36157576192370566,0.39556359373562394,0.18528486667417104,-134.93363572333737,23.370367494225448,1,1
496,0.3899904314292292,0.32599801727926786,0.35799422435424855,0.19135635735376938,-135.86896602200835,24.29938121736983,1,1
497,0.3574250250433544,0.3047041454820933,0.33106458526272387,0.23521446688508585,-135.45743791000035,24.260269707016523,1,1
498,0.31369197912748514,0.2640737427853733,0.28888286095642923,0.21089401688747228,-134.2330774783341,22.836050362612294,1,1
499,0.304284861678833,0.29572861451454446,0.30000673809668876,0.21431422073786843,-131.81778251555986,20.446865015652996,1,1
500,0.2783990152756505,0.3294651727216457,0.30393209399864807,0.2232070945828711,-129.0834026166797,17.697314926163237,1,1
501,0.33550991881569664,0.37436797636893926,0.3549389475923179,0.24008707571338503,-127.57285810585782,16.11570161820084,1,1
502,0.36567792340980093,0.47108872437701593,0.41838332389340843,0.2287909472268807,-126.58320498026711,15.201587849075759,1,1
503,0.40839267080573605,0.5396021632237175,0.47399741701472675,0.25545717380025096,-125.68286942991135,14.854005709435524,1,1
504,0.40734220236746593,0.5252549589580965,0.4662985806627812,0.229349448234509,-126.04837363942181,15.357406419707106,1,1
505,0.43038354005949037,0.5858297160285509,0.5081066280440206,0.2203171441350498,-126.13569200371158,15.560747828414929,1,1
506,0.42093059799710325,0.5666540282683246,0.4937923131327139,0.22725126012362282,-125.92386071078008,15.447926715989745,1,1
507,0.42804753488201164,0.5834046105865557,0.5057260727342836,0.20929775829831956,-125.87728137400546,15.476747264224006,1,1
508,0.42763868048873216,0.5939301872980789,0.5107844338934056,0.19092948320664072,-126.01129133718703,15.495159610822034,1,1
509,0.41766935915234554,0.5920564985948421,0.5048629288735939,0.17804284597826125,-125.86462429465898,15.183042170854877,1,1
510,0.415112511509736,0.5869248342159165,0.5010186728628262,0.16963310020841582,-126.02483487454751,15.34287173088215,1,1
511,0.42022412976111917,0.571993245780777,0.4961086877709481,0.18923676923034685,-125.76374297014928,15.114410215541646,1,1
512,0.4287310783738904,0.5807257561138559,0.5047284172438732,0.1863638916585995,-125.27992359698273,14.306374633913356,1,1
513,0.44057875187979995,0.5798695136555103,0.5102241327676551,0.1641800520566241,-125.1685925330042,14.28944067042945,1,1
514,0.44557981972232946,0.5818247314708476,0.5137022755965885,0.16338329668930313,-125.27968934889404,14.660475666069356,1,1
515,0.43508065857602346,0.5727981463284642,0.5039394024522438,0.19029201805276705,-125.32784348546382,14.29143544240036,1,1
516,0.4493100433140169,0.6197733907300692,0.534541717022043,0.19471575324280166,-126.20805476620906,15.551424484971658,1,1
517,0.433688115495819,0.5961155475510844,0.5149018315234517,0.18848946207687944,-126.1780408927002,15.870232035870053,1,1
518,0.3875290568667734,0.5106206200524402,0.44907483845960683,0.183568224329117,-126.31732284303932,16.261185692757113,1,1
519,0.3550232124584876,0.4650775213637775,0.41005036691113256,0.1503977391372463,-126.69982203563401,16.409314622978734,1,1
520,0.35252126553537044,0.4549932351783308,0.4037572503568506,0.11321320877204974,-126.95405381695647,16.455164203545724,1,1
521,0.37410993896822814,0.44989370198937173,0.41200182047879996,0.12108501577272507,-127.9103851460752,17.79821004595534,1,1
522,0.3910310532166904,0.46004652692835024,0.4255387900725203,0.10061012201782535,-127.9857706869669,18.100800505363615,1,1
523,0.39060761382349624,0.45180717005627197,0.4212073919398841,0.11403566291359664,-128.29548913684792,18.867360537790574,1,1
524,0.40338816516389875,0.4542281855842933,0.428808175374096,0.09531454297182265,-128.40196268958218,19.31548774778411,1,1
525,0.39691058671208185,0.42661207893068326,0.41176133282138255,0.10851766123086083,-129.26777366052764,20.004378435170604,1,1
526,0.39727146131862456,0.4148025829590434,0.40603702213883397,0.11036370424152867,-129.5456057583139,21.477036903921746,1,1
527,0.4035260242985735,0.4183917200803571,0.41095887218946525,0.1215299012398094,-128.89200972714372,22.109871918361733,1,1
528,0.39903514415678865,0.4069225600553742,0.4029788521060814,0.13765152169010192,-130.393163956856,21.779231817493976,1,1
529,0.41738862661560505,0.42154615220559843,0.41946738941060174,0.1599453945795696,-129.46254924237445,23.95772997753981,1,1
530,0.43123111430612426,0.4199847327899885,0.4256079235480564,0.13784751072665236,-128.9869571682403,24.43133639263295,1,1
531,0.4197834191235657,0.4152404603290602,0.41751193972631295,0.16806879453657786,-130.46869807095453,23.83754838976279,1,1
532,0.4197592639647002,0.4076328420694598,0.41369605301708,0.18543365271283355,-130.40455254012141,24.762374304579318,1,1
533,0.41885491156414445,0.4020867935869182,0.4104708525755313,0.17636840446082216,-129.98193618062285,24.787434079078032,1,1
534,0.4276931834586623,0.4191250236627225,0.4234091035606924,0.19889417982664986,-130.06661912099023,25.15074846709179,1,1
535,0.4362269083073228,0.41412859793277174,0.42517775312004724,0.1836877212910141,-130.17113378451455,25.14546173623973,1,1
536,0.4352235142662484,0.4184011191944869,0.4268123167303677,0.1783787457515911,-129.83361536844836,24.701553190284802,1,1
537,0.44419840949495754,0.41523118526691505,0.4297147973809363,0.1920986625691869,-129.72094959037292,24.960450734309212,1,1
538,0.4247167504272541,0.40367580351042165,0.4141962769688379,0.17618106422661464,-129.63150170113192,25.3216538585151,1,1
539,0.43008043053839423,0.4259270874342222,0.4280037589863082,0.1768633758974553,-130.31892427506298,25.66042061878042,1,1
540,0.4264103273422227,0.41466862862245213,0.4205394779823374,0.17680883606842032,-129.50238307879886,24.7632400533399,1,1
541,0.4618276108344004,0.4280633732906335,0.44494549206251693,0.2232714669908742,-130.01213139200308,25.497885232121355,1,1
542,0.45442201171326985,0.41047116768476233,0.43244658969901606,0.1673256537060253,-129.7274800805678,25.209189768560957,1,1
543,0.4678750373195612,0.43553932678370816,0.4517071820516347,0.17119621705359797,-130.0357165352339,25.288498756821216,1,1
544,0.48619755096525485,0.445337878047776,0.46576771450651544,0.18007142241691454,-128.46244062551182,23.816821932602984,1,1
545,0.49452539818509067,0.44861211670839063,0.47156875744674065,0.18997079803649713,-127.20160913020594,22.80736038648458,1,1
546,0.4935199200599348,0.45645271992797437,0.4749863199939546,0.22259505568105517,-125.76759424040428,20.959497042038123,1,1
547,0.47588022637635324,0.43839012712437103,0.45713517675036214,0.19129511561497878,-124.21976752658895,19.03762570132879,1,1
548,0.5397530507937518,0.45484107673038493,0.4972970637620684,0.17873502977127298,-124.82038095703344,20.360674228039624,1,1
549,0.5378049290949842,0.45591819579300324,0.4968615624439937,0.17357656865061108,-124.11821736472231,19.124042825565084,1,1
550,0.5547779210674288,0.48275008048828444,0.5187640007778567,0.12758301468711888,-124.56032212177921,20.177612874272203,1,1
551,0.5578801851269537,0.4761098031802999,0.5169949941536268,0.12864000964123723,-124.77801322763999,20.191965217336833,1,1
552,0.5489449002074044,0.4492321198098171,0.49908851000861076,0.15707955032888282,-124.10930919346968,19.486275488750344,1,1
553,0.5726548077437972,0.4668649887008364,0.5197598982223168,0.21908560017490825,-123.24850789031035,18.314872032664706,1,1
554,0.6115043576578549,0.4833178194130268,0.5474110885354408,0.26481115083277534,-123.59786947487805,18.704861310321252,1,1
555,0.5963004344753958,0.4697226098697401,0.533011522172568,0.3273107868233855,-124.19210878248022,18.894608240358288,1,1
556,0.6061479936437791,0.46333340642318077,0.53474070003348,0.3147195870638867,-124.27755929706126,18.696742178850815,1,1
557,0.6044048845364867,0.46078363225696106,0.5325942583967238,0.3246109759838037,-123.58694274216747,18.340500396378623,1,1
558,0.594691354466184,0.4539596604492593,0.5243255074577217,0.3441467741085109,-123.37067393856924,17.75625514189464,1,1
559,0.5866457448949364,0.4567980181364224,0.5217218815156794,0.29929952696249296,-122.6934225303264,18.000371747360838,1,1
560,0.5495409799619406,0.45190368655892454,0.5007223332604326,0.24743888093099478,-121.534985600312,16.95651708978331,1,1
561,0.5331800789928512,0.4419156844753325,0.4875478817340919,0.1723742680642659,-121.04427446483014,16.740240975901777,1,1
562,0.514510384396723,0.43390995946421024,0.47421017193046666,0.09393790441442497,-120.57706876586224,16.80316967071661,1,1
563,0.539586636931465,0.4436530209420814,0.49161982893677325,0.04557037448428298,-120.77987375440371,17.22511916428029,1,1
564,0.5200467764485552,0.4229743159707445,0.47151054620964983,0.05129670345729991,-120.64144026964689,17.014223324946517,1,1
565,0.5216365621281556,0.4235717559316323,0.47260415902989394,0.02915727758220895,-120.64832393575762,16.78303641431796,1,1
566,0.5265574489905243,0.42190315259671024,0.4742303007936173,0.029950871223382282,-120.74986751590475,16.685269838787637,1,1
567,0.5083527632565943,0.40439695458371316,0.4563748589201537,0.027877520836067708,-121.99361572494364,18.325103520629497,1,1
568,0.5056152699853241,0.39957066383138007,0.4525929669083521,0.027095655502327225,-122.2745280952353,18.337468427372816,1,1
569,0.5144496943340899,0.4019579002797858,0.45820379730693783,0.033063381180208046,-122.12649471950184,18.83662490220277,1,1
570,0.5072707891687245,0.4065937585557933,0.4569322738622589,0.02975108106065665,-121.01085512900315,17.88695795615121,1,1
571,0.49756592583555437,0.39456475034272376,0.44606533808913906,0.026520419863087667,-121.13967894787369,18.370183691008013,1,1
572,0.4914057972402055,0.3985498801196396,0.4449778386799226,0.027991531658211753,-120.047343853541,18.153043101576394,1,1
573,0.4994717746737275,0.3947711375406658,0.44712145610719667,0.02718077904287723,-120.08320582391902,18.617888675667857,1,1
574,0.49203052636899425,0.3868633274445613,0.4394469269067778,0.02560512921790875,-119.68071992569973,17.50960608088921,1,1
575,0.5042109506066044,0.3962917048432368,0.4502513277249206,0.026151318363490644,-119.36267319264412,17.02287195331969,1,1
576,0.5106825312002721,0.39601312730554455,0.4533478292529083,0.027759480416446016,-120.91358163883194,18.114190117095067,1,1
577,0.5012937622546995,0.38805004945286303,0.44467190585378125,0.020371956365395426,-121.64996850675782,18.73895100433709,1,1
578,0.5063381743717776,0.3929808630063894,0.4496595186890835,0.021756718565744095,-121.28605916021289,18.217736170510864,1,1
579,0.5145534394349192,0.3865364079044783,0.4505449236696987,0.022877347617370584,-121.2249957773512,18.42875073245354,1,1
580,0.5039506879665545,0.38557423995780293,0.4447624639621787,0.01889694600450222,-121.08777317217404,19.137201407326753,1,1
581,0.49660498934277675,0.38602007790800646,0.4413125336253916,0.01985488097701746,-120.94186191440154,19.120345464147213,1,1
582,0.5024649487922306,0.3901778987298551,0.44632142376104283,0.020650730987523878,-121.92983516263754,20.44746770901004,1,1
583,0.5080058783033363,0.384684278649982,0.44634507847665916,0.020097437536101905,-122.73122842618338,20.74294365117213,1,1
584,0.5200752157444969,0.3956232387295441,0.4578492272370205,0.021276723875626548,-121.90508985937223,20.427270049912007,1,1
585,0.513912228194136,0.3998996666063236,0.4569059474002298,0.019333418504689642,-120.42155036375415,19.630892350836596,1,1
586,0.4973680890528493,0.38610153799916214,0.44173481352600574,0.042720136601721095,-120.0988147316947,19.116268605047967,1,1
587,0.5034123761186982,0.39391116331958376,0.44866176971914096,0.15959142526288525,-121.1475672008799,19.49812518793186,1,1
588,0.4996318517452447,0.3880842648063144,0.44385805827577957,0.16697156627886928,-120.79316203688023,19.401814963754237,1,1
589,0.4795155583518087,0.3697267937012182,0.42462117602651345,0.13002460048210063,-120.36755775308245,19.30701424018833,1,1
590,0.4843552484664115,0.3753032312967981,0.4298292398816048,0.09202514569130553,-119.40441477231461,18.800452552980264,1,1
591,0.48280931668156435,0.36907410382925965,0.425941710255412,0.046682776487323226,-119.42493548814082,19.646267246367895,1,1
592,0.5077263095468963,0.3852781815988293,0.44650224557286283,0.02606945300881519,-120.831422668116,20.555133718168566,1,1
593,0.4952257129171038,0.36254734180270753,0.4288865273599057,0.053303664713699545,-119.96353600841744,20.00210968952147,1,1
594,0.5087042750630868,0.38034710577723935,0.4445256904201631,0.04152662332168763,-121.99347063107169,21.268844074301114,1,1
595,0.532340959520581,0.39986500292185323,0.4661029812212171,0.022333042077902262,-121.89733022658982,21.660453506442863,1,1
596,0.5139060198655974,0.3935114706835605,0.45370874527457894,0.029483607651396175,-120.47171877179932,20.46537989167942,1,1
597,0.49622137743625055,0.3568807572657172,0.4265510673509839,0.025804492875611353,-120.17653713182193,20.88152372306145,1,1
598,0.49379910371867997,0.3564315173979845,0.42511531055833224,0.03519491608583706,-119.44295883252732,19.450986926507223,1,1
599,0.4955742432509381,0.36983368938701205,0.43270396631897506,0.059762648082513345,-117.64360923262404,18.157291700702075,1,1
600,0.494364914539164,0.36616627426281856,0.43026559440099127,0.0700911946156316,-118.59870362200333,19.09279403989416,1,1
601,0.4968853595073395,0.3629819256576985,0.429933642582519,0.09593174553169151,-119.32057126906953,19.411779718204986,1,1
602,0.49967869372274887,0.3650906809244095,0.43238468732357915,0.0476994637905055,-119.98673698196181,20.01065150380157,1,1
603,0.48864856552771707,0.36753225302560943,0.42809040927666325,0.028745298648766564,-118.43105110145831,18.452012286989646,1,1
604,0.49129300182147656,0.37900705906165033,0.4351500304415634,0.022293671951216013,-118.85369841830918,18.894189140191106,1,1
605,0.5015199642934924,0.37238549072871313,0.4369527275111028,0.04618362075535323,-117.79630970958657,17.809922729349378,1,1
606,0.5191345868329786,0.37976073238516017,0.4494476596090694,0.03311577634806223,-118.38745438544855,18.22844307105876,1,1
607,0.5420317250782395,0.38908752780012607,0.4655596264391828,0.03320876690406252,-117.86903284328116,17.127800610057236,1,1
608,0.5493225392794806,0.37921712071213354,0.46426982999580707,0.06000096618808993,-117.61696091388178,17.1152676476384,1,1
609,0.5357048985582833,0.374006983941973,0.4548559412501282,0.07881040660730326,-117.5778694984768,17.154744984845813,1,1
610,0.5415678729836164,0.38279706419627235,0.4621824685899444,0.036999663222354054,-117.68535210063993,17.37508530940011,1,1
611,0.552777077756522,0.3982943159147954,0.47553569683565866,0.03705173731875179,-119.02108352878199,18.13782303366074,1,1
612,0.6089327158191775,0.4128414563124076,0.5108870860657926,0.06767192480243829,-118.06884505151176,16.12831180947113,1,1
613,0.5442884100804133,0.39983151012453677,0.47205996010247503,0.19867533213674088,-118.24921953327924,16.07603791838256,1,1
614,0.5262703015198417,0.3850041822291502,0.45563724187449595,0.2594794591641887,-118.38065678517731,15.201730749307607,1,1
615,0.5705603347089897,0.40331591594628136,0.48693812532763553,0.2885999200271592,-119.10202453934671,15.315427656097947,1,1
616,0.6017199863495047,0.42526806408650536,0.513494025218005,0.26875918997146747,-119.36749800861715,16.361273856125493,1,1
617,0.5984276739108267,0.41977656440406064,0.5091021191574436,0.03943655563895682,-120.26211251583432,17.9119434067551,1,1
618,0.5858805402112591,0.4084804035780658,0.49718047189466247,0.025118628315996244,-120.73768541402274,18.085712116120757,1,1
619,0.5954483082782691,0.41485099573717454,0.5051496520077219,0.026650818161608095,-120.39790878677937,17.553569533617868,1,1
620,0.5741988987591554,0.4037656355463191,0.4889822671527373,0.02451334506731225,-121.05005490499458,18.494867558875214,1,1
621,0.5762296586451197,0.3997486548957057,0.48798915677041266,0.020829822832288618,-121.2531005601894,19.350150778940403,1,1
622,0.5652098266433735,0.39820306859326743,0.4817064476183205,0.021795809502251646,-120.68700205867806,18.799064222270584,1,1
623,0.6057204063780006,0.40108836297324546,0.5034043846756231,0.026021152396990595,-119.88003029331418,17.11075839567301,1,1
624,0.5864306000555627,0.3992853674567247,0.4928579837561437,0.01997717312223178,-121.05266429551729,19.197242119303453,1,1
625,0.5858329409174374,0.3973238360290021,0.4915783884732198,0.023219965395015627,-120.92452988549579,18.19504560463451,1,1
626,0.603437206440908,0.40650331587394506,0.5049702611574265,0.020605077868093784,-121.40171161356167,18.52005819890781,1,1
627,0.5842123014330947,0.3995014321172709,0.4918568667751828,0.024134675427799547,-120.87054903908715,18.343320269776257,1,1
628,0.5796444388502004,0.4007928670078039,0.4902186529290022,0.021880745042756035,-120.7751071910441,18.196975168785055,1,1
629,0.5854384503469524,0.4128461690709449,0.4991423097089487,0.02195317328517514,-121.01749300371841,17.583079949333346,1,1
630,0.5706982090010391,0.4030013521457103,0.4868497805733747,0.024262220614376884,-121.23783517093237,18.491491778316075,1,1
631,0.5827563222754208,0.41374077276442284,0.49824854751992187,0.024113330490132163,-120.59706393470789,18.11131284752259,1,1
632,0.5735234993460715,0.4064013616844113,0.4899624305152414,0.02360224637667289,-121.24067285209894,18.09738686198005,1,1
633,0.5716658748689579,0.4074351672523836,0.48955052106067076,0.021482616843540317,-120.84031997702735,17.80793442493348,1,1
634,0.5816106013925583,0.40369471371011334,0.4926526575513358,0.018679728905943743,-120.8766785087165,17.234636951948676,1,1
635,0.5419244335333596,0.40449590965063287,0.47321017159199624,0.012991318537266403,-122.4126722852584,18.845940954696754,1,1
636,0.5097563714656997,0.4082534402658487,0.45900490586577425,0.005256676809696672,-121.90153402097951,18.357482636402242,1,1
637,0.4942745097186123,0.400945706969636,0.4476101083441242,0.008231672618650774,-123.00029551504579,19.46258028198786,1,1
638,0.4857537220974226,0.39376164481649567,0.43975768345695915,0.012648093335980675,-122.4048967604112,17.971235860099707,1,1
639,0.5032552237942789,0.4099420992964519,0.45659866154536544,0.015375473683462851,-123.81339367039244,19.58206695716269,1,1
640,0.5041005129129268,0.41606424009400794,0.4600823765034674,0.01723849821691393,-122.77120163541308,18.25508788486332,1,1
641,0.49499283221370394,0.40748189434004395,0.4512373632768739,0.009218893886990912,-122.90013467561204,17.88741004251219,1,1
642,0.5217874691956249,0.4154745852045459,0.4686310272000854,0.015648481935006873,-122.79464530731202,17.54817646759993,1,1
643,0.52124388293832,0.40305632813476355,0.4621501055365418,0.018185041983357568,-122.49351072843953,17.2832771654255,1,1
644,0.5372177859418468,0.4132205763014011,0.4752191811216239,0.07024219203535502,-122.3255612034314,17.65323204812203,1,1
645,0.5434086762755441,0.4380404034831745,0.4907245398793593,0.11829628475430021,-123.26084304336614,18.33831574452113,1,1
646,0.5422567108775981,0.4293022030087245,0.48577945694316127,0.12239306458389154,-122.88009439507253,17.589731247639286,1,1
647,0.5689879022757117,0.4371691110172265,0.5030785066464691,0.16129857492997243,-123.23797739114327,17.872645914914145,1,1
648,0.5737422869965584,0.4338661305890599,0.5038042087928092,0.15553282429307225,-122.5627462153795,17.07443449500249,1,1
649,0.558858132914824,0.4235936398069749,0.4912258863608995,0.2238688320218276,-122.87471125265222,18.091129627358136,1,1
650,0.5509123743913052,0.40498574587191694,0.4779490601316111,0.27286253825599427,-123.54216064161906,18.48514070614286,1,1
651,0.5600310779522474,0.3815447541231719,0.47078791603770964,0.3750460093166207,-123.50431651208146,18.187710933661005,1,1
652,0.5631696678754505,0.37900613028795777,0.4710878990817041,0.3914582621405158,-122.93005425088121,17.854874359144564,1,1
653,0.56356305208031,0.39048017980870403,0.477021615944507,0.4425516028077356,-122.47657157735242,16.65912732305328,1,1
654,0.5841003817942866,0.3993482088204482,0.4917242953073674,0.42994241382751636,-120.8888895336623,14.800324248575512,1,1
655,0.5943513661313949,0.3987757829977554,0.49656357456457517,0.4326463492682039,-121.13529822538725,15.620460537138898,1,1
656,0.5963837787930804,0.3945957577481372,0.49548976827060875,0.3990442256059551,-120.85683164142606,15.38711053358578,1,1
657,0.6725672381392976,0.4281387528033181,0.5503529954713079,0.3112600436919128,-121.28621355716048,15.25007284732079,1,1
658,0.6776850593251713,0.4316785401003651,0.5546817997127682,0.2521462221099875,-120.68233307343363,15.06985037370444,1,1
659,0.6829911448879317,0.43731196179556014,0.5601515533417459,0.1968579932972172,-121.0084846752306,15.50238146236256,1,1
660,0.7157411723072369,0.4372450667476005,0.5764931195274187,0.11244832937015224,-120.23302902203854,15.041910244599388,1,1
661,0.6845029071547376,0.44154358990821174,0.5630232485314747,0.097146891104229,-119.0518228958158,13.808161609343848,1,1
662,0.6008131763775705,0.41555419928238047,0.5081836878299755,0.08091249115297965,-118.30288267615093,13.199492565533914,1,1
663,0.6294788932459253,0.4045215759075657,0.5170002345767455,0.09149567406727264,-117.66775725308999,13.10012455975598,1,1
664,0.5621703349718631,0.3607845832107271,0.4614774590912951,0.10950825037720809,-117.4387358658142,13.568485097847304,1,1
665,0.6064479774597775,0.3652542104376151,0.4858510939486963,0.23503735526016245,-116.89536884999531,12.888272186918249,1,1
666,0.7234720738701303,0.38404530657276975,0.5537586902214501,0.2742114863201783,-116.63322691944819,11.867191334885629,1,1
667,0.7954579784617455,0.39533622143762287,0.5953970999496841,0.3391753893978586,-116.01757919033196,11.747117069813774,1,1
668,0.7839805195346764,0.40616032866668067,0.5950704241006786,0.33612622126337344,-114.6873387187259,10.446519728517982,1,1
669,0.846586318116218,0.41968315208141577,0.6331347350988169,0.35019602743709644,-115.25222192425981,10.260657788006473,1,1
670,0.832330780792435,0.4419284035185885,0.6371295921555118,0.3293668630284254,-113.87075167440703,9.160559746765957,1,1
671,0.9268329243038537,0.4566418936726617,0.6917374089882578,0.21780945818367553,-114.4507007478084,9.633939461971478,1,1
672,0.8683469641123747,0.45937888905190283,0.6638629265821387,0.15035368786833903,-114.38538666950974,9.339057893798104,1,1
673,0.8771231487578895,0.4518503607365684,0.664486754747229,0.06114774782746677,-114.04432207783368,8.824608853569062,1,1
674,0.769285654435487,0.4409697750345064,0.6051277147349967,0.06615779771033982,-117.3195363841404,12.977494760666014,1,1
675,0.6973650612316094,0.4433112060156468,0.5703381336236281,0.12193203669953008,-116.66615159976683,12.107419405983162,1,1
676,0.7730902782667763,0.47383354786549864,0.6234619130661375,0.13938917654906166,-117.98802568421429,12.393320134940772,1,1
677,0.6899228976975108,0.4397802507924807,0.5648515742449958,0.04043423851342612,-119.79713211010011,14.292931251894583,1,1
678,0.6966073175121649,0.4629595662278506,0.5797834418700077,0.03313187056153396,-120.56388263572195,14.78873321521516,1,1
679,0.6835153529325195,0.43458767564815376,0.5590515142903366,0.028265131344354308,-120.3246005244615,14.183705248805051,1,1
680,0.6715229454938301,0.4501224986159254,0.5608227220548777,0.029033578558708098,-121.16271339250099,15.690377228883738,1,1
681,0.6433981181149977,0.44800970892890457,0.5457039135219511,0.03249152604966233,-123.8045485891138,17.76113890255391,1,1
682,0.6416511485784268,0.44551144846261964,0.5435812985205232,0.03690519304599876,-122.37979080148793,16.8767237870657,1,1
683,0.655933228968198,0.4471964115427975,0.5515648202554977,0.1493905247979007,-123.16997724136591,17.209562267658896,1,1
684,0.6551084133366141,0.45238673173066823,0.5537475725336412,0.2520031778117664,-121.61056414019174,15.821892530395537,1,1
685,0.6397063542818069,0.45796239983265163,0.5488343770572293,0.2635898374189819,-123.07214762761633,17.50914271937415,1,1
686,0.5987206648208115,0.4451679196283961,0.5219442922246038,0.2648311714964398,-121.38871024315017,16.03540055078769,1,1
687,0.6168937079945384,0.43967044337857675,0.5282820756865576,0.2700827273016892,-121.35569499455386,15.309880276018136,1,1
688,0.5693398877419991,0.4359477908750202,0.5026438393085096,0.24744004276776255,-120.78622404539618,14.254981160444913,1,1
689,0.5718684723730795,0.4462790975241605,0.50907378494862,0.2112294789134436,-121.99185083992374,16.991703791030286,1,1
690,0.53593799191608,0.4367176020565935,0.48632779698633677,0.19994323654708435,-123.04468633437872,18.232968102088034,1,1
691,0.5557649597782277,0.43875205967264275,0.4972585097254352,0.1839749906944028,-123.27030897320547,18.55526746071771,1,1
692,0.540687578989694,0.43488768176845294,0.48778763037907347,0.17029238367450397,-123.61275608478743,18.95392240397444,1,1
693,0.5406767186545957,0.4435470644003382,0.4921118915274669,0.12883826931533676,-123.23994078819065,18.46118033424022,1,1
694,0.5138921068251894,0.4341067394212131,0.4739994231232012,0.07882824783163754,-122.9052753618133,16.670601137381425,1,1
695,0.5308511929132196,0.441634469807835,0.48624283136052726,0.08183122509892808,-124.46813038499737,18.388874491815915,1,1
696,0.5545464873557714,0.4567466188254467,0.505646553090609,0.0677650362244207,-125.04341910543934,18.808651076429456,1,1
697,0.5467169640010192,0.43872283961081876,0.49271990180591896,0.056348342087012615,-124.97525245793744,18.73678464297959,1,1
698,0.5508458763013663,0.4415597074987931,0.49620279190007965,0.035730596965566463,-126.4076325268015,19.853807104890215,1,1
699,0.5341475672568267,0.4353136308486414,0.484730599052734,0.07596655305757952,-127.16764542124818,20.10803285284912,1,1
700,0.5490522448855306,0.4509651697321858,0.5000087073088582,0.12682438642612082,-127.61559968262362,20.32056245919463,1,1
701,0.5583985548452347,0.4567829798414663,0.5075907673433505,0.14720505595766092,-128.39968433713503,20.835232633941953,1,1
702,0.5642236806110815,0.45649122896496847,0.510357454788025,0.17181867505320558,-129.26132210837554,21.10036772112053,1,1
703,0.5606478490838612,0.45372020006097213,0.5071840245724166,0.22251864750073677,-126.46287792964598,18.992637933603305,1,1
704,0.5799358446633618,0.4582730830570715,0.5191044638602167,0.2538781761031597,-127.45877218924416,19.52976466316953,1,1
705,0.6095715103455353,0.4654422494917071,0.5375068799186211,0.24676011925631453,-128.9419727174691,20.672755625876576,1,1
706,0.5548208564991762,0.43188922644957184,0.49335504147437403,0.25561691648473645,-128.21632324689764,20.032232095167203,1,1
707,0.5197913932118283,0.39212017558277623,0.4559557843973023,0.229408236126795,-129.70777227787883,21.08571689547434,1,1
708,0.5490295992766466,0.3958299768400607,0.4724297880583537,0.22736124408551056,-130.91660592329487,21.283862287238065,1,1
709,0.5384898624277792,0.39404787424358395,0.4662688683356816,0.19532515794556018,-132.23548965614012,22.844794952645962,1,1
710,0.5225375965805055,0.4118080033467179,0.4671727999636117,0.2050744132068802,-133.6364983865132,24.13983555109015,1,1
711,0.5186605056216048,0.4155419761418231,0.46710124088171395,0.19391350913240948,-135.48817530268497,25.830469448492398,1,1
712,0.5120757581292928,0.41934536640670705,0.46571056226799995,0.18333946308371102,-132.7590551300552,23.703347415336065,1,1
713,0.49222247456318824,0.3938150509334057,0.443018762748297,0.18629597392846925,-133.6816474536577,25.07232137188658,1,1
714,0.46919484000253586,0.39177288602708105,0.43048386301480845,0.17228014592785484,-134.17826194392848,25.820871386240796,1,1
715,0.4585136847169324,0.39400162744428613,0.4262576560806093,0.17338745476116138,-135.3836700225634,26.98349182304873,1,1
716,0.4643705167764099,0.4044430733224384,0.43440679504942414,0.17677163932381973,-135.26860496454506,27.426859509389622,1,1
717,0.4667537081045447,0.4048990108417265,0.43582635947313564,0.16375405794667997,-134.82668190783178,27.247282508687018,1,1
718,0.44958637781634303,0.3908306617043805,0.4202085197603618,0.17133724274923665,-134.6487321338976,27.261605957816844,1,1
719,0.4495351677338129,0.3940354333555219,0.4217853005446674,0.15753996227264033,-133.5959826285364,26.588108375999212,1,1
720,0.450145195635106,0.3919799375323789,0.42106256658374247,0.15469772858618666,-133.22167896296054,26.764096692519495,1,1
721,0.45146246262156947,0.39552858820488535,0.42349552541322744,0.16350760281991095,-132.04916341684654,25.771967619234474,1,1
722,0.44341901698563535,0.39160314979873134,0.41751108339218335,0.1581217997979851,-132.3872409330497,26.152502120426185,1,1
723,0.4529534581296579,0.40738673950672416,0.430170098818191,0.16059624095120065,-132.74977540283524,26.4141701648178,1,1
724,0.46111680006719685,0.4073902173622882,0.43425350871474255,0.1483053125716122,-132.83359996244758,26.49714804546294,1,1
725,0.4669761265445643,0.4069052514773112,0.43694068901093774,0.14460731390806197,-133.18814214442435,26.66430869269436,1,1
726,0.4621704198872453,0.40611236953408625,0.43414139471066576,0.1582061916903734,-133.97667606594922,27.138129932787447,1,1
727,0.4519905144198471,0.4027649588718799,0.42737773664586354,0.14331983846210475,-134.17414800458573,27.453252004558305,1,1
728,0.4774090946671446,0.42358467833309016,0.4504968865001174,0.131262674538368,-133.97933541646393,27.296962011802133,1,1
729,0.48439501244763805,0.42146007670663144,0.45292754457713474,0.14584709471910515,-134.36304335290305,27.666042447825586,1,1
730,0.49469552252357335,0.4257841438999494,0.4602398332117614,0.13873390632878901,-134.33603263805045,27.664063491081734,1,1
731,0.4754060323950531,0.415570080124255,0.44548805625965404,0.14634107214104683,-134.02828590060466,27.405839428414485,1,1
732,0.4729620860502449,0.4076726757364186,0.4403173808933317,0.15800899756692266,-134.5821409086841,27.41725057379066,1,1
733,0.4866490612328624,0.4216508221292594,0.45414994168106093,0.15789841783549824,-134.7642318853029,27.512454005144285,1,1
734,0.46456133369512814,0.41059024530162147,0.43757578949837483,0.1729345061079338,-133.47620938035905,26.790002402349025,1,1
735,0.47912580279736716,0.4198046633570225,0.4494652330771948,0.20644699270493783,-133.55382718232443,26.66654840828717,1,1
736,0.47910169654236856,0.40845611212515304,0.44377890433376077,0.2195124543799712,-133.5103016810154,26.488024617926857,1,1
737,0.48363038905831157,0.42288792126168134,0.4532591551599965,0.21197595369961528,-132.0047264181525,25.410735105913016,1,1
738,0.47726533863492204,0.4303914266608225,0.4538283826478723,0.21413695787516274,-131.67189631514472,24.896458804213832,1,1
739,0.48022455227481314,0.44298512965302994,0.4616048409639215,0.20457062176069432,-132.37182973880257,25.58549882127483,1,1
740,0.4811161694947165,0.44501580721134126,0.46306598835302887,0.17842820600460432,-132.75037565307525,26.05850452872396,1,1
741,0.4762538527006104,0.44086649463326566,0.458560173666938,0.1559699591370654,-133.14495283921465,26.183792272080403,1,1
742,0.47080688358675743,0.4435470585383923,0.4571769710625749,0.1251653662158144,-133.29967800475706,25.973121841429773,1,1
743,0.476938385912542,0.4428633598601412,0.4599008728863416,0.12282251735221734,-133.77756312841984,26.705149774751323,1,1
744,0.47225979504243043,0.43672107242581126,0.45449043373412085,0.10792702147520382,-133.4212671737025,26.183902770734537,1,1
745,0.4759086285129292,0.4433202131611173,0.45961442083702325,0.12311501108205278,-134.18116815714254,27.115000954551263,1,1
746,0.45382015643863555,0.436328231660834,0.4450741940497348,0.145915707319726,-133.20467622435055,26.14988592448167,1,1
747,0.4777754700036027,0.45017360993785765,0.4639745399707302,0.17563793948928857,-132.7303263162182,25.896776952196852,1,1
748,0.46564561418086464,0.440468272210558,0.4530569431957113,0.22050866275494838,-132.50969378003592,25.286986285449817,1,1
749,0.4693668856317366,0.4413065979127261,0.4553367417722314,0.2546989958803502,-131.19597330468613,23.793325646002387,1,1
750,0.46764092027478027,0.4310474594485686,0.44934418986167446,0.3036672725402134,-131.6451795339204,24.423556920254352,1,1
751,0.43520797422919505,0.40444166212585303,0.41982481817752404,0.32485336280066296,-130.54890402750263,23.402478973460823,1,1
752,0.43148713396823196,0.3958622793285723,0.4136747066484021,0.2906472763265498,-130.1449166813351,22.885274314102727,1,1
753,0.4227304003939808,0.4072058275474566,0.4149681139707187,0.24714192484656058,-131.1260449441583,23.409937885333807,1,1
754,0.43618970912168886,0.4154715134914757,0.4258306113065823,0.2783535843912575,-131.1405722836224,23.1629411097552,1,1
755,0.4512874573206837,0.4216972948873975,0.43649237610404057,0.2524484471523463,-131.0071675757853,23.611061345783302,1,1
756,0.44518855528311707,0.4185968078539605,0.43189268156853877,0.2582114088461773,-129.6323312008701,23.274228873646443,1,1
757,0.4659381116555533,0.44308113246501313,0.4545096220602832,0.21434102120495446,-129.94731651653788,22.986008871026833,1,1
758,0.4856669478697183,0.44186226852670146,0.46376460819820986,0.20958236715213435,-129.83863905930247,22.921222647646676,1,1
759,0.503967807610251,0.45058941688813436,0.47727861224919266,0.12923928467367432,-129.5942651727319,21.41088982384587,1,1
760,0.4970462708571756,0.44110331243688716,0.46907479164703136,0.07339075110379022,-129.54603484058072,20.15780628800167,1,1
761,0.518687189896921,0.4355585323106589,0.47712286110378993,0.07380330692059306,-129.2677412832484,19.87387878874928,1,1
762,0.5343357158312472,0.4476336822593388,0.49098469904529296,0.04587061637516158,-128.39076171022478,19.737793237590637,1,1
763,0.5350370604372809,0.4434159231355905,0.48922649178643574,0.023370229140992384,-128.47498402092273,20.035034699914263,1,1
764,0.5344249668433869,0.44742526389172343,0.4909251153675552,0.020751499938970464,-128.3050289568973,19.84186764919111,1,1
765,0.5259186979074273,0.44793580438316943,0.48692725114529833,0.029607069094767863,-128.0388137307202,19.897402781886967,1,1
766,0.568531487932954,0.45810451273632874,0.5133180003346414,0.02835239435825057,-126.91856647608051,19.264889075222772,1,1
767,0.6012536957890721,0.46080688736638986,0.531030291577731,0.04641373095857238,-128.10501559546535,20.41004856434983,1,1
768,0.6092674560497862,0.47135574860066426,0.5403116023252252,0.10376169690951365,-127.75855545447561,19.79901408442345,1,1
769,0.6287148009902158,0.46855749778617656,0.5486361493881962,0.19624695645822843,-127.79301615285489,19.815109668868793,1,1
770,0.6202325006320871,0.45902650556278235,0.5396295030974347,0.2832834038622155,-128.92545596006136,20.63472880480327,1,1
771,0.5940681384144328,0.44953174823770536,0.5217999433260692,0.24047370254988457,-128.45291519432084,20.316992165405626,1,1
772,0.6074886658461846,0.45566382785227255,0.5315762468492286,0.1261655807013217,-127.93651476358646,19.829663402187595,1,1
773,0.5667924571118003,0.44004851691691615,0.5034204870143582,0.13028343254249655,-128.24440239965452,19.896924498256038,1,1
774,0.5459869348359224,0.4282353198388475,0.48711112733738493,0.23053972270331136,-128.43625153236522,20.319990684093447,1,1
775,0.569541914496587,0.44153238860476,0.5055371515506735,0.33032179874085393,-127.22657509864108,18.811554600521077,1,1
776,0.5664317619787493,0.4369956469220404,0.5017137044503949,0.3384004399114994,-128.91985412250767,20.03332978677032,1,1
777,0.5658007625888165,0.4379219385256437,0.5018613505572301,0.2979642098377111,-128.806165010337,20.019333398796295,1,1
778,0.5525879872761859,0.43190887605440653,0.4922484316652962,0.23884905043537719,-127.77318234985941,19.500384044268475,1,1
779,0.6095920043541282,0.4541390300716518,0.53186551721289,0.21834061145920497,-128.75438853601665,19.65470298408993,1,1
780,0.5661362532896382,0.4372332074003086,0.5016847303449734,0.0664700538815158,-130.08122666411424,21.35308039195884,1,1
781,0.5956246151007552,0.45378687575680215,0.5247057454287787,0.02868332484675029,-131.408340643527,22.343995948097067,1,1
782,0.5686822770259945,0.4448736142133336,0.506777945619664,0.028769304593884527,-130.05411687561434,21.1926986359693,1,1
783,0.5916796328139218,0.45378376619813077,0.5227316995060263,0.030688039130941546,-128.93409020533383,20.230049769384415,1,1
784,0.5950665076072194,0.4527860603605736,0.5239262839838965,0.05217572159198629,-128.02806592229382,19.328445178215762,1,1
785,0.6048418165839972,0.4485961214357957,0.5267189690098965,0.06873057879654706,-126.51771733355207,18.258646485279286,1,1
786,0.6039325936643302,0.44807720985781546,0.5260049017610728,0.09259352422140325,-127.38465162944586,18.87928728476202,1,1
787,0.6154151979330239,0.4503423047772007,0.5328787513551123,0.1081557969433093,-127.97003151272185,19.44558585374611,1,1
788,0.6149954358544767,0.44749696794596766,0.5312462019002222,0.12369983386046116,-127.60653587366136,19.061075906937393,1,1
789,0.6092316881008084,0.4515391708808199,0.5303854294908141,0.13546113016904152,-127.38381810734288,18.851552021353644,1,1
790,0.6079583090994457,0.45120695746000183,0.5295826332797238,0.12960142888946075,-129.21733172385078,20.32317024694902,1,1
791,0.6000255259436416,0.4416412297049723,0.5208333778243069,0.1201379627994315,-129.1964474807279,20.177306802799844,1,1
792,0.6081410886060431,0.44685572803927903,0.527498408322661,0.12193743434028038,-129.86358976131436,20.64219135944948,1,1
793,0.6122880027807853,0.45057957864677517,0.5314337907137803,0.12746504037441045,-133.417480915548,23.263109847526724,1,1
794,0.6031339972153639,0.4516432286543862,0.527388612934875,0.1480673818342741,-132.63500028308528,22.82019355962942,1,1
795,0.6104858838038516,0.4504758170775854,0.5304808504407185,0.13409127983142313,-131.01759712077637,21.92242881596728,1,1
796,0.6146865688525602,0.4601305549940149,0.5374085619232876,0.11309363113656012,-132.60498489304254,22.888061580793366,1,1
797,0.5996047889943551,0.4524975244673266,0.5260511567308408,0.07452350893198757,-131.80074965168276,22.14526919238414,1,1
798,0.5891987602795209,0.44080882620888145,0.5150037932442012,0.0881643359308571,-131.0950526693167,22.053206865195992,1,1
799,0.5962750973497758,0.45096780153778604,0.523621449443781,0.06263529910214216,-131.47772291132836,21.908254875548383,1,1
800,0.5898440774441066,0.44515606663179913,0.5175000720379529,0.08741132935029483,-130.2507516164379,20.644432606472797,1,1
801,0.5906652882596806,0.441552595407483,0.5161089418335818,0.08420859045231438,-131.33594237460403,21.251896878123205,1,1
802,0.5940843433512816,0.4468308380590467,0.5204575907051642,0.08559799370278724,-131.43673259345266,21.71922635489696,1,1
803,0.6127395809554125,0.44094936884346725,0.5268444748994399,0.13484518150564406,-131.17752308395237,21.357779311892955,1,1
804,0.6200097543074907,0.4374293291805129,0.5287195417440018,0.14899313828815622,-128.26061505648627,19.154052669486433,1,1
805,0.6083818828728771,0.4345252139552059,0.5214535484140415,0.15358905597782,-126.11190229418293,17.512769553200233,1,1
806,0.6279153841415481,0.43456269286338023,0.5312390385024641,0.2137634009607996,-124.36023124704248,15.918738270878269,1,1
807,0.5757957319621143,0.34446339673014453,0.4601295643461294,0.17325009779667863,-123.19528967891392,14.736625171390662,1,1
808,0.6548806052887767,0.3492589492996003,0.5020697772941884,0.18483953677018491,-117.87676969803883,10.637699128191162,1,1
809,0.7233469575619861,0.37565959852750574,0.549503278044746,0.22562711913320718,-115.76367086447851,7.5504191938597005,1,1
810,0.7523913514502895,0.3632847349999051,0.5578380432250973,0.20669454271242318,-118.28135182199232,10.794291895059853,1,1
811,0.7945213881721624,0.38183605060213965,0.588178719387151,0.25257561318071814,-141.23929734571317,23.793117471594208,1,1
812,0.8315921891804939,0.3812292290508277,0.6064107091156608,0.23543255300637625,129.22621801920837,29.7991791217669,1,1
813,1.0614107268407793,0.35888749166580625,0.7101491092532928,0.3787516058605716,-115.3909320890673,10.861176800345884,1,1
814,0.9339618344291482,0.3759164124367302,0.6549391234329391,0.3121870404883649,127.17564547372244,27.407160511296517,1,1
815,1.089585366757308,0.36976268348753333,0.7296740251224207,0.5127425710569485,-107.26474155343686,-3.5432600333678796,1,1
816,0.9872907218524575,0.4227097119203056,0.7050002168863816,0.3321250292474797,129.7602830073657,30.927492241392056,1,1
817,1.0193122750323111,0.39357113606369426,0.7064417055480027,0.4796654610691136,-113.3251963210318,-1.6120215577208556,1,1
818,1.085056449325573,0.41063317885503875,0.7478448140903059,0.41848899047407084,-104.56965093518183,-4.319789812506462,1,1
819,1.1419842862551002,0.3946811675091892,0.7683327268821447,0.48135984384220654,-105.90475010771718,-3.3083990518701323,1,1
820,1.2002070752042937,0.4067507295326292,0.8034789023684614,0.4077530916930348,-105.81254854558821,-3.2035963615709897,1,1
821,1.0684824755622544,0.37576269601065515,0.7221225857864548,0.384708983475495,-105.67033246152909,-2.3890092401366063,1,1
822,1.1139125957587583,0.3817390698346529,0.7478258327967056,0.4242367833603737,128.90610893486178,28.45256346060501,1,1
823,1.1671006272938547,0.4053081831732444,0.7862044052335495,0.3854896111204769,-105.09711745691673,-3.739033847725338,1,1
824,0.7200834029228205,0.3502761135444942,0.5351797582336574,0.2726441201296565,131.06794543710544,32.42332810651454,1,1
825,0.8232398612218672,0.408115264779337,0.6156775630006022,0.2749765601248128,133.39204142537267,33.61974101525307,1,1
826,1.0230680941791657,0.4912629671971724,0.757165530688169,0.21777567540215292,-109.6205905549625,-1.018264271925048,1,1
827,0.9394834736531817,0.4988821032191287,0.7191827884361552,0.19486069592029925,-118.90179937675603,7.874528558391652,1,1
828,1.0170192622871865,0.4950190538455762,0.7560191580663813,0.3060334703589949,-109.24113349959951,5.115778223082632,1,1
829,1.0598568018465548,0.5054266008008178,0.7826417013236864,0.1691522664022276,-112.30677198105056,4.710856575907373,1,1
830,1.0066636350149638,0.47154168804119895,0.7391026615280814,0.21498836366395954,-111.29861393511533,4.87426972261702,1,1
831,1.0297566429543596,0.477479323592062,0.7536179832732108,0.23736927322264367,-115.45732994916138,9.079189205058121,1,1
832,0.9107475041429282,0.464805726550192,0.6877766153465601,0.24201456504729857,-115.11215375227125,9.327530371872953,1,1
833,0.9206643253582001,0.4769045342534499,0.698784429805825,0.20001217835247953,-115.23971292628306,8.590584972220102,1,1
834,0.8679846294912993,0.48363598539584535,0.6758103074435723,0.19704587294521916,-116.17198935433886,10.365905866319498,1,1
835,0.8875983894249176,0.5042279772939229,0.6959131833594203,0.19055912620621415,-120.6718554238274,13.418741577361766,1,1
836,0.835966417556999,0.4937228052014103,0.6648446113792046,0.17154709481165117,-119.45044620650322,13.37721556747265,1,1
837,0.8311523441813029,0.48714000368048566,0.6591461739308943,0.16068040825846988,-124.14772965064263,16.870527124287538,1,1
838,0.8402719636328735,0.48895497275023225,0.6646134681915529,0.16830085402750566,-123.69554049977933,15.938641455463285,1,1
839,0.8161531334317079,0.4919482934313231,0.6540507134315156,0.17025380913856805,-125.47617822822356,18.016612423838303,1,1
840,0.7314988815216832,0.4661229336193745,0.5988109075705288,0.17930273238443875,-122.83049543544581,15.68766469459518,1,1
841,0.7496053780256864,0.4692386535004644,0.6094220157630754,0.10656362862076538,-120.74460518084838,14.245725908081376,1,1
842,0.6900113988427282,0.4355715138738313,0.5627914563582798,0.1472547387517012,-121.52387380774246,14.450020920794522,1,1
843,0.6857086391906021,0.44301557053481894,0.5643621048627105,0.1748928647491296,-122.50334476316193,15.60859812940211,1,1
844,0.6686927461908303,0.4573018041531214,0.5629972751719758,0.12973293705461292,-122.76938944403558,15.927724678035732,1,1
845,0.6992324639069221,0.4716231869808286,0.5854278254438754,0.12191342189687918,-123.36874600023738,16.700063866458255,1,1
846,0.6593118816638026,0.43581810567061463,0.5475649936672087,0.2150035626153405,-123.54359652977296,16.517561234587514,1,1
847,0.6531198220092678,0.42772943016428944,0.5404246260867787,0.19397808998147723,-123.61547314807923,16.28165951179268,1,1
848,0.6694595421465288,0.44125275917889933,0.555356150662714,0.21420812244903378,-125.05753937931033,17.175599631454087,1,1
849,0.6590879102386823,0.4489093196149643,0.5539986149268232,0.198252060971826,-126.46049614785782,18.089416251652437,1,1
850,0.6511772784788001,0.4438868940086854,0.5475320862437427,0.2334410798317965,-125.63714745906972,17.268527725587504,1,1
851,0.6529321112037856,0.44297457853529093,0.5479533448695383,0.20742335687901467,-126.27954174585985,18.03730375357101,1,1
852,0.6280388128563847,0.437687684120908,0.5328632484886464,0.21439748784819015,-128.830678302171,19.997974955341732,1,1
853,0.5826676437848993,0.4258789015190688,0.5042732726519841,0.23143314005641927,-130.06705936272314,21.00294291187963,1,1
854,0.5883966790314771,0.44164308892014964,0.5150198839758133,0.23393520648779112,-131.92243636171435,22.43843542304831,1,1
855,0.5723249829842731,0.4456700803985749,0.508997531691424,0.20418763954468294,-131.98840938240804,22.937515256304714,1,1
856,0.556065287205284,0.43380805811530465,0.49493667266029434,0.21113768732817154,-130.757137289066,21.4531590156898,1,1
857,0.5616380811929156,0.4435358510500822,0.5025869661214989,0.21224575171151777,-131.46734365301714,22.005600936983374,1,1
858,0.5546805992606235,0.44657304307372303,0.5006268211671733,0.21298908756357338,-131.4916323771534,21.897898197240405,1,1
859,0.5331868015111008,0.4422765634870992,0.4877316824991,0.2090325974326844,-133.84523715110242,23.77861502530914,1,1
860,0.5549771605966853,0.45035254550251747,0.5026648530496014,0.24988263305321892,-134.3460997260489,23.821456170991922,1,1
861,0.542335316366867,0.44679631446928386,0.4945658154180754,0.27488176500839473,-131.2214648290056,21.40367906657537,1,1
862,0.5425591662306685,0.4244005321761298,0.48347984920339915,0.29238871469642685,-130.88754292364013,21.34881029104317,1,1
863,0.5350038287182338,0.4227191982600607,0.4788615134891473,0.3362395227377721,-129.82948484459592,20.68076036322448,1,1
864,0.5228410123885588,0.41427245862032624,0.46855673550444255,0.3905231507243885,-130.01704314395647,20.428578406660414,1,1
865,0.5430262223560786,0.4341725184896077,0.4885993704228431,0.4041054373162672,-130.501541584958,20.421356800295477,1,1
866,0.5356838074664965,0.43388712218425923,0.4847854648253779,0.3996796182915016,-129.7349706063408,19.995772266870564,1,1
867,0.5282591027046075,0.42899350268488506,0.47862630269474626,0.3863380525797596,-130.339369356371,20.430339085723453,1,1
868,0.5682589939844449,0.44097046564131415,0.5046147298128796,0.3309828392135725,-132.56708557254677,22.490290436883434,1,1
869,0.5553198734678406,0.42906201737503813,0.4921909454214394,0.2956435349353697,-132.72501181586813,22.54240895569466,1,1
870,0.5066334680778335,0.3929755204896067,0.4498044942837201,0.25484793097682495,-134.34567867184953,23.395711098800348,1,1
871,0.5371306456394475,0.4143039474912708,0.4757172965653591,0.238688621256312,-134.8989264516581,24.064722667364,1,1
872,0.5557549878436229,0.419403708961478,0.48757934840255046,0.23590040519520716,-136.20264565243056,25.243251145309593,1,1
873,0.5758290922694436,0.4358797173401662,0.5058544048048048,0.20271369497346886,-137.50483683117167,26.201902820052723,1,1
874,0.5572788383462857,0.42811911188668966,0.49269897511648764,0.1484568172017496,-136.06823130228946,24.915375935968157,1,1
875,0.5400795462991949,0.42344562738149005,0.48176258684034245,0.15739731294852713,-133.31952590020742,23.013382810054974,1,1
876,0.5203492164891553,0.40835668295310695,0.46435294972113117,0.11309525436827053,-134.52301241646913,24.265790901192865,1,1
877,0.5223724167977986,0.40381808311343365,0.46309524995561613,0.10780764343282039,-139.26341694563502,27.210187321651276,1,1
878,0.5139894194979746,0.39604905027776977,0.4550192348878722,0.0759516987669583,-139.40649546585274,27.533503278980362,1,1
879,0.5213755649499421,0.410297877593054,0.465836721271498,0.07801351990502836,-139.2484461449859,27.45321975051453,1,1
880,0.5155363320246816,0.4111594729651629,0.4633479024949223,0.07066930119359696,-138.37514342908673,26.840263467464474,1,1
881,0.5114296855752255,0.4030009830825505,0.457215334328888,0.053997634980763536,-137.9519805978757,26.674484259625817,1,1
882,0.5127326416415225,0.403523437385383,0.45812803951345277,0.05924379156400083,-139.2716857415974,27.689896368743064,1,1
883,0.5134558538755386,0.40334318323867563,0.45839951855710714,0.05815391846221505,-138.16577219450352,26.788262509539116,1,1
884,0.5124254999696541,0.4038089613889726,0.45811723067931337,0.08076860175833563,-137.44437512033647,26.049100463738537,1,1
885,0.5107318662379841,0.4021119871292545,0.45642192668361925,0.06595636809606668,-137.18298851183286,26.02705623325205,1,1
886,0.4998468837610228,0.4068552271635616,0.4533510554622922,0.09688651778601626,-136.00026207072392,25.113378936037616,1,1
887,0.5267055614302558,0.4230139201604266,0.4748597407953412,0.09162536368300206,-132.23614352925222,22.08611714774125,1,1
888,0.5386124560052993,0.4352961136200471,0.4869542848126732,0.1380062315185635,-131.16772609566868,21.40190444861427,1,1
889,0.5379984604724186,0.43379840706142103,0.4858984337669198,0.19321640246346444,-133.35100178965087,22.76378716848311,1,1
890,0.5535455048685332,0.44634577563859346,0.4999456402535633,0.25843920481850186,-133.19183173941116,22.86686329806707,1,1
891,0.5745075537174977,0.449442322839667,0.5119749382785823,0.2551852643933138,-131.6119483807826,21.950212469538325,1,1
892,0.5762394484198822,0.453298299450053,0.5147688739349676,0.2777989650785671,-130.96885385950384,21.64638012870753,1,1
893,0.5790011280196521,0.4581143944614312,0.5185577612405416,0.2577915512271791,-131.74020042127523,22.109405384499432,1,1
894,0.560285076967659,0.4490183212328495,0.5046516991002542,0.2501367217845377,-131.49092697137377,21.635614414529954,1,1
895,0.5662511784035172,0.45360462029374476,0.509927899348631,0.24061769881603662,-130.2536374247329,20.808125883960344,1,1
896,0.5645660724536207,0.4531514365750593,0.5088587545143399,0.17598361124215403,-131.48747861651518,21.650578498957245,1,1
897,0.5697355982762908,0.45762641032928714,0.513681004302789,0.1232111213196619,-133.08316972975274,22.976786751285623,1,1
898,0.5701881611227908,0.45569477761179733,0.512941469367294,0.0959755308767886,-133.24736148144152,23.0284526512245,1,1
899,0.5665013335204745,0.4596098604604449,0.5130555969904597,0.114292746954447,-134.83811586371812,24.413797796847405,1,1
900,0.5801460482329969,0.460068211054841,0.5201071296439189,0.0862789233347333,-134.1693522047943,24.14799464014354,1,1
901,0.5687792593305726,0.4508218908469591,0.5098005750887659,0.060499731949829376,-134.54232372592108,24.469087585378997,1,1
902,0.56478066019879,0.4491081903479654,0.5069444252733777,0.09977155846670761,-133.95344532564962,23.9477467153594,1,1
903,0.562571184408091,0.45105607726694574,0.5068136308375184,0.12478423107808623,-133.45750747834467,23.83204259716873,1,1
904,0.5913813656188156,0.4654129575905393,0.5283971616046774,0.14787242087304425,-132.16890542357862,22.80346487435657,1,1
905,0.589098867263875,0.45964195363542343,0.5243704104496492,0.202038246248838,-131.3684370991746,22.12191053073114,1,1
906,0.5919788981452742,0.45748205805491493,0.5247304781000945,0.20209510665145902,-132.67060214719382,23.181819212434277,1,1
907,0.5949816899147168,0.4678755939913502,0.5314286419530335,0.16769294308687632,-131.82594048459055,22.710956661976983,1,1
908,0.5936527441059416,0.46743373473455335,0.5305432394202475,0.21831760068037398,-132.19039037881626,22.881598104771196,1,1
909,0.5874804050343208,0.46397191478371125,0.5257261599090159,0.277942918907851,-131.42801696565436,22.10397009532961,1,1
910,0.5928322538310022,0.4699226600555602,0.5313774569432812,0.3373376068265411,-130.64190439456922,21.659043478278427,1,1
911,0.5626472988075903,0.4492847312522458,0.5059660150299181,0.3824527956308213,-130.2160720238022,20.857993617086514,1,1
912,0.5585336161679061,0.4502801874077768,0.5044069017878414,0.4042500639402334,-130.28321200587794,20.697374757776014,1,1
913,0.5476414073785978,0.4451339732593227,0.49638769031896024,0.38002464678182574,-133.21032804570734,22.763575812842088,1,1
914,0.5698119093438948,0.43982572647947593,0.5048188179116854,0.36021172208918467,-133.81550396753852,23.495927993343276,1,1
915,0.5589518304347854,0.4490000754681558,0.5039759529514706,0.3287697634842894,-134.1879663701996,23.61096778934257,1,1
916,0.6091690297735729,0.4581322749709523,0.5336506523722626,0.31366305729373634,-135.4306704799562,24.6465753786329,1,1
917,0.5952768777953045,0.45478647416031265,0.5250316759778085,0.25194470283343473,-134.08524881930595,23.5845611365971,1,1
918,0.6118982966119823,0.45402953155214826,0.5329639140820652,0.24597479642517767,-135.22763643321377,24.722636321735347,1,1
919,0.6049447805586171,0.4557615715502612,0.5303531760544391,0.24211601889400886,-134.7735242281666,24.28895766652293,1,1
920,0.6145435171585151,0.4520350911613216,0.5332893041599184,0.21203477634459156,-134.73291479003532,24.32278452266063,1,1
921,0.6356224476966988,0.4650740140279831,0.550348230862341,0.24395023808311636,-137.8664682009877,26.63268671752603,1,1
922,0.6425022084121341,0.4694413300791166,0.5559717692456254,0.23910180358019148,-137.42586772255464,26.317799699354275,1,1
923,0.6472765280206341,0.4614840043168077,0.5543802661687209,0.22881107945809648,-136.51816626012578,25.498685819115025,1,1
924,0.6499733244511937,0.4738341909387905,0.5619037576949921,0.21927551671725742,-134.3890368103999,24.089805465526325,1,1
925,0.6231364035145063,0.45657567850499764,0.5398560410097519,0.2303574569255046,-133.09082628198036,22.906902451711066,1,1
926,0.6307481599500272,0.4484354125070669,0.5395917862285471,0.2466205977499883,-133.11968284091228,23.177969247044885,1,1
927,0.6227327095694153,0.4493453604617972,0.5360390350156062,0.22926312244461303,-131.56504084346096,21.950145140913374,1,1
928,0.6436061784996139,0.44359771532327635,0.5436019469114451,0.2533794757899391,-132.57216801752102,22.541395475372052,1,1
929,0.6207660269978253,0.4420535943796172,0.5314098106887213,0.287233696025827,-131.53022822526484,21.587277148737446,1,1
930,0.663603476378187,0.4553669993874083,0.5594852378827977,0.3084514763419489,-129.96650406142604,19.970524722619448,1,1
931,0.6488062788083291,0.45917427862258664,0.5539902787154578,0.3498332973867389,-126.9850153933356,17.199315509789514,1,1
932,0.640554407921718,0.45139090875093657,0.5459726583363274,0.35805084331177794,-134.0909411387544,21.999622786108798,1,1
933,0.646551907911584,0.44880597132834354,0.5476789396199637,0.2856923858159266,-146.94100935820882,30.96271569356335,1,1
934,0.6427086492868392,0.42481730817714997,0.5337629787319946,0.26013782141445085,-141.1551280520743,25.791763395044697,1,1
935,0.6357905815712835,0.3894110211775693,0.5126008013744264,0.26376997610933683,-138.75144768840406,24.580933309983884,1,1
936,0.6594396304823663,0.3140281024343312,0.48673386645834876,0.31944759539517786,-137.68546554173045,24.75347568955496,1,1
937,0.7051842637849166,0.29664793723974525,0.5009161005123309,0.39295169273632674,-118.76110081943041,10.614960408268125,1,1
938,0.7764137609526433,0.3213330007139673,0.5488733808333053,0.49608769493316074,-114.60109309984767,5.158687759084788,1,1
939,0.8201257076261558,0.3574223047761927,0.5887740062011743,0.5966683536590895,-112.24814562172809,2.786978365476379,1,1
940,0.8901113362824747,0.3731663878604387,0.6316388620714567,0.47224664908347863,-110.4721483633641,0.9738254497677326,1,1
941,0.7197471517813636,0.32293975785243356,0.5213434548168986,0.35940779825475083,141.08523285768678,27.080330439696986,1,1
942,0.7978681637066142,0.29290290119311996,0.5453855324498671,0.4021708239898461,-115.01214660073707,-0.21922885925589514,1,1
943,1.051894891483547,0.38122177068110635,0.7165583310823267,0.37654138465951936,-107.34702203460044,-3.8610782923801286,1,1
944,1.191765696034545,0.37389220721886085,0.782828951626703,0.5094198035127145,-104.08075880543952,-5.32966700405962,1,1
945,1.0815104340952344,0.3646822337634683,0.7230963339293514,0.4839334152870957,-105.35583281785227,-3.9101697769070594,1,1
946,1.3038934626832641,0.42365889962107794,0.863776181152171,0.48556422461887566,-104.07020383678338,-4.405662932122498,1,1
947,1.1244381586224608,0.42521821308683266,0.7748281858546467,0.47688217612382816,-104.62974676574176,-4.702741887452467,1,1
948,1.578904778669647,0.44300781807789213,1.0109562983737697,0.4687306178560933,-103.4399797234237,-5.691903428611879,1,1
949,1.0784863306582233,0.3612825576962245,0.7198844441772239,0.2572120242639371,-107.06550459796414,-2.3400988059261336,1,1
950,1.0388273595546222,0.38466839809744535,0.7117478788260339,0.28564428388644986,-106.54126127765196,-4.0220224584979585,1,1
951,1.187450657549957,0.4208376494069316,0.8041441534784444,0.3514300549364709,-108.6938948910164,-2.674678963887944,1,1
952,1.1860487751912907,0.41930190581306664,0.8026753405021787,0.3362405736561667,-111.1557116949944,-0.8502930797566121,1,1
953,1.1415910201050932,0.4297407202065928,0.785665870155843,0.17489410741691258,-109.85775455669726,-0.6476754068140133,1,1
954,0.8980227932060852,0.3344263602116424,0.6162245767088639,0.2300427651784816,-115.0206849284987,10.653527398930363,1,1
955,0.9289060789644782,0.4041517845993528,0.6665289317819155,0.2037927438387237,162.6799621053721,40.19106070278733,1,1
956,1.1189376892040117,0.4056283608344624,0.7622830250192371,0.21142156815374635,-109.56596696438763,-0.4129927174649881,1,1
957,1.1349451870422245,0.4262422406698997,0.7805937138560621,0.20870793016361958,-109.36854539417526,0.10591414015894028,1,1
958,0.877672168031992,0.3595425867147838,0.6186073773733879,0.20698129700232046,133.8533667506685,30.249944881633805,1,1
959,0.7370446258220176,0.2636309187460293,0.5003377722840234,0.18408021867624036,-112.76928929388502,1.5124238200027296,1,1
960,0.5086836977731701,0.21069259557951842,0.3596881466763443,0.18939458352252572,-116.2128639580248,5.365715484872216,1,1
961,0.4510464021461911,0.16627228275559455,0.3086593424508928,0.09759752915903559,-114.94319966440787,4.880879628623682,0,1
962,0.5360810883512964,0.23198742037478304,0.38403425436303973,0.153392307661147,-114.18377431712925,6.94972384860835,1,1
963,0.6321606061620979,0.28373286689539273,0.4579467365287453,0.09443198125929564,-113.63949596311284,6.01402763285335,1,1
964,0.6448254825706318,0.35657159277662814,0.5006985376736299,0.08998747063720189,-115.2940547263193,8.755044413145427,1,1
965,0.7310266530312989,0.40485493204671086,0.5679407925390049,0.06575780058398524,-115.57156077211715,8.417396480201525,1,1
966,0.6956666361541223,0.41463924686242626,0.5551529415082743,0.08491522239097365,-118.04677642961163,11.138273932054199,1,1
967,0.6522846083094453,0.4200466679558253,0.5361656381326353,0.10311524326540261,-118.84761047629478,12.216498007165105,1,1
968,0.6882642697249601,0.4282599542102055,0.5582621119675828,0.12289546020595124,-118.27201167370846,11.281226518191538,1,1
969,0.6608369140551091,0.4174179342567941,0.5391274241559516,0.14926273441989635,-119.01002926017448,12.064216756532538,1,1
970,0.653090747697064,0.4229693955629742,0.538030071630019,0.20701267580575639,-119.16764431457433,11.973373683394234,1,1
971,0.6405046251983656,0.42132876179455075,0.5309166934964582,0.18551326385650785,-118.87168697428027,12.162483462884564,1,1
972,0.6369193653002349,0.416057458966483,0.526488412133359,0.17495695683726903,-119.0707301639487,12.609435059547693,1,1
973,0.6804399437940383,0.41613171081082484,0.5482858273024316,0.16546148757855852,-120.94045268781609,14.023278870122265,1,1
974,0.6612054261162448,0.40828190053581687,0.5347436633260308,0.15450645163371907,-121.64311799007464,14.85317823999392,1,1
975,0.66690915469547,0.41731032832697224,0.542109741511221,0.15785225170813966,-123.88983114585652,16.686270613044726,1,1
976,0.6335387447010989,0.4113228544129436,0.5224307995570212,0.19245437421131248,-124.25655838838736,17.327949140431983,1,1
977,0.6382070950976088,0.4281540474104999,0.5331805712540543,0.2521071366301565,-124.38760297483562,17.23401501351098,1,1
978,0.6443490886264736,0.40776161030967933,0.5260553494680764,0.2994150353526894,-124.88291588548125,17.357699248716912,1,1
979,0.6308483859983731,0.42118512931571467,0.5260167576570439,0.3224154022747338,-125.42940146516081,17.792452661805374,1,1
980,0.6452468020399136,0.4157726171272274,0.5305097095835705,0.3398590383243185,-124.95373072938112,17.229351948567093,1,1
981,0.6392257779049138,0.4248265426544191,0.5320261602796664,0.3171031832818885,-125.74252855004424,17.876118422967117,1,1
982,0.6355329672496339,0.40865181060575106,0.5220923889276925,0.32532299677689663,-126.61271793040515,18.69399326618428,1,1
983,0.6373468387114393,0.4184576436496031,0.5279022411805212,0.301974343400196,-126.44728103728046,18.46502770431379,1,1
984,0.6199211111805304,0.40585895206516404,0.5128900316228472,0.28530999334151375,-126.84334748137879,18.7653193745298,1,1
985,0.6026653347300907,0.4142541150765785,0.5084597249033346,0.24542742155818614,-126.92274378184622,19.058749397824105,1,1
986,0.6282124298076812,0.4275479527092282,0.5278801912584548,0.1669963428498924,-125.9816417067336,18.15981195446875,1,1
987,0.6123707130643194,0.4194111995199234,0.5158909562921214,0.1519335595914002,-127.09624779032451,19.078102186277288,1,1
988,0.5794773915021404,0.40854459100914037,0.4940109912556404,0.15950780479882498,-129.09021123871415,20.70621223568146,1,1
989,0.5817684543339067,0.4260744535295765,0.5039214539317416,0.1588815040475681,-128.99485232192143,20.358970137864798,1,1
990,0.5851317430571655,0.4291686979330364,0.507150220495101,0.1459933692230985,-129.08536142107238,20.31097802380059,1,1
991,0.5755615432558383,0.44010528609166794,0.5078334146737531,0.11147155835183825,-128.32954212892068,20.064358414534176,1,1
992,0.5818876721370957,0.43638718307171837,0.5091374276044071,0.11967659613451201,-128.69929365238312,20.535326513559653,1,1
993,0.5676255397266412,0.44375887524322183,0.5056922074849315,0.10130338944575677,-128.88522675429593,20.73119417241742,1,1
994,0.5716219986952786,0.44766476510302444,0.5096433818991515,0.09521527932023417,-128.04043339791616,19.977300536975267,1,1
995,0.5640507667717951,0.4383983470200041,0.5012245568958996,0.15905472930626677,-128.96608124129475,20.884633341405095,1,1
996,0.5689643676231931,0.44563960841908806,0.5073019880211406,0.14519244677252124,-127.57641759990504,19.2231699705253,1,1
997,0.5655457564510905,0.4308084628251396,0.49817710963811507,0.16522033040460737,-127.5080016096547,19.617856508537717,1,1
998,0.5798955443356788,0.4414877746157963,0.5106916594757376,0.12812996474718993,-126.81271331341851,19.048009801210966,1,1
999,0.5966498981408294,0.45265763738965253,0.524653767765241,0.1384022135356758,-127.80276487984425,19.75266736950962,1,1
1000,0.5792502672837002,0.4474741062115207,0.5133621867476105,0.12123053141442613,-126.73071853537925,19.08313642352016,1,1
1001,0.5788802567918748,0.44822617457289343,0.5135532156823841,0.12199432661426315,-125.65779130635349,18.390772495549214,1,1
1002,0.5747666901152827,0.4446428628355308,0.5097047764754068,0.07907584078623982,-126.57846766118074,19.22908667141594,1,1
1003,0.5762600739514998,0.4418884949994652,0.5090742844754825,0.05153846830608633,-126.41075967365387,18.750416259572006,1,1
1004,0.5881618757682092,0.4464427094912702,0.5173022926297397,0.023219660241413625,-127.37389164417225,19.616509687500884,1,1
1005,0.5795537610950138,0.44597116578924295,0.5127624634421284,0.020743316559716087,-126.65582131504821,18.911339367281307,1,1
1006,0.5826173320839171,0.4376742572512145,0.5101457946675658,0.018956223975456647,-125.48649516435324,18.293127081788267,1,1
1007,0.5618970342244688,0.4209292139641125,0.4914131240942906,0.017863473539540476,-125.00687917468225,17.650209983374868,1,1
1008,0.5745369420189628,0.43916891632833793,0.5068529291736503,0.01620263780552015,-125.25343385443641,18.07931707494169,1,1
1009,0.5793850922776936,0.43916874523079424,0.509276918754244,0.015226144819430557,-128.01268032734652,20.197878818453315,1,1
1010,0.5845426386301917,0.45675985975351896,0.5206512491918553,0.014589189317807772,-127.88695515557454,20.128097516569454,1,1
1011,0.5941023344798698,0.45844061726164165,0.5262714758707557,0.017789665132476352,-128.17750100991287,20.268977921503698,1,1
1012,0.5661186544063249,0.43043831935363847,0.49827848687998166,0.01756414246026581,-127.56021557937262,19.559614568940788,1,1
1013,0.5862936505762885,0.4419001118710949,0.5140968812236917,0.018396251163139907,-128.922799809319,20.601951838519284,1,1
1014,0.5683596700419696,0.4273448894711692,0.4978522797565694,0.016855475174019884,-126.89257121037058,18.920149273898648,1,1
1015,0.543904537694204,0.4182206145464823,0.48106257612034314,0.01493913464340009,-127.16641706824522,19.480737932374808,1,1
1016,0.5216329196861551,0.39424620830255763,0.45793956399435637,0.012696294632957033,-127.78618424521834,19.8233593770041,1,1
1017,0.5512385376057938,0.4246488251631524,0.4879436813844731,0.015000293472645983,-127.38507244187488,18.794743153338114,1,1
1018,0.5110705721399945,0.3892767838321743,0.45017367798608443,0.011573547220910614,-131.60961906396787,23.352962483396098,1,1
1019,0.5092759130772488,0.4038851455374897,0.45658052930736925,0.014921284990118768,-127.40632066561159,19.27736084224732,1,1
1020,0.538487915674408,0.4034130336906375,0.47095047468252277,0.007704452486580735,-126.40061651037836,18.498040557125957,1,1
1021,0.5273264692889427,0.3996334843178396,0.46347997680339115,0.009723193747472696,-126.39672265285608,19.296421700255483,1,1
1022,0.562360772655851,0.4128815146237285,0.4876211436397898,0.008951731101253435,-126.10090363505547,19.220834847119317,1,1
1023,0.5231205173845801,0.40550606965484,0.46431329351971007,0.009298007506910323,-124.71157432954581,18.25896151794133,1,1
1024,0.5598025739747939,0.41341507353563733,0.48660882375521564,0.00985109489830157,-123.45546090144784,17.38904842724372,1,1
1025,0.5228324542246884,0.40187951585373977,0.46235598503921405,0.007647994160855674,-127.1310036036999,21.05726202426009,1,1
1026,0.5542898725632325,0.41577730118537837,0.4850335868743054,0.008188633271309436,-128.2202921804319,22.760538122781547,1,1
1027,0.5288982363724432,0.4117832712763837,0.4703407538244134,0.007751133845178578,-127.1411981081023,21.575413614980977,1,1
1028,0.5439550046064136,0.42507646448926395,0.48451573454783875,0.006909742685073012,-126.70320211442785,21.361375063207802,1,1
1029,0.5608971481334151,0.4261454814816961,0.49352131480755557,0.007772179076412652,-127.57485526265185,22.07690830583825,1,1
1030,0.5370408662376484,0.41498424419291213,0.47601255521528024,0.008440394348118482,-127.06311780513637,21.759132606329217,1,1
1031,0.5275594432653826,0.40705732834928254,0.4673083858073326,0.00882897674556736,-128.9825334631724,22.96392511533723,1,1
1032,0.5395006380445372,0.42749193071787384,0.4834962843812055,0.008641918599387762,-125.78366385381567,19.81750473727058,1,1
1033,0.5217103511924065,0.414736618317297,0.46822348475485176,0.008310527547534571,-127.05765336692845,20.992119674221804,1,1
1034,0.5329993898507212,0.4123879995208316,0.4726936946857764,0.007252505562872925,-127.18674357442364,21.2107631268186,1,1
1035,0.5625283216958569,0.4246926580340886,0.49361048986497275,0.007881006762000362,-125.92829085550706,19.423908220279863,1,1
1036,0.5363854825970192,0.42930442986307116,0.4828449562300452,0.009954456352701573,-125.41104745215516,19.034319937007513,1,1
1037,0.6101654965872769,0.46573480150998964,0.5379501490486333,0.0053521094533558935,-127.26321801882794,20.34520137269278,1,1
1038,0.5900092427714523,0.4582052286241372,0.5241072356977947,0.005128151132462,-126.97219561633165,19.709432622428153,1,1
1039,0.5859581728817653,0.45254370048118303,0.5192509366814742,0.005431969369738623,-127.36175638151086,20.044408656813047,1,1
1040,0.6018483456121624,0.45913952333069374,0.5304939344714281,0.00770805068224245,-127.52885928843855,20.193696129868016,1,1
1041,0.6079595625476328,0.46674468199890085,0.5373521222732669,0.011294602471960933,-126.52476044736584,19.542162668878493,1,1
1042,0.5975234244900137,0.4596592384281203,0.528591331459067,0.008787491101381502,-126.40932257703957,19.216709469258646,1,1
1043,0.5975117942744417,0.45266640429387717,0.5250890992841595,0.01513145260106446,-126.19554458482261,18.82606061015426,1,1
1044,0.5872886591740556,0.4605625766610362,0.5239256179175459,0.015900530136854878,-126.61670050145526,19.295746821553507,1,1
1045,0.5670661449880905,0.44890040453057833,0.5079832747593345,0.0149301750216504,-126.94588210731601,19.89065561296243,1,1
1046,0.5641168097062825,0.4515990210983396,0.5078579154023111,0.013496014541079095,-126.6346720074789,19.117689201179243,1,1
1047,0.5428499575357619,0.4578684428145774,0.5003592001751697,0.015717315326286452,-127.03739531042628,19.43549763279011,1,1
1048,0.55278913476366,0.47029827270420976,0.5115437037339349,0.016102060208507137,-129.03969627114068,21.169035766195606,1,1
1049,0.5523064444981857,0.4673527069330176,0.5098295757156016,0.016418069871524187,-128.91459881009504,21.245460976498798,1,1
1050,0.5550787162446372,0.4662567921047529,0.5106677541746951,0.015573664297406972,-128.89986881960846,21.201582000070545,1,1
1051,0.5392503414098626,0.44654148324162585,0.49289591232574426,0.01789126564130104,-128.59219378294466,20.84071495928542,1,1
1052,0.5363122991812407,0.4489131280160936,0.49261271359866715,0.020003982848903677,-127.41491459559914,19.4694873083371,1,1
1053,0.548543780796355,0.4605465163071658,0.5045451485517605,0.0293201264573547,-127.58362184311018,20.058698716293744,1,1
1054,0.5561780512342476,0.4603132733219431,0.5082456622780953,0.024350560152949494,-126.34051198607077,19.019851351429395,1,1
1055,0.5569519241972599,0.4669608347862765,0.5119563794917682,0.04927977298846761,-126.7097833662144,19.057739975010822,1,1
1056,0.554668768654785,0.4707100620868139,0.5126894153707995,0.18808779863192174,-126.41214409365955,17.844430071975854,1,1
1057,0.5828881210477238,0.47588794115046157,0.5293880310990927,0.2945575706685626,-126.11724414714006,18.440770212457075,1,1
1058,0.5884781010224074,0.4735680866798337,0.5310230938511206,0.3172663719046665,-126.58044629880024,18.97230205833016,1,1
1059,0.5896370082320384,0.47795752792225527,0.5337972680771468,0.23336416097269042,-125.59712387459348,18.38780194179373,1,1
1060,0.5596667257190989,0.44626213098223594,0.5029644283506675,0.28152734755443404,-127.2471526564381,19.348010034368492,1,1
1061,0.5840782896614598,0.4437678104472989,0.5139230500543793,0.2629161639057353,-128.00697280665585,19.706954150696195,1,1
1062,0.5662700790871084,0.4345347209554381,0.5004024000212732,0.26542462022821056,-128.30329893278085,20.305066711620878,1,1
1063,0.5833041957122249,0.4551153118516172,0.519209753781921,0.2636249855661967,-129.3504361274116,21.19260841164463,1,1
1064,0.6061776129727404,0.46497628466670177,0.5355769488197211,0.2604239339278742,-128.01546450337617,20.11866200723688,1,1
1065,0.5975444028691731,0.4608490412277005,0.5291967220484368,0.24084958460102007,-129.36493605821897,20.76631023156196,1,1
1066,0.6139108107002513,0.47812276914332735,0.5460167899217894,0.28419157225364317,-129.84046184960553,21.466110535530465,1,1
1067,0.5913895578662378,0.46774057527126595,0.5295650665687519,0.33293067816496547,-129.45158178470078,20.809430958853476,1,1
1068,0.5948670384976911,0.46812411724257513,0.5314955778701331,0.27874006614211444,-131.18765701517614,22.216903896802158,1,1
1069,0.5585383838214284,0.44096942712729725,0.4997539054743628,0.2968402826363863,-129.16317914076626,20.41760722975218,1,1
1070,0.556508419257622,0.4332924692330165,0.4949004442453192,0.2976753019469173,-128.81496629569276,20.139066373284074,1,1
1071,0.5728162102616473,0.44775293675657507,0.5102845735091112,0.2847847703552219,-130.32062805862253,21.128605338090768,1,1
1072,0.5918965427356684,0.4524740127105885,0.5221852777231284,0.31476230610243744,-129.67369056965353,21.069022579711817,1,1
1073,0.5697753799457886,0.4413295702178068,0.5055524750817977,0.3212186005757935,-131.13057585435908,21.90843808555071,1,1
1074,0.5503885028031867,0.43882518392759856,0.4946068433653926,0.3235459331328182,-129.7990487099354,20.841158602733138,1,1
1075,0.5566701991690204,0.4518385477481803,0.5042543734586004,0.35897454460022293,-130.07418779085506,21.00497519221296,1,1
1076,0.5663057578636821,0.45657666177837647,0.5114412098210293,0.3239563290671687,-128.6905598131278,19.729866289164537,1,1
1077,0.5429902350056701,0.4401034341376465,0.4915468345716583,0.31846950827088993,-127.9452340335605,19.325443085967237,1,1
1078,0.5965861023254998,0.4637604786340723,0.530173290479786,0.19085944095574547,-127.12022741169608,19.109965772740527,1,1
1079,0.5759675599515167,0.44312173537679533,0.5095446476641561,0.029855055165838872,-128.72628579549527,20.621644682785462,1,1
1080,0.5650084529184313,0.4424008318247675,0.5037046423715994,0.030875675678929983,-129.8394785537904,21.465204450885235,1,1
1081,0.5901468813028539,0.4662782863792564,0.5282125838410552,0.034921338682416384,-129.14982067422784,21.095484391371514,1,1
1082,0.4918996016145952,0.41578397978308756,0.4538417906988414,0.08492709775109505,-127.50638439746449,19.548112841644162,1,1
1083,0.5004129030837259,0.4268485145680015,0.46363070882586366,0.32288856859579385,-127.72840926204,19.18589568957394,1,1
1084,0.5234353483672307,0.43688685233456115,0.48016110035089593,0.36433021274510774,-127.64980018566088,18.9655456976201,1,1
1085,0.5266864018700576,0.436013269604415,0.4813498357372363,0.3413265905316952,-127.92980270704912,19.341564076361397,1,1
1086,0.5492750025988064,0.4464284665100194,0.4978517345544129,0.29455784953990416,-128.24647487993587,19.775502394161215,1,1
1087,0.5196657963719109,0.4433613500005148,0.48151357318621285,0.27365107453577836,-128.92727716411034,20.13312294520041,1,1
1088,0.5059683934680334,0.4360343153183918,0.47100135439321256,0.2769575447602872,-129.39138533955668,20.486698207146212,1,1
1089,0.5227215516596802,0.43716467146149834,0.4799431115605892,0.2499924586848438,-129.43838594479027,20.852140713587797,1,1
1090,0.5170925182622459,0.43024860758573635,0.4736705629239911,0.13511503463453148,-128.5951311560331,20.296665807790983,1,1
1091,0.5126184147889048,0.4244477199171044,0.4685330673530046,0.06079025630211592,-131.14571624595533,22.134623649489733,1,1
1092,0.5023711228173791,0.42577669473660706,0.46407390877699306,0.04301561197789052,-130.93731865065678,21.845401230377036,1,1
1093,0.5134993023991405,0.42741823657037303,0.4704587694847568,0.03939502125120471,-133.12999613032667,23.903829886929575,1,1
1094,0.5156109446206648,0.4286293395930123,0.47212014210683856,0.04730267867694716,-131.8909125914216,23.151642286674843,1,1
1095,0.5021931631799257,0.4268892592827201,0.46454121123132286,0.05599913829327614,-131.93409396499368,23.347470086401003,1,1
1096,0.5080072197576344,0.4330981663849144,0.4705526930712744,0.05040749448973851,-132.60084699357625,23.760220860278935,1,1
1097,0.5135050297977166,0.43282881567393316,0.4731669227358249,0.05311410409713402,-131.91010629975557,23.34209287699318,1,1
1098,0.5176723131257296,0.43770786680563,0.4776900899656798,0.039827522605966705,-132.8436238340037,23.877216535330728,1,1
1099,0.5145681062680498,0.4294313046329594,0.4719997054505046,0.024220468644945026,-133.4357598908559,24.05681265390205,1,1
1100,0.5445883850437362,0.434576000658861,0.48958219285129856,0.024096308918396196,-133.98551702498006,24.58455909792103,1,1
1101,0.5515757042991135,0.43591411830192056,0.493744911300517,0.027881481097711953,-133.52471223191628,24.251519740625813,1,1
1102,0.5547773568995007,0.44026587911880727,0.49752161800915395,0.02938631919357676,-132.222186441312,23.270171160913655,1,1
1103,0.5243682611341013,0.42948478529131995,0.4769265232127106,0.03205696160650546,-129.20559836762723,21.19807422934834,1,1
1104,0.5243042694366334,0.4307486747308418,0.4775264720837376,0.05439337118762221,-128.29954393486483,20.161717827214684,1,1
1105,0.6128160313269451,0.4580520053203976,0.5354340183236713,0.36023247582744056,-126.42054608048248,18.084021242499944,1,1
1106,0.611979745056691,0.45355006634762113,0.5327649057021561,0.3583185647745076,-127.26915183665241,18.301964172377126,1,1
1107,0.6262648714968114,0.466992827578744,0.5466288495377777,0.3580927730732475,-127.65422419218059,18.69222317845659,1,1
1108,0.6230965631443408,0.46468314631391355,0.5438898547291272,0.3493230689957949,-126.35656511299264,18.0618957387971,1,1
1109,0.6233334554972871,0.4686390435261046,0.5459862495116958,0.33510913071627985,-127.00911789935024,18.090361000055502,1,1
1110,0.6053559436605526,0.4552074384127705,0.5302816910366616,0.3341255125365399,-126.86663659224116,18.348237536869213,1,1
1111,0.6088582458857366,0.4629548320877855,0.535906538986761,0.30409985355570285,-127.53924452360957,19.216260782172796,1,1
1112,0.6056179672430979,0.4570068761202426,0.5313124216816703,0.2962655037005149,-128.37879608823664,20.07711434352149,1,1
1113,0.6058348372321882,0.45533303450810486,0.5305839358701465,0.2678598783064196,-128.69883016089696,20.219662560018346,1,1
1114,0.5900450672302042,0.45889284070230013,0.5244689539662521,0.22925136773313043,-129.34123093421985,20.91521552403344,1,1
1115,0.5936891263508701,0.46685163588184714,0.5302703811163586,0.21818316566877477,-129.54346971813985,21.100116918193706,1,1
1116,0.5789489066391981,0.45571654651481364,0.5173327265770058,0.23958697227867617,-129.06283226612766,20.869067871677046,1,1
1117,0.5591633760941148,0.4324667014042567,0.49581503874918575,0.338253316681995,-130.0143350550136,20.996333654737416,1,1
1118,0.560173896169878,0.43545265142989664,0.4978132737998873,0.3215534836899604,-128.66857926644863,20.196772117768155,1,1
1119,0.561682803524524,0.44080023352253483,0.5012415185235295,0.36581801530048197,-127.88123782105484,19.635175028011616,1,1
1120,0.5517388567595145,0.43003946201634524,0.4908891593879299,0.4186664122972102,-127.59189238789175,19.23121288264669,1,1
1121,0.5532503889335671,0.4274283174300794,0.4903393531818233,0.423615289540019,-128.28247543694684,19.33997497777985,1,1
1122,0.5538442881224073,0.42619373324563387,0.49001901068402054,0.4447754255076581,-128.23070188401996,19.688853129090546,1,1
1123,0.5670149423258245,0.4315788443054608,0.49929689331564264,0.42354083031642986,-127.94036663252653,19.348883386816333,1,1
1124,0.5695779561368256,0.4412991910687108,0.5054385736027682,0.3620725974366341,-127.07301868383519,18.438469342784543,1,1
